ID_marked,original_source_citation,specific_or_general,data_derivation_method
N-1,"F.Henry, A., G.Elambo, N., J.H.M., T., E.N.Fabrice, O. & M.Blanche, M. Embodied Energy and CO2 Analyses of Mud-brick and Cement-block Houses. AIMS Energy 2, 18–40 (2014).",Specific,Architectural drawing
N-2,"F.Henry, A., G.Elambo, N., J.H.M., T., E.N.Fabrice, O. & M.Blanche, M. Embodied Energy and CO2 Analyses of Mud-brick and Cement-block Houses. AIMS Energy 2, 18–40 (2014).",Specific,Architectural drawing
N-3,"Ezema, I. C., Fagbenle, O. I. & Olotuah, A. O. Estimating embodied energy in residential buildings in a nigerian context. Int. J. Appl. Eng. Res. 10, 44140–44149 (2015).",Specific,Architectural drawing
N-4,"van Beers, D. & Graedel, T. E. The magnitude and spatial distribution of in-use copper stocks in Cape Town, South Africa. African J. Environ. Assess. Manag. 99, 61–69 (2003).",General,Assumed
N-5,"van Beers, D. & Graedel, T. E. The magnitude and spatial distribution of in-use copper stocks in Cape Town, South Africa. African J. Environ. Assess. Manag. 99, 61–69 (2003).",General,Assumed
N-6,"Cao, Z. et al. A Probabilistic Dynamic Material Flow Analysis Model for Chinese Urban Housing Stock. J. Ind. Ecol. 22, 377–391 (2018).",General,Construction bill of materials
N-7,"Han, J. & Xiang, W. N. Analysis of material stock accumulation in China’s infrastructure and its regional disparity. Sustain. Sci. 8, 553–564 (2013).",General,Report/Literature
N-8,"Han, J. & Xiang, W. N. Analysis of material stock accumulation in China’s infrastructure and its regional disparity. Sustain. Sci. 8, 553–564 (2013).",General,Report/Literature
N-9,"Han, J. & Xiang, W. N. Analysis of material stock accumulation in China’s infrastructure and its regional disparity. Sustain. Sci. 8, 553–564 (2013).",General,Report/Literature
N-10,"Han, J. & Xiang, W. N. Analysis of material stock accumulation in China’s infrastructure and its regional disparity. Sustain. Sci. 8, 553–564 (2013).",General,Report/Literature
N-11,"Hong, L. et al. Modeling China’s Building Floor-Area Growth and the Implications for Building Materials and Energy Demand. ACEEE Summer Study Energy Effic. Build. 146–157 (2014).",General,Report/Literature
N-12,"Hong, L. et al. Modeling China’s Building Floor-Area Growth and the Implications for Building Materials and Energy Demand. ACEEE Summer Study Energy Effic. Build. 146–157 (2014).",General,Report/Literature
N-13,"Hong, L. et al. Modeling China’s Building Floor-Area Growth and the Implications for Building Materials and Energy Demand. ACEEE Summer Study Energy Effic. Build. 146–157 (2014).",General,Report/Literature
N-14,"Fernández, J. E. Resource Consumption of New Urban Construction in China. J. Ind. Ecol. 11, 99–115 (2007).",General,Architectural drawing
N-15,"Fernández, J. E. Resource Consumption of New Urban Construction in China. J. Ind. Ecol. 11, 99–115 (2007).",General,Architectural drawing
N-16,"Fernández, J. E. Resource Consumption of New Urban Construction in China. J. Ind. Ecol. 11, 99–115 (2007).",General,Architectural drawing
N-17,"Hu, M. et al. Iron and steel in Chinese residential buildings: A dynamic analysis. Resour. Conserv. Recycl. 54, 591–600 (2010).",General,Report/Literature
N-18,"Hu, M. et al. Iron and steel in Chinese residential buildings: A dynamic analysis. Resour. Conserv. Recycl. 54, 591–600 (2010).",General,Report/Literature
N-19,"Hu, D. et al. Input, stocks and output flows of urban residential building system in Beijing city, China from 1949 to 2008. Resour. Conserv. Recycl. 54, 1177–1188 (2010).",General,Architectural drawing
N-20,"Hu, D. et al. Input, stocks and output flows of urban residential building system in Beijing city, China from 1949 to 2008. Resour. Conserv. Recycl. 54, 1177–1188 (2010).",General,Architectural drawing
N-21,"Huang, T., Shi, F., Tanikawa, H., Fei, J. & Han, J. Materials demand and environmental impact of buildings construction and demolition in China based on dynamic material flow analysis. Resour. Conserv. Recycl. 72, 91–101 (2013).",General,Construction bill of materials
N-22,"Huang, T., Shi, F., Tanikawa, H., Fei, J. & Han, J. Materials demand and environmental impact of buildings construction and demolition in China based on dynamic material flow analysis. Resour. Conserv. Recycl. 72, 91–101 (2013).",General,Construction bill of materials
N-23,"Huang, T., Shi, F., Tanikawa, H., Fei, J. & Han, J. Materials demand and environmental impact of buildings construction and demolition in China based on dynamic material flow analysis. Resour. Conserv. Recycl. 72, 91–101 (2013).",General,Construction bill of materials
N-24,"Huang, T., Shi, F., Tanikawa, H., Fei, J. & Han, J. Materials demand and environmental impact of buildings construction and demolition in China based on dynamic material flow analysis. Resour. Conserv. Recycl. 72, 91–101 (2013).",General,Construction bill of materials
N-25,"Huang, T., Shi, F., Tanikawa, H., Fei, J. & Han, J. Materials demand and environmental impact of buildings construction and demolition in China based on dynamic material flow analysis. Resour. Conserv. Recycl. 72, 91–101 (2013).",General,Construction bill of materials
N-26,"Huang, T., Shi, F., Tanikawa, H., Fei, J. & Han, J. Materials demand and environmental impact of buildings construction and demolition in China based on dynamic material flow analysis. Resour. Conserv. Recycl. 72, 91–101 (2013).",General,Construction bill of materials
N-27,"Huang, T., Shi, F., Tanikawa, H., Fei, J. & Han, J. Materials demand and environmental impact of buildings construction and demolition in China based on dynamic material flow analysis. Resour. Conserv. Recycl. 72, 91–101 (2013).",General,Construction bill of materials
N-28,"Huang, T., Shi, F., Tanikawa, H., Fei, J. & Han, J. Materials demand and environmental impact of buildings construction and demolition in China based on dynamic material flow analysis. Resour. Conserv. Recycl. 72, 91–101 (2013).",General,Construction bill of materials
N-29,"Huang, T., Shi, F., Tanikawa, H., Fei, J. & Han, J. Materials demand and environmental impact of buildings construction and demolition in China based on dynamic material flow analysis. Resour. Conserv. Recycl. 72, 91–101 (2013).",General,Construction bill of materials
N-30,"Huang, T., Shi, F., Tanikawa, H., Fei, J. & Han, J. Materials demand and environmental impact of buildings construction and demolition in China based on dynamic material flow analysis. Resour. Conserv. Recycl. 72, 91–101 (2013).",General,Construction bill of materials
N-31,"Huang, T., Shi, F., Tanikawa, H., Fei, J. & Han, J. Materials demand and environmental impact of buildings construction and demolition in China based on dynamic material flow analysis. Resour. Conserv. Recycl. 72, 91–101 (2013).",General,Construction bill of materials
N-32,"Huang, T., Shi, F., Tanikawa, H., Fei, J. & Han, J. Materials demand and environmental impact of buildings construction and demolition in China based on dynamic material flow analysis. Resour. Conserv. Recycl. 72, 91–101 (2013).",General,Construction bill of materials
N-33,"Huang, T., Shi, F., Tanikawa, H., Fei, J. & Han, J. Materials demand and environmental impact of buildings construction and demolition in China based on dynamic material flow analysis. Resour. Conserv. Recycl. 72, 91–101 (2013).",General,Field Survey
N-34,"Huang, T., Shi, F., Tanikawa, H., Fei, J. & Han, J. Materials demand and environmental impact of buildings construction and demolition in China based on dynamic material flow analysis. Resour. Conserv. Recycl. 72, 91–101 (2013).",General,Field Survey
N-35,"Huang, T., Shi, F., Tanikawa, H., Fei, J. & Han, J. Materials demand and environmental impact of buildings construction and demolition in China based on dynamic material flow analysis. Resour. Conserv. Recycl. 72, 91–101 (2013).",General,Assumed
N-36,"Huang, T., Shi, F., Tanikawa, H., Fei, J. & Han, J. Materials demand and environmental impact of buildings construction and demolition in China based on dynamic material flow analysis. Resour. Conserv. Recycl. 72, 91–101 (2013).",General,Assumed
N-37,"Hu, M., van der Voet, E. & Huppes, G. Dynamic Material Flow Analysis for Strategic Construction and Demolition Waste Management in Beijing. J. Ind. Ecol. 14, 440–456 (2010).",General,Report/Literature
N-38,"Hu, M., van der Voet, E. & Huppes, G. Dynamic Material Flow Analysis for Strategic Construction and Demolition Waste Management in Beijing. J. Ind. Ecol. 14, 440–456 (2010).",General,Report/Literature
N-39,"Wang, T., Tian, X., Hashimoto, S. & Tanikawa, H. Concrete transformation of buildings in China and implications for the steel cycle. Resour. Conserv. Recycl. 103, 205–215 (2015).",General,Field Survey
N-40,"Wang, T., Tian, X., Hashimoto, S. & Tanikawa, H. Concrete transformation of buildings in China and implications for the steel cycle. Resour. Conserv. Recycl. 103, 205–215 (2015).",General,Field Survey
N-41,"Wang, T., Tian, X., Hashimoto, S. & Tanikawa, H. Concrete transformation of buildings in China and implications for the steel cycle. Resour. Conserv. Recycl. 103, 205–215 (2015).",General,Field Survey
N-42,"Wang, T., Tian, X., Hashimoto, S. & Tanikawa, H. Concrete transformation of buildings in China and implications for the steel cycle. Resour. Conserv. Recycl. 103, 205–215 (2015).",General,Expert consultation
N-43,"Wang, T., Tian, X., Hashimoto, S. & Tanikawa, H. Concrete transformation of buildings in China and implications for the steel cycle. Resour. Conserv. Recycl. 103, 205–215 (2015).",General,Expert consultation
N-44,"Wang, T., Tian, X., Hashimoto, S. & Tanikawa, H. Concrete transformation of buildings in China and implications for the steel cycle. Resour. Conserv. Recycl. 103, 205–215 (2015).",General,Expert consultation
N-45,"Wang, T., Tian, X., Hashimoto, S. & Tanikawa, H. Concrete transformation of buildings in China and implications for the steel cycle. Resour. Conserv. Recycl. 103, 205–215 (2015).",General,Expert consultation
N-46,"Wang, T., Tian, X., Hashimoto, S. & Tanikawa, H. Concrete transformation of buildings in China and implications for the steel cycle. Resour. Conserv. Recycl. 103, 205–215 (2015).",General,Expert consultation
N-47,"Mastrucci, A. & Rao, N. D. Decent housing in the developing world: Reducing life-cycle energy requirements. Energy Build. 152, 629–642 (2017).",General,Architectural drawing
N-48,"Mastrucci, A. & Rao, N. D. Decent housing in the developing world: Reducing life-cycle energy requirements. Energy Build. 152, 629–642 (2017).",General,Architectural drawing
N-49,"Mastrucci, A. & Rao, N. D. Decent housing in the developing world: Reducing life-cycle energy requirements. Energy Build. 152, 629–642 (2017).",General,Architectural drawing
N-50,"Tanikawa, H., Fishman, T., Okuoka, K. & Sugimoto, K. The weight of society over time and space: A comprehensive account of the construction material stock of Japan, 1945-2010. J. Ind. Ecol. 19, 778–791 (2015).",General,Report/Literature
N-51,"Tanikawa, H. & Hashimoto, S. Urban stock over time: spatial material stock analysis using 4d-GIS. Build. Res. Inf. 37, 483–502 (2009).",General,Report/Literature
N-52,"Tanikawa, H. & Hashimoto, S. Urban stock over time: spatial material stock analysis using 4d-GIS. Build. Res. Inf. 37, 483–502 (2009).",General,Report/Literature
N-53,"Tanikawa, H. & Hashimoto, S. Urban stock over time: spatial material stock analysis using 4d-GIS. Build. Res. Inf. 37, 483–502 (2009).",General,Report/Literature
N-54,"Tanikawa, H. & Hashimoto, S. Urban stock over time: spatial material stock analysis using 4d-GIS. Build. Res. Inf. 37, 483–502 (2009).",General,Report/Literature
N-55,"Tanikawa, H. & Hashimoto, S. Urban stock over time: spatial material stock analysis using 4d-GIS. Build. Res. Inf. 37, 483–502 (2009).",General,Report/Literature
N-56,"Tanikawa, H. & Hashimoto, S. Urban stock over time: spatial material stock analysis using 4d-GIS. Build. Res. Inf. 37, 483–502 (2009).",General,Report/Literature
N-57,"Tanikawa, H. & Hashimoto, S. Urban stock over time: spatial material stock analysis using 4d-GIS. Build. Res. Inf. 37, 483–502 (2009).",General,Report/Literature
N-58,"Tanikawa, H. & Hashimoto, S. Urban stock over time: spatial material stock analysis using 4d-GIS. Build. Res. Inf. 37, 483–502 (2009).",General,Report/Literature
N-59,"Tanikawa, H. & Hashimoto, S. Urban stock over time: spatial material stock analysis using 4d-GIS. Build. Res. Inf. 37, 483–502 (2009).",General,Report/Literature
N-60,"Tanikawa, H. & Hashimoto, S. Urban stock over time: spatial material stock analysis using 4d-GIS. Build. Res. Inf. 37, 483–502 (2009).",General,Report/Literature
N-61,"Tanikawa, H. & Hashimoto, S. Urban stock over time: spatial material stock analysis using 4d-GIS. Build. Res. Inf. 37, 483–502 (2009).",General,Report/Literature
N-62,"Tanikawa, H. & Hashimoto, S. Urban stock over time: spatial material stock analysis using 4d-GIS. Build. Res. Inf. 37, 483–502 (2009).",General,Report/Literature
N-63,"Tanikawa, H. & Hashimoto, S. Urban stock over time: spatial material stock analysis using 4d-GIS. Build. Res. Inf. 37, 483–502 (2009).",General,Report/Literature
N-64,"Tanikawa, H. & Hashimoto, S. Urban stock over time: spatial material stock analysis using 4d-GIS. Build. Res. Inf. 37, 483–502 (2009).",General,Report/Literature
N-65,"Tanikawa, H. & Hashimoto, S. Urban stock over time: spatial material stock analysis using 4d-GIS. Build. Res. Inf. 37, 483–502 (2009).",General,Report/Literature
N-66,"Tanikawa, H. & Hashimoto, S. Urban stock over time: spatial material stock analysis using 4d-GIS. Build. Res. Inf. 37, 483–502 (2009).",General,Report/Literature
N-67,"Tanikawa, H. & Hashimoto, S. Urban stock over time: spatial material stock analysis using 4d-GIS. Build. Res. Inf. 37, 483–502 (2009).",General,Report/Literature
N-68,"Tanikawa, H. & Hashimoto, S. Urban stock over time: spatial material stock analysis using 4d-GIS. Build. Res. Inf. 37, 483–502 (2009).",General,Report/Literature
N-69,"Tanikawa, H. & Hashimoto, S. Urban stock over time: spatial material stock analysis using 4d-GIS. Build. Res. Inf. 37, 483–502 (2009).",General,Report/Literature
N-70,"Tanikawa, H., Managi, S. & Lwin, C. M. Estimates of Lost Material Stock of Buildings and Roads Due to the Great East Japan Earthquake and Tsunami. J. Ind. Ecol. 18, 421–431 (2014).",General,Report/Literature
N-71,"Tanikawa, H., Managi, S. & Lwin, C. M. Estimates of Lost Material Stock of Buildings and Roads Due to the Great East Japan Earthquake and Tsunami. J. Ind. Ecol. 18, 421–431 (2014).",General,Report/Literature
N-72,"Tanikawa, H., Managi, S. & Lwin, C. M. Estimates of Lost Material Stock of Buildings and Roads Due to the Great East Japan Earthquake and Tsunami. J. Ind. Ecol. 18, 421–431 (2014).",General,Report/Literature
N-73,"Tanikawa, H., Managi, S. & Lwin, C. M. Estimates of Lost Material Stock of Buildings and Roads Due to the Great East Japan Earthquake and Tsunami. J. Ind. Ecol. 18, 421–431 (2014).",General,Report/Literature
N-74,"Tanikawa, H., Managi, S. & Lwin, C. M. Estimates of Lost Material Stock of Buildings and Roads Due to the Great East Japan Earthquake and Tsunami. J. Ind. Ecol. 18, 421–431 (2014).",General,Report/Literature
N-75,"Song, Q. et al. Characterizing the essential materials and energy performance of city buildings: A case study of Macau. J. Clean. Prod. 194, 263–276 (2018).",General,Statistics
N-76,"Cheng, K.-L., Hsu, S.-C., Li, W.-M. & Ma, H.-W. Quantifying potential anthropogenic resources of buildings through hot spot analysis. Resour. Conserv. Recycl. 133, 10–20 (2018).",General,Report/Literature
N-77,"Cheng, K.-L., Hsu, S.-C., Li, W.-M. & Ma, H.-W. Quantifying potential anthropogenic resources of buildings through hot spot analysis. Resour. Conserv. Recycl. 133, 10–20 (2018).",General,Report/Literature
N-78,"Cheng, K.-L., Hsu, S.-C., Li, W.-M. & Ma, H.-W. Quantifying potential anthropogenic resources of buildings through hot spot analysis. Resour. Conserv. Recycl. 133, 10–20 (2018).",General,Report/Literature
N-79,"Cheng, K.-L., Hsu, S.-C., Li, W.-M. & Ma, H.-W. Quantifying potential anthropogenic resources of buildings through hot spot analysis. Resour. Conserv. Recycl. 133, 10–20 (2018).",General,Report/Literature
N-80,"Cheng, K.-L., Hsu, S.-C., Li, W.-M. & Ma, H.-W. Quantifying potential anthropogenic resources of buildings through hot spot analysis. Resour. Conserv. Recycl. 133, 10–20 (2018).",General,Report/Literature
N-81,"Cheng, K.-L., Hsu, S.-C., Li, W.-M. & Ma, H.-W. Quantifying potential anthropogenic resources of buildings through hot spot analysis. Resour. Conserv. Recycl. 133, 10–20 (2018).",General,Report/Literature
N-82,"Cheng, K.-L., Hsu, S.-C., Li, W.-M. & Ma, H.-W. Quantifying potential anthropogenic resources of buildings through hot spot analysis. Resour. Conserv. Recycl. 133, 10–20 (2018).",General,Report/Literature
N-83,"Cheng, K.-L., Hsu, S.-C., Li, W.-M. & Ma, H.-W. Quantifying potential anthropogenic resources of buildings through hot spot analysis. Resour. Conserv. Recycl. 133, 10–20 (2018).",General,Report/Literature
N-84,"Cheng, K.-L., Hsu, S.-C., Li, W.-M. & Ma, H.-W. Quantifying potential anthropogenic resources of buildings through hot spot analysis. Resour. Conserv. Recycl. 133, 10–20 (2018).",General,Report/Literature
N-85,"Cheng, K.-L., Hsu, S.-C., Li, W.-M. & Ma, H.-W. Quantifying potential anthropogenic resources of buildings through hot spot analysis. Resour. Conserv. Recycl. 133, 10–20 (2018).",General,Report/Literature
N-86,"Surahman, U., Kubota, T. & Higashi, O. Life Cycle Assessment of Energy and CO2 Emissions for Residential Buildings in Jakarta and Bandung, Indonesia. Buildings 5, 1131–1155 (2015).",General,Architectural design codes
N-87,"Surahman, U., Kubota, T. & Higashi, O. Life Cycle Assessment of Energy and CO2 Emissions for Residential Buildings in Jakarta and Bandung, Indonesia. Buildings 5, 1131–1155 (2015).",General,Architectural design codes
N-88,"Surahman, U., Kubota, T. & Higashi, O. Life Cycle Assessment of Energy and CO2 Emissions for Residential Buildings in Jakarta and Bandung, Indonesia. Buildings 5, 1131–1155 (2015).",General,Architectural design codes
N-89,"Surahman, U., Kubota, T. & Higashi, O. Life Cycle Assessment of Energy and CO2 Emissions for Residential Buildings in Jakarta and Bandung, Indonesia. Buildings 5, 1131–1155 (2015).",General,Architectural design codes
N-90,"Surahman, U., Kubota, T. & Higashi, O. Life Cycle Assessment of Energy and CO2 Emissions for Residential Buildings in Jakarta and Bandung, Indonesia. Buildings 5, 1131–1155 (2015).",General,Architectural design codes
N-91,"Surahman, U., Kubota, T. & Higashi, O. Life Cycle Assessment of Energy and CO2 Emissions for Residential Buildings in Jakarta and Bandung, Indonesia. Buildings 5, 1131–1155 (2015).",General,Architectural design codes
N-92,"Surahman, U., Kubota, T. & Higashi, O. Life Cycle Assessment of Energy and CO2 Emissions for Residential Buildings in Jakarta and Bandung, Indonesia. Buildings 5, 1131–1155 (2015).",General,Architectural design codes
N-93,"Surahman, U., Kubota, T. & Higashi, O. Life Cycle Assessment of Energy and CO2 Emissions for Residential Buildings in Jakarta and Bandung, Indonesia. Buildings 5, 1131–1155 (2015).",General,Architectural design codes
N-94,"Kofoworola, O. F. & Gheewala, S. H. Life cycle energy assessment of a typical office building in Thailand. Energy Build. 41, 1076–1083 (2009).",Specific,Field survey
N-95,"Stephan, A. & Stephan, L. Reducing the total life cycle energy demand of recent residential buildings in Lebanon. Energy 74, 618–637 (2014).",Specific,Construction bill of materials
N-96,"Asif, M. et al. Life Cycle Assessment of a Three-Bedroom House in Saudi Arabia. Environments 4, 52 (2017).",Specific,Construction bill of materials
N-97,"El Hanandeh, A. Environmental assessment of popular single-family house construction alternatives in Jordan. Build. Environ. 92, 192–199 (2015).",Specific,Architectural drawing
N-98,"El Hanandeh, A. Environmental assessment of popular single-family house construction alternatives in Jordan. Build. Environ. 92, 192–199 (2015).",Specific,Architectural drawing
N-99,"L., P. D. & Palaniappan, S. A case study on life cycle energy use of residential building in Southern India. Energy Build. 80, 247–259 (2014).",Specific,Architectural drawing
N-100,"Sharma, A. & Marwaha, B. M. A methodology for energy performance classification of residential building stock of Hamirpur. HBRC J. 13, 337–352 (2017).",Specific,Architectural drawing
N-101,"Ramesh, T., Prakash, R. & Shukla, K. K. Life cycle energy analysis of a residential building with different envelopes and climates in Indian context. Appl. Energy 89, 193–202 (2012).",General,Report/Literature
N-102,"Shukla, A., Tiwari, G. N. & Sodha, M. S. Embodied energy analysis of adobe house. Renew. Energy 34, 755–761 (2009).",Specific,Architectural drawing
N-103,"Bansal, D., Singh, R. & Sawhney, R. L. Effect of construction materials on embodied energy and cost of buildings—A case study of residential houses in India up to 60m2 of plinth area. Energy Build. 69, 260–266 (2014).",General,Architectural drawing
N-104,"Lee, N., Tae, S., Gong, Y. & Roh, S. Integrated building life-cycle assessment model to support South Korea’s green building certification system (G-SEED). Renew. Sustain. Energy Rev. 76, 43–50 (2017).",General,Report/Literature
N-105,"Jeong, Y.-S., Lee, S.-E. & Huh, J.-H. Estimation of CO2 emission of apartment buildings due to major construction materials in the Republic of Korea. Energy Build. 49, 437–442 (2012).",Specific,Construction bill of materials/Architectural drawing
N-106,"Jeong, Y.-S., Lee, S.-E. & Huh, J.-H. Estimation of CO2 emission of apartment buildings due to major construction materials in the Republic of Korea. Energy Build. 49, 437–442 (2012).",Specific,Construction bill of materials/Architectural drawing
N-107,"Jeong, Y.-S., Lee, S.-E. & Huh, J.-H. Estimation of CO2 emission of apartment buildings due to major construction materials in the Republic of Korea. Energy Build. 49, 437–442 (2012).",Specific,Construction bill of materials/Architectural drawing
N-108,"Jeong, Y.-S., Lee, S.-E. & Huh, J.-H. Estimation of CO2 emission of apartment buildings due to major construction materials in the Republic of Korea. Energy Build. 49, 437–442 (2012).",Specific,Construction bill of materials/Architectural drawing
N-109,"Jeong, Y.-S., Lee, S.-E. & Huh, J.-H. Estimation of CO2 emission of apartment buildings due to major construction materials in the Republic of Korea. Energy Build. 49, 437–442 (2012).",Specific,Construction bill of materials/Architectural drawing
N-110,"Jeong, Y.-S., Lee, S.-E. & Huh, J.-H. Estimation of CO2 emission of apartment buildings due to major construction materials in the Republic of Korea. Energy Build. 49, 437–442 (2012).",Specific,Construction bill of materials/Architectural drawing
N-111,"Lee, S., Tae, S., Roh, S. & Kim, T. Green Template for Life Cycle Assessment of Buildings Based on Building Information Modeling: Focus on Embodied Environmental Impact. Sustainability 7, 16498–16512 (2015).",General,Construction bill of materials/Architectural drawing
N-112,"Jia Wen, T., Chin Siong, H. & Noor, Z. Z. Assessment of embodied energy and global warming potential of building construction using life cycle analysis approach: Case studies of residential buildings in Iskandar Malaysia. Energy Build. 93, 295–302 (2015).",Specific,Construction bill of materials/Architectural drawing
N-113,"Jia Wen, T., Chin Siong, H. & Noor, Z. Z. Assessment of embodied energy and global warming potential of building construction using life cycle analysis approach: Case studies of residential buildings in Iskandar Malaysia. Energy Build. 93, 295–302 (2015).",Specific,Construction bill of materials/Architectural drawing
N-114,"Abd Rashid, A., Idris, J. & Yusoff, S. Environmental Impact Analysis on Residential Building in Malaysia Using Life Cycle Assessment. Sustainability 9, 329 (2017).",Specific,Construction bill of materials/Architectural drawing
N-115,"Pajchrowski, G., Noskowiak, A., Lewandowska, A. & Strykowski, W. Wood as a building material in the light of environmental assessment of full life cycle of four buildings. Constr. Build. Mater. 52, 428–436 (2014).",General,Report/Literature
N-116,"Arceo, A., MacLean, H. L. & Saxe, S. Material intensity in single-family dwellings: Variability between locations, functional unit and drivers of material use in Toronto, Perth, and Luzon. Resour. Conserv. Recycl. 188, 106683 (2023).",Specific,Construction bill of materials/Architectural drawing
N-117,"Arceo, A., MacLean, H. L. & Saxe, S. Material intensity in single-family dwellings: Variability between locations, functional unit and drivers of material use in Toronto, Perth, and Luzon. Resour. Conserv. Recycl. 188, 106683 (2023).",Specific,Construction bill of materials/Architectural drawing
N-118,"Arceo, A., MacLean, H. L. & Saxe, S. Material intensity in single-family dwellings: Variability between locations, functional unit and drivers of material use in Toronto, Perth, and Luzon. Resour. Conserv. Recycl. 188, 106683 (2023).",Specific,Construction bill of materials/Architectural drawing
N-119,"Arceo, A., MacLean, H. L. & Saxe, S. Material intensity in single-family dwellings: Variability between locations, functional unit and drivers of material use in Toronto, Perth, and Luzon. Resour. Conserv. Recycl. 188, 106683 (2023).",Specific,Construction bill of materials/Architectural drawing
N-120,"Arceo, A., MacLean, H. L. & Saxe, S. Material intensity in single-family dwellings: Variability between locations, functional unit and drivers of material use in Toronto, Perth, and Luzon. Resour. Conserv. Recycl. 188, 106683 (2023).",Specific,Construction bill of materials/Architectural drawing
N-121,"Arceo, A., MacLean, H. L. & Saxe, S. Material intensity in single-family dwellings: Variability between locations, functional unit and drivers of material use in Toronto, Perth, and Luzon. Resour. Conserv. Recycl. 188, 106683 (2023).",Specific,Construction bill of materials/Architectural drawing
N-122,"Arceo, A., MacLean, H. L. & Saxe, S. Material intensity in single-family dwellings: Variability between locations, functional unit and drivers of material use in Toronto, Perth, and Luzon. Resour. Conserv. Recycl. 188, 106683 (2023).",Specific,Construction bill of materials/Architectural drawing
N-123,"Arceo, A., MacLean, H. L. & Saxe, S. Material intensity in single-family dwellings: Variability between locations, functional unit and drivers of material use in Toronto, Perth, and Luzon. Resour. Conserv. Recycl. 188, 106683 (2023).",Specific,Construction bill of materials/Architectural drawing
N-124,"Arceo, A., MacLean, H. L. & Saxe, S. Material intensity in single-family dwellings: Variability between locations, functional unit and drivers of material use in Toronto, Perth, and Luzon. Resour. Conserv. Recycl. 188, 106683 (2023).",Specific,Construction bill of materials/Architectural drawing
N-125,"Arceo, A., MacLean, H. L. & Saxe, S. Material intensity in single-family dwellings: Variability between locations, functional unit and drivers of material use in Toronto, Perth, and Luzon. Resour. Conserv. Recycl. 188, 106683 (2023).",Specific,Construction bill of materials/Architectural drawing
N-126,"Arceo, A., MacLean, H. L. & Saxe, S. Material intensity in single-family dwellings: Variability between locations, functional unit and drivers of material use in Toronto, Perth, and Luzon. Resour. Conserv. Recycl. 188, 106683 (2023).",Specific,Construction bill of materials/Architectural drawing
N-127,"Arceo, A., MacLean, H. L. & Saxe, S. Material intensity in single-family dwellings: Variability between locations, functional unit and drivers of material use in Toronto, Perth, and Luzon. Resour. Conserv. Recycl. 188, 106683 (2023).",Specific,Construction bill of materials/Architectural drawing
N-128,"Arceo, A., MacLean, H. L. & Saxe, S. Material intensity in single-family dwellings: Variability between locations, functional unit and drivers of material use in Toronto, Perth, and Luzon. Resour. Conserv. Recycl. 188, 106683 (2023).",Specific,Construction bill of materials/Architectural drawing
N-129,"Arceo, A., MacLean, H. L. & Saxe, S. Material intensity in single-family dwellings: Variability between locations, functional unit and drivers of material use in Toronto, Perth, and Luzon. Resour. Conserv. Recycl. 188, 106683 (2023).",Specific,Construction bill of materials/Architectural drawing
N-130,"Arceo, A., MacLean, H. L. & Saxe, S. Material intensity in single-family dwellings: Variability between locations, functional unit and drivers of material use in Toronto, Perth, and Luzon. Resour. Conserv. Recycl. 188, 106683 (2023).",Specific,Construction bill of materials/Architectural drawing
N-131,"Arceo, A., MacLean, H. L. & Saxe, S. Material intensity in single-family dwellings: Variability between locations, functional unit and drivers of material use in Toronto, Perth, and Luzon. Resour. Conserv. Recycl. 188, 106683 (2023).",Specific,Construction bill of materials/Architectural drawing
N-132,"Arceo, A., MacLean, H. L. & Saxe, S. Material intensity in single-family dwellings: Variability between locations, functional unit and drivers of material use in Toronto, Perth, and Luzon. Resour. Conserv. Recycl. 188, 106683 (2023).",Specific,Construction bill of materials/Architectural drawing
N-133,"Arceo, A., MacLean, H. L. & Saxe, S. Material intensity in single-family dwellings: Variability between locations, functional unit and drivers of material use in Toronto, Perth, and Luzon. Resour. Conserv. Recycl. 188, 106683 (2023).",Specific,Construction bill of materials/Architectural drawing
N-134,"Arceo, A., MacLean, H. L. & Saxe, S. Material intensity in single-family dwellings: Variability between locations, functional unit and drivers of material use in Toronto, Perth, and Luzon. Resour. Conserv. Recycl. 188, 106683 (2023).",Specific,Construction bill of materials/Architectural drawing
N-135,"Arceo, A., MacLean, H. L. & Saxe, S. Material intensity in single-family dwellings: Variability between locations, functional unit and drivers of material use in Toronto, Perth, and Luzon. Resour. Conserv. Recycl. 188, 106683 (2023).",Specific,Construction bill of materials/Architectural drawing
N-136,"Deetman, S. et al. Modelling global material stocks and flows for residential and service sector buildings towards 2050. J. Clean. Prod. 245, 118658 (2020).",General,Report/Literature
N-137,"Deetman, S. et al. Modelling global material stocks and flows for residential and service sector buildings towards 2050. J. Clean. Prod. 245, 118658 (2020).",General,Report/Literature
N-138,"Deetman, S. et al. Modelling global material stocks and flows for residential and service sector buildings towards 2050. J. Clean. Prod. 245, 118658 (2020).",General,Report/Literature
N-139,"A construction company in Weifang, Shandong, 2018",Specific,Construction bill of materials
N-140,"A construction company in Weifang, Shandong, 2018",Specific,Construction bill of materials
N-141,"A construction company in Weifang, Shandong, 2018",Specific,Construction bill of materials
N-142,"A construction company in Weifang, Shandong, 2018",Specific,Construction bill of materials
N-143,Face-to-face interview,Specific,Field survey
N-144,Face-to-face interview,Specific,Field survey
N-145,Face-to-face interview,Specific,Field survey
N-146,Face-to-face interview,Specific,Field survey
N-147,Face-to-face interview,Specific,Field survey
N-148,Face-to-face interview,Specific,Field survey
N-149,Face-to-face interview,Specific,Field survey
N-150,Face-to-face interview,Specific,Field survey
N-151,Face-to-face interview,Specific,Field survey
N-152,Face-to-face interview,Specific,Field survey
N-153,Face-to-face interview,Specific,Field survey
N-154,Face-to-face interview,Specific,Field survey
N-155,Face-to-face interview,Specific,Field survey
N-156,Face-to-face interview,Specific,Field survey
N-157,Face-to-face interview,Specific,Field survey
N-158,Face-to-face interview,Specific,Field survey
N-159,Face-to-face interview,Specific,Field survey
N-160,Face-to-face interview,Specific,Field survey
N-161,Face-to-face interview,Specific,Field survey
N-162,Face-to-face interview,Specific,Field survey
N-163,Face-to-face interview,Specific,Field survey
N-164,Face-to-face interview,Specific,Field survey
N-165,Face-to-face interview,Specific,Field survey
N-166,Face-to-face interview,Specific,Field survey
N-167,Face-to-face interview,Specific,Field survey
N-168,Face-to-face interview,Specific,Field survey
N-169,Face-to-face interview,Specific,Field survey
N-170,Face-to-face interview,Specific,Field survey
N-171,Face-to-face interview,Specific,Field survey
N-172,Face-to-face interview,Specific,Field survey
N-173,Face-to-face interview,Specific,Field survey
N-174,Face-to-face interview,Specific,Field survey
N-175,Face-to-face interview,Specific,Field survey
N-176,Face-to-face interview,Specific,Field survey
N-177,Face-to-face interview,Specific,Field survey
N-178,Face-to-face interview,Specific,Field survey
N-179,Face-to-face interview,Specific,Field survey
N-180,Face-to-face interview,Specific,Field survey
N-181,Face-to-face interview,Specific,Field survey
N-182,Face-to-face interview,Specific,Field survey
N-183,Face-to-face interview,Specific,Field survey
N-184,Face-to-face interview,Specific,Field survey
N-185,Face-to-face interview,Specific,Field survey
N-186,Face-to-face interview,Specific,Field survey
N-187,Face-to-face interview,Specific,Field survey
N-188,Face-to-face interview,Specific,Field survey
N-189,Face-to-face interview,Specific,Field survey
N-190,Face-to-face interview,Specific,Field survey
N-191,Face-to-face interview,Specific,Field survey
N-192,Face-to-face interview,Specific,Field survey
N-193,Face-to-face interview,Specific,Field survey
N-194,Face-to-face interview,Specific,Field survey
N-195,Face-to-face interview,Specific,Field survey
N-196,Face-to-face interview,Specific,Field survey
N-197,Face-to-face interview,Specific,Field survey
N-198,Face-to-face interview,Specific,Field survey
N-199,Face-to-face interview,Specific,Field survey
N-200,Face-to-face interview,Specific,Field survey
N-201,Face-to-face interview,Specific,Field survey
N-202,Face-to-face interview,Specific,Field survey
N-203,Face-to-face interview,Specific,Field survey
N-204,Face-to-face interview,Specific,Field survey
N-205,Face-to-face interview,Specific,Field survey
N-206,Face-to-face interview,Specific,Field survey
N-207,Face-to-face interview,Specific,Field survey
N-208,Face-to-face interview,Specific,Field survey
N-209,Face-to-face interview,Specific,Field survey
N-210,Face-to-face interview,Specific,Field survey
N-211,Face-to-face interview,Specific,Field survey
N-212,Face-to-face interview,Specific,Field survey
N-213,Face-to-face interview,Specific,Field survey
N-214,Face-to-face interview,Specific,Field survey
N-215,Face-to-face interview,Specific,Field survey
N-216,Face-to-face interview,Specific,Field survey
N-217,Face-to-face interview,Specific,Field survey
N-218,Face-to-face interview,Specific,Field survey
N-219,Face-to-face interview,Specific,Field survey
N-220,Face-to-face interview,Specific,Field survey
N-221,Face-to-face interview,Specific,Field survey
N-222,Face-to-face interview,Specific,Field survey
N-223,Face-to-face interview,Specific,Field survey
N-224,Face-to-face interview,Specific,Field survey
N-225,Face-to-face interview,Specific,Field survey
N-226,Face-to-face interview,Specific,Field survey
N-227,Face-to-face interview,Specific,Field survey
N-228,Face-to-face interview,Specific,Field survey
N-229,Face-to-face interview,Specific,Field survey
N-230,Face-to-face interview,Specific,Field survey
N-231,Face-to-face interview,Specific,Field survey
N-232,Face-to-face interview,Specific,Field survey
N-233,Face-to-face interview,Specific,Field survey
N-234,Face-to-face interview,Specific,Field survey
N-235,Face-to-face interview,Specific,Field survey
N-236,Face-to-face interview,Specific,Field survey
N-237,Face-to-face interview,Specific,Field survey
N-238,Face-to-face interview,Specific,Field survey
N-239,Face-to-face interview,Specific,Field survey
N-240,Face-to-face interview,Specific,Field survey
N-241,Face-to-face interview,Specific,Field survey
N-242,Face-to-face interview,Specific,Field survey
N-243,Face-to-face interview,Specific,Field survey
N-244,Face-to-face interview,Specific,Field survey
N-245,Face-to-face interview,Specific,Field survey
N-246,Face-to-face interview,Specific,Field survey
N-247,Face-to-face interview,Specific,Field survey
N-248,Face-to-face interview,Specific,Field survey
N-249,Face-to-face interview,Specific,Field survey
N-250,Face-to-face interview,Specific,Field survey
N-251,Face-to-face interview,Specific,Field survey
N-252,Face-to-face interview,Specific,Field survey
N-253,Face-to-face interview,Specific,Field survey
N-254,Face-to-face interview,Specific,Field survey
N-255,Face-to-face interview,Specific,Field survey
N-256,Face-to-face interview,Specific,Field survey
N-257,Face-to-face interview,Specific,Field survey
N-258,Face-to-face interview,Specific,Field survey
N-259,Face-to-face interview,Specific,Field survey
N-260,Face-to-face interview,Specific,Field survey
N-261,Face-to-face interview,Specific,Field survey
N-262,Face-to-face interview,Specific,Field survey
N-263,Face-to-face interview,Specific,Field survey
N-264,Face-to-face interview,Specific,Field survey
N-265,Face-to-face interview,Specific,Field survey
N-266,Face-to-face interview,Specific,Field survey
N-267,Face-to-face interview,Specific,Field survey
N-268,Face-to-face interview,Specific,Field survey
N-269,Face-to-face interview,Specific,Field survey
N-270,Face-to-face interview,Specific,Field survey
N-271,Face-to-face interview,Specific,Field survey
N-272,Face-to-face interview,Specific,Field survey
N-273,Face-to-face interview,Specific,Field survey
N-274,Face-to-face interview,Specific,Field survey
N-275,Face-to-face interview,Specific,Field survey
N-276,Face-to-face interview,Specific,Field survey
N-277,Face-to-face interview,Specific,Field survey
N-278,Face-to-face interview,Specific,Field survey
N-279,Face-to-face interview,Specific,Field survey
N-280,Face-to-face interview,Specific,Field survey
N-281,Face-to-face interview,Specific,Field survey
N-282,Face-to-face interview,Specific,Field survey
N-283,Face-to-face interview,Specific,Field survey
N-284,Face-to-face interview,Specific,Field survey
N-285,Face-to-face interview,Specific,Field survey
N-286,Face-to-face interview,Specific,Field survey
N-287,Face-to-face interview,Specific,Field survey
N-288,Face-to-face interview,Specific,Field survey
N-289,Face-to-face interview,Specific,Field survey
N-290,Face-to-face interview,Specific,Field survey
N-291,Face-to-face interview,Specific,Field survey
N-292,Face-to-face interview,Specific,Field survey
N-293,Face-to-face interview,Specific,Field survey
N-294,Face-to-face interview,Specific,Field survey
N-295,Face-to-face interview,Specific,Field survey
N-296,Face-to-face interview,Specific,Field survey
N-297,Face-to-face interview,Specific,Field survey
N-298,Face-to-face interview,Specific,Field survey
N-299,Face-to-face interview,Specific,Field survey
N-300,Face-to-face interview,Specific,Field survey
N-301,Face-to-face interview,Specific,Field survey
N-302,Face-to-face interview,Specific,Field survey
N-303,Face-to-face interview,Specific,Field survey
N-304,Face-to-face interview,Specific,Field survey
N-305,Face-to-face interview,Specific,Field survey
N-306,Face-to-face interview,Specific,Field survey
N-307,Face-to-face interview,Specific,Field survey
N-308,Face-to-face interview,Specific,Field survey
N-309,Face-to-face interview,Specific,Field survey
N-310,Face-to-face interview,Specific,Field survey
N-311,Face-to-face interview,Specific,Field survey
N-312,Face-to-face interview,Specific,Field survey
N-313,Face-to-face interview,Specific,Field survey
N-314,Face-to-face interview,Specific,Field survey
N-315,Face-to-face interview,Specific,Field survey
N-316,Face-to-face interview,Specific,Field survey
N-317,Face-to-face interview,Specific,Field survey
N-318,Face-to-face interview,Specific,Field survey
N-319,Face-to-face interview,Specific,Field survey
N-320,Face-to-face interview,Specific,Field survey
N-321,Face-to-face interview,Specific,Field survey
N-322,Face-to-face interview,Specific,Field survey
N-323,Face-to-face interview,Specific,Field survey
N-324,Face-to-face interview,Specific,Field survey
N-325,Face-to-face interview,Specific,Field survey
N-326,Face-to-face interview,Specific,Field survey
N-327,Face-to-face interview,Specific,Field survey
N-328,Face-to-face interview,Specific,Field survey
N-329,Face-to-face interview,Specific,Field survey
N-330,"Huaxia Wuhan Project, 2018",General,Construction bill of materials
N-331,"Huaxia Wuhan Project, 2018",General,Construction bill of materials
N-332,"Yang, D. et al. Urban buildings material intensity in China from 1949 to 2015. Resour. Conserv. Recycl. 159, 104824 (2020).",Specific,Construction bill of materials
N-333,"Yang, D. et al. Urban buildings material intensity in China from 1949 to 2015. Resour. Conserv. Recycl. 159, 104824 (2020).",Specific,Construction bill of materials
N-334,"Yang, D. et al. Urban buildings material intensity in China from 1949 to 2015. Resour. Conserv. Recycl. 159, 104824 (2020).",Specific,Construction bill of materials
N-335,"Yang, D. et al. Urban buildings material intensity in China from 1949 to 2015. Resour. Conserv. Recycl. 159, 104824 (2020).",Specific,Construction bill of materials
N-336,"Yang, D. et al. Urban buildings material intensity in China from 1949 to 2015. Resour. Conserv. Recycl. 159, 104824 (2020).",Specific,Construction bill of materials
N-337,"Yang, D. et al. Urban buildings material intensity in China from 1949 to 2015. Resour. Conserv. Recycl. 159, 104824 (2020).",Specific,Construction bill of materials
N-338,"Yang, D. et al. Urban buildings material intensity in China from 1949 to 2015. Resour. Conserv. Recycl. 159, 104824 (2020).",Specific,Construction bill of materials
N-339,"Yang, D. et al. Urban buildings material intensity in China from 1949 to 2015. Resour. Conserv. Recycl. 159, 104824 (2020).",Specific,Construction bill of materials
N-340,"Yang, D. et al. Urban buildings material intensity in China from 1949 to 2015. Resour. Conserv. Recycl. 159, 104824 (2020).",Specific,Construction bill of materials
N-341,"Yang, D. et al. Urban buildings material intensity in China from 1949 to 2015. Resour. Conserv. Recycl. 159, 104824 (2020).",Specific,Construction bill of materials
N-342,"Yang, D. et al. Urban buildings material intensity in China from 1949 to 2015. Resour. Conserv. Recycl. 159, 104824 (2020).",Specific,Construction bill of materials
N-343,"Yang, D. et al. Urban buildings material intensity in China from 1949 to 2015. Resour. Conserv. Recycl. 159, 104824 (2020).",Specific,Construction bill of materials
N-344,"Yang, D. et al. Urban buildings material intensity in China from 1949 to 2015. Resour. Conserv. Recycl. 159, 104824 (2020).",Specific,Construction bill of materials
N-345,"Yang, D. et al. Urban buildings material intensity in China from 1949 to 2015. Resour. Conserv. Recycl. 159, 104824 (2020).",Specific,Construction bill of materials
N-346,"Yang, D. et al. Urban buildings material intensity in China from 1949 to 2015. Resour. Conserv. Recycl. 159, 104824 (2020).",Specific,Construction bill of materials
N-347,"Yang, D. et al. Urban buildings material intensity in China from 1949 to 2015. Resour. Conserv. Recycl. 159, 104824 (2020).",Specific,Construction bill of materials
N-348,"Yang, D. et al. Urban buildings material intensity in China from 1949 to 2015. Resour. Conserv. Recycl. 159, 104824 (2020).",Specific,Construction bill of materials
N-349,"Yang, D. et al. Urban buildings material intensity in China from 1949 to 2015. Resour. Conserv. Recycl. 159, 104824 (2020).",Specific,Construction bill of materials
N-350,"Yang, D. et al. Urban buildings material intensity in China from 1949 to 2015. Resour. Conserv. Recycl. 159, 104824 (2020).",Specific,Construction bill of materials
N-351,"Yang, D. et al. Urban buildings material intensity in China from 1949 to 2015. Resour. Conserv. Recycl. 159, 104824 (2020).",Specific,Construction bill of materials
N-352,"Yang, D. et al. Urban buildings material intensity in China from 1949 to 2015. Resour. Conserv. Recycl. 159, 104824 (2020).",Specific,Construction bill of materials
N-353,"Yang, D. et al. Urban buildings material intensity in China from 1949 to 2015. Resour. Conserv. Recycl. 159, 104824 (2020).",Specific,Construction bill of materials
N-354,"Yang, D. et al. Urban buildings material intensity in China from 1949 to 2015. Resour. Conserv. Recycl. 159, 104824 (2020).",Specific,Construction bill of materials
N-355,"Yang, D. et al. Urban buildings material intensity in China from 1949 to 2015. Resour. Conserv. Recycl. 159, 104824 (2020).",Specific,Construction bill of materials
N-356,"Yang, D. et al. Urban buildings material intensity in China from 1949 to 2015. Resour. Conserv. Recycl. 159, 104824 (2020).",Specific,Construction bill of materials
N-357,"Yang, D. et al. Urban buildings material intensity in China from 1949 to 2015. Resour. Conserv. Recycl. 159, 104824 (2020).",Specific,Construction bill of materials
N-358,"Yang, D. et al. Urban buildings material intensity in China from 1949 to 2015. Resour. Conserv. Recycl. 159, 104824 (2020).",Specific,Construction bill of materials
N-359,"Yang, D. et al. Urban buildings material intensity in China from 1949 to 2015. Resour. Conserv. Recycl. 159, 104824 (2020).",Specific,Construction bill of materials
N-360,"Yang, D. et al. Urban buildings material intensity in China from 1949 to 2015. Resour. Conserv. Recycl. 159, 104824 (2020).",Specific,Construction bill of materials
N-361,"Yang, D. et al. Urban buildings material intensity in China from 1949 to 2015. Resour. Conserv. Recycl. 159, 104824 (2020).",Specific,Construction bill of materials
N-362,"Yang, D. et al. Urban buildings material intensity in China from 1949 to 2015. Resour. Conserv. Recycl. 159, 104824 (2020).",Specific,Construction bill of materials
N-363,"Yang, D. et al. Urban buildings material intensity in China from 1949 to 2015. Resour. Conserv. Recycl. 159, 104824 (2020).",Specific,Construction bill of materials
N-364,"Yang, D. et al. Urban buildings material intensity in China from 1949 to 2015. Resour. Conserv. Recycl. 159, 104824 (2020).",Specific,Construction bill of materials
N-365,"Yang, D. et al. Urban buildings material intensity in China from 1949 to 2015. Resour. Conserv. Recycl. 159, 104824 (2020).",Specific,Construction bill of materials
N-366,"Yang, D. et al. Urban buildings material intensity in China from 1949 to 2015. Resour. Conserv. Recycl. 159, 104824 (2020).",Specific,Construction bill of materials
N-367,"Yang, D. et al. Urban buildings material intensity in China from 1949 to 2015. Resour. Conserv. Recycl. 159, 104824 (2020).",Specific,Construction bill of materials
N-368,"Yang, D. et al. Urban buildings material intensity in China from 1949 to 2015. Resour. Conserv. Recycl. 159, 104824 (2020).",Specific,Construction bill of materials
N-369,"Yang, D. et al. Urban buildings material intensity in China from 1949 to 2015. Resour. Conserv. Recycl. 159, 104824 (2020).",Specific,Construction bill of materials
N-370,"Yang, D. et al. Urban buildings material intensity in China from 1949 to 2015. Resour. Conserv. Recycl. 159, 104824 (2020).",Specific,Construction bill of materials
N-371,"Yang, D. et al. Urban buildings material intensity in China from 1949 to 2015. Resour. Conserv. Recycl. 159, 104824 (2020).",Specific,Construction bill of materials
N-372,"Yang, D. et al. Urban buildings material intensity in China from 1949 to 2015. Resour. Conserv. Recycl. 159, 104824 (2020).",Specific,Construction bill of materials
N-373,"Yang, D. et al. Urban buildings material intensity in China from 1949 to 2015. Resour. Conserv. Recycl. 159, 104824 (2020).",Specific,Construction bill of materials
N-374,"Yang, D. et al. Urban buildings material intensity in China from 1949 to 2015. Resour. Conserv. Recycl. 159, 104824 (2020).",Specific,Construction bill of materials
N-375,"Yang, D. et al. Urban buildings material intensity in China from 1949 to 2015. Resour. Conserv. Recycl. 159, 104824 (2020).",Specific,Construction bill of materials
N-376,"Yang, D. et al. Urban buildings material intensity in China from 1949 to 2015. Resour. Conserv. Recycl. 159, 104824 (2020).",Specific,Construction bill of materials
N-377,"Yang, D. et al. Urban buildings material intensity in China from 1949 to 2015. Resour. Conserv. Recycl. 159, 104824 (2020).",Specific,Construction bill of materials
N-378,"Yang, D. et al. Urban buildings material intensity in China from 1949 to 2015. Resour. Conserv. Recycl. 159, 104824 (2020).",Specific,Construction bill of materials
N-379,"Yang, D. et al. Urban buildings material intensity in China from 1949 to 2015. Resour. Conserv. Recycl. 159, 104824 (2020).",Specific,Construction bill of materials
N-380,"Yang, D. et al. Urban buildings material intensity in China from 1949 to 2015. Resour. Conserv. Recycl. 159, 104824 (2020).",Specific,Construction bill of materials
N-381,"Yang, D. et al. Urban buildings material intensity in China from 1949 to 2015. Resour. Conserv. Recycl. 159, 104824 (2020).",Specific,Construction bill of materials
N-382,"Yang, D. et al. Urban buildings material intensity in China from 1949 to 2015. Resour. Conserv. Recycl. 159, 104824 (2020).",Specific,Construction bill of materials
N-383,"Yang, D. et al. Urban buildings material intensity in China from 1949 to 2015. Resour. Conserv. Recycl. 159, 104824 (2020).",Specific,Construction bill of materials
N-384,"Yang, D. et al. Urban buildings material intensity in China from 1949 to 2015. Resour. Conserv. Recycl. 159, 104824 (2020).",Specific,Construction bill of materials
N-385,"Yang, D. et al. Urban buildings material intensity in China from 1949 to 2015. Resour. Conserv. Recycl. 159, 104824 (2020).",Specific,Construction bill of materials
N-386,"Yang, D. et al. Urban buildings material intensity in China from 1949 to 2015. Resour. Conserv. Recycl. 159, 104824 (2020).",Specific,Construction bill of materials
N-387,"Yang, D. et al. Urban buildings material intensity in China from 1949 to 2015. Resour. Conserv. Recycl. 159, 104824 (2020).",Specific,Construction bill of materials
N-388,"Yang, D. et al. Urban buildings material intensity in China from 1949 to 2015. Resour. Conserv. Recycl. 159, 104824 (2020).",Specific,Construction bill of materials
N-389,"Yang, D. et al. Urban buildings material intensity in China from 1949 to 2015. Resour. Conserv. Recycl. 159, 104824 (2020).",Specific,Construction bill of materials
N-390,"Yang, D. et al. Urban buildings material intensity in China from 1949 to 2015. Resour. Conserv. Recycl. 159, 104824 (2020).",Specific,Construction bill of materials
N-391,"Yang, D. et al. Urban buildings material intensity in China from 1949 to 2015. Resour. Conserv. Recycl. 159, 104824 (2020).",Specific,Construction bill of materials
N-392,"Yang, D. et al. Urban buildings material intensity in China from 1949 to 2015. Resour. Conserv. Recycl. 159, 104824 (2020).",Specific,Construction bill of materials
N-393,"Yang, D. et al. Urban buildings material intensity in China from 1949 to 2015. Resour. Conserv. Recycl. 159, 104824 (2020).",Specific,Construction bill of materials
N-394,"Yang, D. et al. Urban buildings material intensity in China from 1949 to 2015. Resour. Conserv. Recycl. 159, 104824 (2020).",Specific,Construction bill of materials
N-395,"Yang, D. et al. Urban buildings material intensity in China from 1949 to 2015. Resour. Conserv. Recycl. 159, 104824 (2020).",Specific,Construction bill of materials
N-396,"Yang, D. et al. Urban buildings material intensity in China from 1949 to 2015. Resour. Conserv. Recycl. 159, 104824 (2020).",Specific,Construction bill of materials
N-397,"Yang, D. et al. Urban buildings material intensity in China from 1949 to 2015. Resour. Conserv. Recycl. 159, 104824 (2020).",Specific,Construction bill of materials
N-398,"Yang, D. et al. Urban buildings material intensity in China from 1949 to 2015. Resour. Conserv. Recycl. 159, 104824 (2020).",Specific,Construction bill of materials
N-399,"Yang, D. et al. Urban buildings material intensity in China from 1949 to 2015. Resour. Conserv. Recycl. 159, 104824 (2020).",Specific,Construction bill of materials
N-400,"Yang, D. et al. Urban buildings material intensity in China from 1949 to 2015. Resour. Conserv. Recycl. 159, 104824 (2020).",Specific,Construction bill of materials
N-401,"Yang, D. et al. Urban buildings material intensity in China from 1949 to 2015. Resour. Conserv. Recycl. 159, 104824 (2020).",Specific,Construction bill of materials
N-402,"Yang, D. et al. Urban buildings material intensity in China from 1949 to 2015. Resour. Conserv. Recycl. 159, 104824 (2020).",Specific,Construction bill of materials
N-403,"Yang, D. et al. Urban buildings material intensity in China from 1949 to 2015. Resour. Conserv. Recycl. 159, 104824 (2020).",Specific,Construction bill of materials
N-404,"Yang, D. et al. Urban buildings material intensity in China from 1949 to 2015. Resour. Conserv. Recycl. 159, 104824 (2020).",Specific,Construction bill of materials
N-405,"Yang, D. et al. Urban buildings material intensity in China from 1949 to 2015. Resour. Conserv. Recycl. 159, 104824 (2020).",Specific,Construction bill of materials
N-406,"Yang, D. et al. Urban buildings material intensity in China from 1949 to 2015. Resour. Conserv. Recycl. 159, 104824 (2020).",Specific,Construction bill of materials
N-407,"Yang, D. et al. Urban buildings material intensity in China from 1949 to 2015. Resour. Conserv. Recycl. 159, 104824 (2020).",Specific,Construction bill of materials
N-408,"Yang, D. et al. Urban buildings material intensity in China from 1949 to 2015. Resour. Conserv. Recycl. 159, 104824 (2020).",Specific,Construction bill of materials
N-409,"Yang, D. et al. Urban buildings material intensity in China from 1949 to 2015. Resour. Conserv. Recycl. 159, 104824 (2020).",Specific,Construction bill of materials
N-410,"Yang, D. et al. Urban buildings material intensity in China from 1949 to 2015. Resour. Conserv. Recycl. 159, 104824 (2020).",Specific,Construction bill of materials
N-411,"Yang, D. et al. Urban buildings material intensity in China from 1949 to 2015. Resour. Conserv. Recycl. 159, 104824 (2020).",Specific,Construction bill of materials
N-412,"Yang, D. et al. Urban buildings material intensity in China from 1949 to 2015. Resour. Conserv. Recycl. 159, 104824 (2020).",Specific,Construction bill of materials
N-413,"Yang, D. et al. Urban buildings material intensity in China from 1949 to 2015. Resour. Conserv. Recycl. 159, 104824 (2020).",Specific,Construction bill of materials
N-414,"Yang, D. et al. Urban buildings material intensity in China from 1949 to 2015. Resour. Conserv. Recycl. 159, 104824 (2020).",Specific,Construction bill of materials
N-415,"Yang, D. et al. Urban buildings material intensity in China from 1949 to 2015. Resour. Conserv. Recycl. 159, 104824 (2020).",Specific,Construction bill of materials
N-416,"Yang, D. et al. Urban buildings material intensity in China from 1949 to 2015. Resour. Conserv. Recycl. 159, 104824 (2020).",Specific,Construction bill of materials
N-417,"Yang, D. et al. Urban buildings material intensity in China from 1949 to 2015. Resour. Conserv. Recycl. 159, 104824 (2020).",Specific,Construction bill of materials
N-418,"Yang, D. et al. Urban buildings material intensity in China from 1949 to 2015. Resour. Conserv. Recycl. 159, 104824 (2020).",Specific,Construction bill of materials
N-419,"Yang, D. et al. Urban buildings material intensity in China from 1949 to 2015. Resour. Conserv. Recycl. 159, 104824 (2020).",Specific,Construction bill of materials
N-420,"Yang, D. et al. Urban buildings material intensity in China from 1949 to 2015. Resour. Conserv. Recycl. 159, 104824 (2020).",Specific,Construction bill of materials
N-421,"Yang, D. et al. Urban buildings material intensity in China from 1949 to 2015. Resour. Conserv. Recycl. 159, 104824 (2020).",Specific,Construction bill of materials
N-422,"Yang, D. et al. Urban buildings material intensity in China from 1949 to 2015. Resour. Conserv. Recycl. 159, 104824 (2020).",Specific,Construction bill of materials
N-423,"Yang, D. et al. Urban buildings material intensity in China from 1949 to 2015. Resour. Conserv. Recycl. 159, 104824 (2020).",Specific,Construction bill of materials
N-424,"Yang, D. et al. Urban buildings material intensity in China from 1949 to 2015. Resour. Conserv. Recycl. 159, 104824 (2020).",Specific,Construction bill of materials
N-425,"Yang, D. et al. Urban buildings material intensity in China from 1949 to 2015. Resour. Conserv. Recycl. 159, 104824 (2020).",Specific,Construction bill of materials
N-426,"Yang, D. et al. Urban buildings material intensity in China from 1949 to 2015. Resour. Conserv. Recycl. 159, 104824 (2020).",Specific,Construction bill of materials
N-427,"Yang, D. et al. Urban buildings material intensity in China from 1949 to 2015. Resour. Conserv. Recycl. 159, 104824 (2020).",Specific,Construction bill of materials
N-428,"Yang, D. et al. Urban buildings material intensity in China from 1949 to 2015. Resour. Conserv. Recycl. 159, 104824 (2020).",Specific,Construction bill of materials
N-429,"Yang, D. et al. Urban buildings material intensity in China from 1949 to 2015. Resour. Conserv. Recycl. 159, 104824 (2020).",Specific,Construction bill of materials
N-430,"Yang, D. et al. Urban buildings material intensity in China from 1949 to 2015. Resour. Conserv. Recycl. 159, 104824 (2020).",Specific,Construction bill of materials
N-431,"Yang, D. et al. Urban buildings material intensity in China from 1949 to 2015. Resour. Conserv. Recycl. 159, 104824 (2020).",Specific,Construction bill of materials
N-432,"Yang, D. et al. Urban buildings material intensity in China from 1949 to 2015. Resour. Conserv. Recycl. 159, 104824 (2020).",Specific,Construction bill of materials
N-433,"Yang, D. et al. Urban buildings material intensity in China from 1949 to 2015. Resour. Conserv. Recycl. 159, 104824 (2020).",Specific,Construction bill of materials
N-434,"Yang, D. et al. Urban buildings material intensity in China from 1949 to 2015. Resour. Conserv. Recycl. 159, 104824 (2020).",Specific,Construction bill of materials
N-435,"Yang, D. et al. Urban buildings material intensity in China from 1949 to 2015. Resour. Conserv. Recycl. 159, 104824 (2020).",Specific,Construction bill of materials
N-436,"Yang, D. et al. Urban buildings material intensity in China from 1949 to 2015. Resour. Conserv. Recycl. 159, 104824 (2020).",Specific,Construction bill of materials
N-437,"Yang, D. et al. Urban buildings material intensity in China from 1949 to 2015. Resour. Conserv. Recycl. 159, 104824 (2020).",Specific,Construction bill of materials
N-438,"Yang, D. et al. Urban buildings material intensity in China from 1949 to 2015. Resour. Conserv. Recycl. 159, 104824 (2020).",Specific,Construction bill of materials
N-439,"Yang, D. et al. Urban buildings material intensity in China from 1949 to 2015. Resour. Conserv. Recycl. 159, 104824 (2020).",Specific,Construction bill of materials
N-440,"Yang, D. et al. Urban buildings material intensity in China from 1949 to 2015. Resour. Conserv. Recycl. 159, 104824 (2020).",Specific,Construction bill of materials
N-441,"Yang, D. et al. Urban buildings material intensity in China from 1949 to 2015. Resour. Conserv. Recycl. 159, 104824 (2020).",Specific,Construction bill of materials
N-442,"Yang, D. et al. Urban buildings material intensity in China from 1949 to 2015. Resour. Conserv. Recycl. 159, 104824 (2020).",Specific,Construction bill of materials
N-443,"Yang, D. et al. Urban buildings material intensity in China from 1949 to 2015. Resour. Conserv. Recycl. 159, 104824 (2020).",Specific,Construction bill of materials
N-444,"Yang, D. et al. Urban buildings material intensity in China from 1949 to 2015. Resour. Conserv. Recycl. 159, 104824 (2020).",Specific,Construction bill of materials
N-445,"Yang, D. et al. Urban buildings material intensity in China from 1949 to 2015. Resour. Conserv. Recycl. 159, 104824 (2020).",Specific,Construction bill of materials
N-446,"Yang, D. et al. Urban buildings material intensity in China from 1949 to 2015. Resour. Conserv. Recycl. 159, 104824 (2020).",Specific,Construction bill of materials
N-447,"Yang, D. et al. Urban buildings material intensity in China from 1949 to 2015. Resour. Conserv. Recycl. 159, 104824 (2020).",Specific,Construction bill of materials
N-448,"Yang, D. et al. Urban buildings material intensity in China from 1949 to 2015. Resour. Conserv. Recycl. 159, 104824 (2020).",Specific,Construction bill of materials
N-449,"Yang, D. et al. Urban buildings material intensity in China from 1949 to 2015. Resour. Conserv. Recycl. 159, 104824 (2020).",Specific,Construction bill of materials
N-450,"Yang, D. et al. Urban buildings material intensity in China from 1949 to 2015. Resour. Conserv. Recycl. 159, 104824 (2020).",Specific,Construction bill of materials
N-451,"Yang, D. et al. Urban buildings material intensity in China from 1949 to 2015. Resour. Conserv. Recycl. 159, 104824 (2020).",Specific,Construction bill of materials
N-452,"Yang, D. et al. Urban buildings material intensity in China from 1949 to 2015. Resour. Conserv. Recycl. 159, 104824 (2020).",Specific,Construction bill of materials
N-453,"Yang, D. et al. Urban buildings material intensity in China from 1949 to 2015. Resour. Conserv. Recycl. 159, 104824 (2020).",Specific,Construction bill of materials
N-454,"Yang, D. et al. Urban buildings material intensity in China from 1949 to 2015. Resour. Conserv. Recycl. 159, 104824 (2020).",Specific,Construction bill of materials
N-455,"Yang, D. et al. Urban buildings material intensity in China from 1949 to 2015. Resour. Conserv. Recycl. 159, 104824 (2020).",Specific,Construction bill of materials
N-456,"Yang, D. et al. Urban buildings material intensity in China from 1949 to 2015. Resour. Conserv. Recycl. 159, 104824 (2020).",Specific,Construction bill of materials
N-457,"Yang, D. et al. Urban buildings material intensity in China from 1949 to 2015. Resour. Conserv. Recycl. 159, 104824 (2020).",Specific,Construction bill of materials
N-458,"Yang, D. et al. Urban buildings material intensity in China from 1949 to 2015. Resour. Conserv. Recycl. 159, 104824 (2020).",Specific,Construction bill of materials
N-459,"Yang, D. et al. Urban buildings material intensity in China from 1949 to 2015. Resour. Conserv. Recycl. 159, 104824 (2020).",Specific,Construction bill of materials
N-460,"Yang, D. et al. Urban buildings material intensity in China from 1949 to 2015. Resour. Conserv. Recycl. 159, 104824 (2020).",Specific,Construction bill of materials
N-461,"Yang, D. et al. Urban buildings material intensity in China from 1949 to 2015. Resour. Conserv. Recycl. 159, 104824 (2020).",Specific,Construction bill of materials
N-462,"Yang, D. et al. Urban buildings material intensity in China from 1949 to 2015. Resour. Conserv. Recycl. 159, 104824 (2020).",Specific,Construction bill of materials
N-463,"Yang, D. et al. Urban buildings material intensity in China from 1949 to 2015. Resour. Conserv. Recycl. 159, 104824 (2020).",Specific,Construction bill of materials
N-464,"Yang, D. et al. Urban buildings material intensity in China from 1949 to 2015. Resour. Conserv. Recycl. 159, 104824 (2020).",Specific,Construction bill of materials
N-465,"Yang, D. et al. Urban buildings material intensity in China from 1949 to 2015. Resour. Conserv. Recycl. 159, 104824 (2020).",Specific,Construction bill of materials
N-466,"Yang, D. et al. Urban buildings material intensity in China from 1949 to 2015. Resour. Conserv. Recycl. 159, 104824 (2020).",Specific,Construction bill of materials
N-467,"Yang, D. et al. Urban buildings material intensity in China from 1949 to 2015. Resour. Conserv. Recycl. 159, 104824 (2020).",Specific,Construction bill of materials
N-468,"Yang, D. et al. Urban buildings material intensity in China from 1949 to 2015. Resour. Conserv. Recycl. 159, 104824 (2020).",Specific,Construction bill of materials
N-469,"Yang, D. et al. Urban buildings material intensity in China from 1949 to 2015. Resour. Conserv. Recycl. 159, 104824 (2020).",Specific,Construction bill of materials
N-470,"Yang, D. et al. Urban buildings material intensity in China from 1949 to 2015. Resour. Conserv. Recycl. 159, 104824 (2020).",Specific,Construction bill of materials
N-471,"Yang, D. et al. Urban buildings material intensity in China from 1949 to 2015. Resour. Conserv. Recycl. 159, 104824 (2020).",Specific,Construction bill of materials
N-472,"Yang, D. et al. Urban buildings material intensity in China from 1949 to 2015. Resour. Conserv. Recycl. 159, 104824 (2020).",Specific,Construction bill of materials
N-473,"Yang, D. et al. Urban buildings material intensity in China from 1949 to 2015. Resour. Conserv. Recycl. 159, 104824 (2020).",Specific,Construction bill of materials
N-474,"Yang, D. et al. Urban buildings material intensity in China from 1949 to 2015. Resour. Conserv. Recycl. 159, 104824 (2020).",Specific,Construction bill of materials
N-475,"Yang, D. et al. Urban buildings material intensity in China from 1949 to 2015. Resour. Conserv. Recycl. 159, 104824 (2020).",Specific,Construction bill of materials
N-476,"Yang, D. et al. Urban buildings material intensity in China from 1949 to 2015. Resour. Conserv. Recycl. 159, 104824 (2020).",Specific,Construction bill of materials
N-477,"Yang, D. et al. Urban buildings material intensity in China from 1949 to 2015. Resour. Conserv. Recycl. 159, 104824 (2020).",Specific,Construction bill of materials
N-478,"Yang, D. et al. Urban buildings material intensity in China from 1949 to 2015. Resour. Conserv. Recycl. 159, 104824 (2020).",Specific,Construction bill of materials
N-479,"Yang, D. et al. Urban buildings material intensity in China from 1949 to 2015. Resour. Conserv. Recycl. 159, 104824 (2020).",Specific,Construction bill of materials
N-480,"Yang, D. et al. Urban buildings material intensity in China from 1949 to 2015. Resour. Conserv. Recycl. 159, 104824 (2020).",Specific,Construction bill of materials
N-481,"Yang, D. et al. Urban buildings material intensity in China from 1949 to 2015. Resour. Conserv. Recycl. 159, 104824 (2020).",Specific,Construction bill of materials
N-482,"Yang, D. et al. Urban buildings material intensity in China from 1949 to 2015. Resour. Conserv. Recycl. 159, 104824 (2020).",Specific,Construction bill of materials
N-483,"Yang, D. et al. Urban buildings material intensity in China from 1949 to 2015. Resour. Conserv. Recycl. 159, 104824 (2020).",Specific,Construction bill of materials
N-484,"Yang, D. et al. Urban buildings material intensity in China from 1949 to 2015. Resour. Conserv. Recycl. 159, 104824 (2020).",Specific,Construction bill of materials
N-485,"Yang, D. et al. Urban buildings material intensity in China from 1949 to 2015. Resour. Conserv. Recycl. 159, 104824 (2020).",Specific,Construction bill of materials
N-486,"Yang, D. et al. Urban buildings material intensity in China from 1949 to 2015. Resour. Conserv. Recycl. 159, 104824 (2020).",Specific,Construction bill of materials
N-487,"Yang, D. et al. Urban buildings material intensity in China from 1949 to 2015. Resour. Conserv. Recycl. 159, 104824 (2020).",Specific,Construction bill of materials
N-488,"Yang, D. et al. Urban buildings material intensity in China from 1949 to 2015. Resour. Conserv. Recycl. 159, 104824 (2020).",Specific,Construction bill of materials
N-489,"Yang, D. et al. Urban buildings material intensity in China from 1949 to 2015. Resour. Conserv. Recycl. 159, 104824 (2020).",Specific,Construction bill of materials
N-490,"Yang, D. et al. Urban buildings material intensity in China from 1949 to 2015. Resour. Conserv. Recycl. 159, 104824 (2020).",Specific,Construction bill of materials
N-491,"Yang, D. et al. Urban buildings material intensity in China from 1949 to 2015. Resour. Conserv. Recycl. 159, 104824 (2020).",Specific,Construction bill of materials
N-492,"Yang, D. et al. Urban buildings material intensity in China from 1949 to 2015. Resour. Conserv. Recycl. 159, 104824 (2020).",Specific,Construction bill of materials
N-493,"Yang, D. et al. Urban buildings material intensity in China from 1949 to 2015. Resour. Conserv. Recycl. 159, 104824 (2020).",Specific,Construction bill of materials
N-494,"Yang, D. et al. Urban buildings material intensity in China from 1949 to 2015. Resour. Conserv. Recycl. 159, 104824 (2020).",Specific,Construction bill of materials
N-495,"Yang, D. et al. Urban buildings material intensity in China from 1949 to 2015. Resour. Conserv. Recycl. 159, 104824 (2020).",Specific,Construction bill of materials
N-496,"Yang, D. et al. Urban buildings material intensity in China from 1949 to 2015. Resour. Conserv. Recycl. 159, 104824 (2020).",Specific,Construction bill of materials
N-497,"Yang, D. et al. Urban buildings material intensity in China from 1949 to 2015. Resour. Conserv. Recycl. 159, 104824 (2020).",Specific,Construction bill of materials
N-498,"Yang, D. et al. Urban buildings material intensity in China from 1949 to 2015. Resour. Conserv. Recycl. 159, 104824 (2020).",Specific,Construction bill of materials
N-499,"Yang, D. et al. Urban buildings material intensity in China from 1949 to 2015. Resour. Conserv. Recycl. 159, 104824 (2020).",Specific,Construction bill of materials
N-500,"Yang, D. et al. Urban buildings material intensity in China from 1949 to 2015. Resour. Conserv. Recycl. 159, 104824 (2020).",Specific,Construction bill of materials
N-501,"Yang, D. et al. Urban buildings material intensity in China from 1949 to 2015. Resour. Conserv. Recycl. 159, 104824 (2020).",Specific,Construction bill of materials
N-502,"Yang, D. et al. Urban buildings material intensity in China from 1949 to 2015. Resour. Conserv. Recycl. 159, 104824 (2020).",Specific,Construction bill of materials
N-503,"Yang, D. et al. Urban buildings material intensity in China from 1949 to 2015. Resour. Conserv. Recycl. 159, 104824 (2020).",Specific,Construction bill of materials
N-504,"Yang, D. et al. Urban buildings material intensity in China from 1949 to 2015. Resour. Conserv. Recycl. 159, 104824 (2020).",Specific,Construction bill of materials
N-505,"Yang, D. et al. Urban buildings material intensity in China from 1949 to 2015. Resour. Conserv. Recycl. 159, 104824 (2020).",Specific,Construction bill of materials
N-506,"Yang, D. et al. Urban buildings material intensity in China from 1949 to 2015. Resour. Conserv. Recycl. 159, 104824 (2020).",Specific,Construction bill of materials
N-507,"Yang, D. et al. Urban buildings material intensity in China from 1949 to 2015. Resour. Conserv. Recycl. 159, 104824 (2020).",Specific,Construction bill of materials
N-508,"Yang, D. et al. Urban buildings material intensity in China from 1949 to 2015. Resour. Conserv. Recycl. 159, 104824 (2020).",Specific,Construction bill of materials
N-509,"Yang, D. et al. Urban buildings material intensity in China from 1949 to 2015. Resour. Conserv. Recycl. 159, 104824 (2020).",Specific,Construction bill of materials
N-510,"Yang, D. et al. Urban buildings material intensity in China from 1949 to 2015. Resour. Conserv. Recycl. 159, 104824 (2020).",Specific,Construction bill of materials
N-511,"Yang, D. et al. Urban buildings material intensity in China from 1949 to 2015. Resour. Conserv. Recycl. 159, 104824 (2020).",Specific,Construction bill of materials
N-512,"Yang, D. et al. Urban buildings material intensity in China from 1949 to 2015. Resour. Conserv. Recycl. 159, 104824 (2020).",Specific,Construction bill of materials
N-513,"Yang, D. et al. Urban buildings material intensity in China from 1949 to 2015. Resour. Conserv. Recycl. 159, 104824 (2020).",Specific,Construction bill of materials
N-514,"Yang, D. et al. Urban buildings material intensity in China from 1949 to 2015. Resour. Conserv. Recycl. 159, 104824 (2020).",Specific,Construction bill of materials
N-515,"Yang, D. et al. Urban buildings material intensity in China from 1949 to 2015. Resour. Conserv. Recycl. 159, 104824 (2020).",Specific,Construction bill of materials
N-516,"Yang, D. et al. Urban buildings material intensity in China from 1949 to 2015. Resour. Conserv. Recycl. 159, 104824 (2020).",Specific,Construction bill of materials
N-517,"Yang, D. et al. Urban buildings material intensity in China from 1949 to 2015. Resour. Conserv. Recycl. 159, 104824 (2020).",Specific,Construction bill of materials
N-518,"Yang, D. et al. Urban buildings material intensity in China from 1949 to 2015. Resour. Conserv. Recycl. 159, 104824 (2020).",Specific,Construction bill of materials
N-519,"Yang, D. et al. Urban buildings material intensity in China from 1949 to 2015. Resour. Conserv. Recycl. 159, 104824 (2020).",Specific,Construction bill of materials
N-520,"Yang, D. et al. Urban buildings material intensity in China from 1949 to 2015. Resour. Conserv. Recycl. 159, 104824 (2020).",Specific,Construction bill of materials
N-521,"Yang, D. et al. Urban buildings material intensity in China from 1949 to 2015. Resour. Conserv. Recycl. 159, 104824 (2020).",Specific,Construction bill of materials
N-522,"Yang, D. et al. Urban buildings material intensity in China from 1949 to 2015. Resour. Conserv. Recycl. 159, 104824 (2020).",Specific,Construction bill of materials
N-523,"Yang, D. et al. Urban buildings material intensity in China from 1949 to 2015. Resour. Conserv. Recycl. 159, 104824 (2020).",Specific,Construction bill of materials
N-524,"Yang, D. et al. Urban buildings material intensity in China from 1949 to 2015. Resour. Conserv. Recycl. 159, 104824 (2020).",Specific,Construction bill of materials
N-525,"Yang, D. et al. Urban buildings material intensity in China from 1949 to 2015. Resour. Conserv. Recycl. 159, 104824 (2020).",Specific,Construction bill of materials
N-526,"Yang, D. et al. Urban buildings material intensity in China from 1949 to 2015. Resour. Conserv. Recycl. 159, 104824 (2020).",Specific,Construction bill of materials
N-527,"Yang, D. et al. Urban buildings material intensity in China from 1949 to 2015. Resour. Conserv. Recycl. 159, 104824 (2020).",Specific,Construction bill of materials
N-528,"Yang, D. et al. Urban buildings material intensity in China from 1949 to 2015. Resour. Conserv. Recycl. 159, 104824 (2020).",Specific,Construction bill of materials
N-529,"Yang, D. et al. Urban buildings material intensity in China from 1949 to 2015. Resour. Conserv. Recycl. 159, 104824 (2020).",Specific,Construction bill of materials
N-530,"Yang, D. et al. Urban buildings material intensity in China from 1949 to 2015. Resour. Conserv. Recycl. 159, 104824 (2020).",Specific,Construction bill of materials
N-531,"Yang, D. et al. Urban buildings material intensity in China from 1949 to 2015. Resour. Conserv. Recycl. 159, 104824 (2020).",Specific,Construction bill of materials
N-532,"Yang, D. et al. Urban buildings material intensity in China from 1949 to 2015. Resour. Conserv. Recycl. 159, 104824 (2020).",Specific,Construction bill of materials
N-533,"Yang, D. et al. Urban buildings material intensity in China from 1949 to 2015. Resour. Conserv. Recycl. 159, 104824 (2020).",Specific,Construction bill of materials
N-534,"Yang, D. et al. Urban buildings material intensity in China from 1949 to 2015. Resour. Conserv. Recycl. 159, 104824 (2020).",Specific,Construction bill of materials
N-535,"Yang, D. et al. Urban buildings material intensity in China from 1949 to 2015. Resour. Conserv. Recycl. 159, 104824 (2020).",Specific,Construction bill of materials
N-536,"Yang, D. et al. Urban buildings material intensity in China from 1949 to 2015. Resour. Conserv. Recycl. 159, 104824 (2020).",Specific,Construction bill of materials
N-537,"Yang, D. et al. Urban buildings material intensity in China from 1949 to 2015. Resour. Conserv. Recycl. 159, 104824 (2020).",Specific,Construction bill of materials
N-538,"Yang, D. et al. Urban buildings material intensity in China from 1949 to 2015. Resour. Conserv. Recycl. 159, 104824 (2020).",Specific,Construction bill of materials
N-539,"Yang, D. et al. Urban buildings material intensity in China from 1949 to 2015. Resour. Conserv. Recycl. 159, 104824 (2020).",Specific,Construction bill of materials
N-540,"Yang, D. et al. Urban buildings material intensity in China from 1949 to 2015. Resour. Conserv. Recycl. 159, 104824 (2020).",Specific,Construction bill of materials
N-541,"Yang, D. et al. Urban buildings material intensity in China from 1949 to 2015. Resour. Conserv. Recycl. 159, 104824 (2020).",Specific,Construction bill of materials
N-542,"Yang, D. et al. Urban buildings material intensity in China from 1949 to 2015. Resour. Conserv. Recycl. 159, 104824 (2020).",Specific,Construction bill of materials
N-543,"Yang, D. et al. Urban buildings material intensity in China from 1949 to 2015. Resour. Conserv. Recycl. 159, 104824 (2020).",Specific,Construction bill of materials
N-544,"Yang, D. et al. Urban buildings material intensity in China from 1949 to 2015. Resour. Conserv. Recycl. 159, 104824 (2020).",Specific,Construction bill of materials
N-545,"Yang, D. et al. Urban buildings material intensity in China from 1949 to 2015. Resour. Conserv. Recycl. 159, 104824 (2020).",Specific,Construction bill of materials
N-546,"Yang, D. et al. Urban buildings material intensity in China from 1949 to 2015. Resour. Conserv. Recycl. 159, 104824 (2020).",Specific,Construction bill of materials
N-547,"Yang, D. et al. Urban buildings material intensity in China from 1949 to 2015. Resour. Conserv. Recycl. 159, 104824 (2020).",Specific,Construction bill of materials
N-548,"Yang, D. et al. Urban buildings material intensity in China from 1949 to 2015. Resour. Conserv. Recycl. 159, 104824 (2020).",Specific,Construction bill of materials
N-549,"Yang, D. et al. Urban buildings material intensity in China from 1949 to 2015. Resour. Conserv. Recycl. 159, 104824 (2020).",Specific,Construction bill of materials
N-550,"Yang, D. et al. Urban buildings material intensity in China from 1949 to 2015. Resour. Conserv. Recycl. 159, 104824 (2020).",Specific,Construction bill of materials
N-551,"Yang, D. et al. Urban buildings material intensity in China from 1949 to 2015. Resour. Conserv. Recycl. 159, 104824 (2020).",Specific,Construction bill of materials
N-552,"Yang, D. et al. Urban buildings material intensity in China from 1949 to 2015. Resour. Conserv. Recycl. 159, 104824 (2020).",Specific,Construction bill of materials
N-553,"Yang, D. et al. Urban buildings material intensity in China from 1949 to 2015. Resour. Conserv. Recycl. 159, 104824 (2020).",Specific,Construction bill of materials
N-554,"Yang, D. et al. Urban buildings material intensity in China from 1949 to 2015. Resour. Conserv. Recycl. 159, 104824 (2020).",Specific,Construction bill of materials
N-555,"Yang, D. et al. Urban buildings material intensity in China from 1949 to 2015. Resour. Conserv. Recycl. 159, 104824 (2020).",Specific,Construction bill of materials
N-556,"Yang, D. et al. Urban buildings material intensity in China from 1949 to 2015. Resour. Conserv. Recycl. 159, 104824 (2020).",Specific,Construction bill of materials
N-557,"Yang, D. et al. Urban buildings material intensity in China from 1949 to 2015. Resour. Conserv. Recycl. 159, 104824 (2020).",Specific,Construction bill of materials
N-558,"Yang, D. et al. Urban buildings material intensity in China from 1949 to 2015. Resour. Conserv. Recycl. 159, 104824 (2020).",Specific,Construction bill of materials
N-559,"Yang, D. et al. Urban buildings material intensity in China from 1949 to 2015. Resour. Conserv. Recycl. 159, 104824 (2020).",Specific,Construction bill of materials
N-560,"Yang, D. et al. Urban buildings material intensity in China from 1949 to 2015. Resour. Conserv. Recycl. 159, 104824 (2020).",Specific,Construction bill of materials
N-561,"Yang, D. et al. Urban buildings material intensity in China from 1949 to 2015. Resour. Conserv. Recycl. 159, 104824 (2020).",Specific,Construction bill of materials
N-562,"Yang, D. et al. Urban buildings material intensity in China from 1949 to 2015. Resour. Conserv. Recycl. 159, 104824 (2020).",Specific,Construction bill of materials
N-563,"Yang, D. et al. Urban buildings material intensity in China from 1949 to 2015. Resour. Conserv. Recycl. 159, 104824 (2020).",Specific,Construction bill of materials
N-564,"Yang, D. et al. Urban buildings material intensity in China from 1949 to 2015. Resour. Conserv. Recycl. 159, 104824 (2020).",Specific,Construction bill of materials
N-565,"Yang, D. et al. Urban buildings material intensity in China from 1949 to 2015. Resour. Conserv. Recycl. 159, 104824 (2020).",Specific,Construction bill of materials
N-566,"Yang, D. et al. Urban buildings material intensity in China from 1949 to 2015. Resour. Conserv. Recycl. 159, 104824 (2020).",Specific,Construction bill of materials
N-567,"Yang, D. et al. Urban buildings material intensity in China from 1949 to 2015. Resour. Conserv. Recycl. 159, 104824 (2020).",Specific,Construction bill of materials
N-568,"Yang, D. et al. Urban buildings material intensity in China from 1949 to 2015. Resour. Conserv. Recycl. 159, 104824 (2020).",Specific,Construction bill of materials
N-569,"Yang, D. et al. Urban buildings material intensity in China from 1949 to 2015. Resour. Conserv. Recycl. 159, 104824 (2020).",Specific,Construction bill of materials
N-570,"Yang, D. et al. Urban buildings material intensity in China from 1949 to 2015. Resour. Conserv. Recycl. 159, 104824 (2020).",Specific,Construction bill of materials
N-571,"Yang, D. et al. Urban buildings material intensity in China from 1949 to 2015. Resour. Conserv. Recycl. 159, 104824 (2020).",Specific,Construction bill of materials
N-572,"Yang, D. et al. Urban buildings material intensity in China from 1949 to 2015. Resour. Conserv. Recycl. 159, 104824 (2020).",Specific,Construction bill of materials
N-573,"Yang, D. et al. Urban buildings material intensity in China from 1949 to 2015. Resour. Conserv. Recycl. 159, 104824 (2020).",Specific,Construction bill of materials
N-574,"Yang, D. et al. Urban buildings material intensity in China from 1949 to 2015. Resour. Conserv. Recycl. 159, 104824 (2020).",Specific,Construction bill of materials
N-575,"Yang, D. et al. Urban buildings material intensity in China from 1949 to 2015. Resour. Conserv. Recycl. 159, 104824 (2020).",Specific,Construction bill of materials
N-576,"Yang, D. et al. Urban buildings material intensity in China from 1949 to 2015. Resour. Conserv. Recycl. 159, 104824 (2020).",Specific,Construction bill of materials
N-577,"Yang, D. et al. Urban buildings material intensity in China from 1949 to 2015. Resour. Conserv. Recycl. 159, 104824 (2020).",Specific,Construction bill of materials
N-578,"Yang, D. et al. Urban buildings material intensity in China from 1949 to 2015. Resour. Conserv. Recycl. 159, 104824 (2020).",Specific,Construction bill of materials
N-579,"Yang, D. et al. Urban buildings material intensity in China from 1949 to 2015. Resour. Conserv. Recycl. 159, 104824 (2020).",Specific,Construction bill of materials
N-580,"Yang, D. et al. Urban buildings material intensity in China from 1949 to 2015. Resour. Conserv. Recycl. 159, 104824 (2020).",Specific,Construction bill of materials
N-581,"Yang, D. et al. Urban buildings material intensity in China from 1949 to 2015. Resour. Conserv. Recycl. 159, 104824 (2020).",Specific,Construction bill of materials
N-582,"Yang, D. et al. Urban buildings material intensity in China from 1949 to 2015. Resour. Conserv. Recycl. 159, 104824 (2020).",Specific,Construction bill of materials
N-583,"Yang, D. et al. Urban buildings material intensity in China from 1949 to 2015. Resour. Conserv. Recycl. 159, 104824 (2020).",Specific,Construction bill of materials
N-584,"Yang, D. et al. Urban buildings material intensity in China from 1949 to 2015. Resour. Conserv. Recycl. 159, 104824 (2020).",Specific,Construction bill of materials
N-585,"Yang, D. et al. Urban buildings material intensity in China from 1949 to 2015. Resour. Conserv. Recycl. 159, 104824 (2020).",Specific,Construction bill of materials
N-586,"Yang, D. et al. Urban buildings material intensity in China from 1949 to 2015. Resour. Conserv. Recycl. 159, 104824 (2020).",Specific,Construction bill of materials
N-587,"Yang, D. et al. Urban buildings material intensity in China from 1949 to 2015. Resour. Conserv. Recycl. 159, 104824 (2020).",Specific,Construction bill of materials
N-588,"Yang, D. et al. Urban buildings material intensity in China from 1949 to 2015. Resour. Conserv. Recycl. 159, 104824 (2020).",Specific,Construction bill of materials
N-589,"Yang, D. et al. Urban buildings material intensity in China from 1949 to 2015. Resour. Conserv. Recycl. 159, 104824 (2020).",Specific,Construction bill of materials
N-590,"Yang, D. et al. Urban buildings material intensity in China from 1949 to 2015. Resour. Conserv. Recycl. 159, 104824 (2020).",Specific,Construction bill of materials
N-591,"Yang, D. et al. Urban buildings material intensity in China from 1949 to 2015. Resour. Conserv. Recycl. 159, 104824 (2020).",Specific,Construction bill of materials
N-592,"Yang, D. et al. Urban buildings material intensity in China from 1949 to 2015. Resour. Conserv. Recycl. 159, 104824 (2020).",Specific,Construction bill of materials
N-593,"Yang, D. et al. Urban buildings material intensity in China from 1949 to 2015. Resour. Conserv. Recycl. 159, 104824 (2020).",Specific,Construction bill of materials
N-594,"Yang, D. et al. Urban buildings material intensity in China from 1949 to 2015. Resour. Conserv. Recycl. 159, 104824 (2020).",Specific,Construction bill of materials
N-595,"Yang, D. et al. Urban buildings material intensity in China from 1949 to 2015. Resour. Conserv. Recycl. 159, 104824 (2020).",Specific,Construction bill of materials
N-596,"Yang, D. et al. Urban buildings material intensity in China from 1949 to 2015. Resour. Conserv. Recycl. 159, 104824 (2020).",Specific,Construction bill of materials
N-597,"Yang, D. et al. Urban buildings material intensity in China from 1949 to 2015. Resour. Conserv. Recycl. 159, 104824 (2020).",Specific,Construction bill of materials
N-598,"Yang, D. et al. Urban buildings material intensity in China from 1949 to 2015. Resour. Conserv. Recycl. 159, 104824 (2020).",Specific,Construction bill of materials
N-599,"Yang, D. et al. Urban buildings material intensity in China from 1949 to 2015. Resour. Conserv. Recycl. 159, 104824 (2020).",Specific,Construction bill of materials
N-600,"Yang, D. et al. Urban buildings material intensity in China from 1949 to 2015. Resour. Conserv. Recycl. 159, 104824 (2020).",Specific,Construction bill of materials
N-601,"Yang, D. et al. Urban buildings material intensity in China from 1949 to 2015. Resour. Conserv. Recycl. 159, 104824 (2020).",Specific,Construction bill of materials
N-602,"Yang, D. et al. Urban buildings material intensity in China from 1949 to 2015. Resour. Conserv. Recycl. 159, 104824 (2020).",Specific,Construction bill of materials
N-603,"Yang, D. et al. Urban buildings material intensity in China from 1949 to 2015. Resour. Conserv. Recycl. 159, 104824 (2020).",Specific,Construction bill of materials
N-604,"Yang, D. et al. Urban buildings material intensity in China from 1949 to 2015. Resour. Conserv. Recycl. 159, 104824 (2020).",Specific,Construction bill of materials
N-605,"Yang, D. et al. Urban buildings material intensity in China from 1949 to 2015. Resour. Conserv. Recycl. 159, 104824 (2020).",Specific,Construction bill of materials
N-606,"Yang, D. et al. Urban buildings material intensity in China from 1949 to 2015. Resour. Conserv. Recycl. 159, 104824 (2020).",Specific,Construction bill of materials
N-607,"Yang, D. et al. Urban buildings material intensity in China from 1949 to 2015. Resour. Conserv. Recycl. 159, 104824 (2020).",Specific,Construction bill of materials
N-608,"Yang, D. et al. Urban buildings material intensity in China from 1949 to 2015. Resour. Conserv. Recycl. 159, 104824 (2020).",Specific,Construction bill of materials
N-609,"Yang, D. et al. Urban buildings material intensity in China from 1949 to 2015. Resour. Conserv. Recycl. 159, 104824 (2020).",Specific,Construction bill of materials
N-610,"Yang, D. et al. Urban buildings material intensity in China from 1949 to 2015. Resour. Conserv. Recycl. 159, 104824 (2020).",Specific,Construction bill of materials
N-611,"Yang, D. et al. Urban buildings material intensity in China from 1949 to 2015. Resour. Conserv. Recycl. 159, 104824 (2020).",Specific,Construction bill of materials
N-612,"Yang, D. et al. Urban buildings material intensity in China from 1949 to 2015. Resour. Conserv. Recycl. 159, 104824 (2020).",Specific,Construction bill of materials
N-613,"Yang, D. et al. Urban buildings material intensity in China from 1949 to 2015. Resour. Conserv. Recycl. 159, 104824 (2020).",Specific,Construction bill of materials
N-614,"Yang, D. et al. Urban buildings material intensity in China from 1949 to 2015. Resour. Conserv. Recycl. 159, 104824 (2020).",Specific,Construction bill of materials
N-615,"Yang, D. et al. Urban buildings material intensity in China from 1949 to 2015. Resour. Conserv. Recycl. 159, 104824 (2020).",Specific,Construction bill of materials
N-616,"Yang, D. et al. Urban buildings material intensity in China from 1949 to 2015. Resour. Conserv. Recycl. 159, 104824 (2020).",Specific,Construction bill of materials
N-617,"Yang, D. et al. Urban buildings material intensity in China from 1949 to 2015. Resour. Conserv. Recycl. 159, 104824 (2020).",Specific,Construction bill of materials
N-618,"Yang, D. et al. Urban buildings material intensity in China from 1949 to 2015. Resour. Conserv. Recycl. 159, 104824 (2020).",Specific,Construction bill of materials
N-619,"Yang, D. et al. Urban buildings material intensity in China from 1949 to 2015. Resour. Conserv. Recycl. 159, 104824 (2020).",Specific,Construction bill of materials
N-620,"Yang, D. et al. Urban buildings material intensity in China from 1949 to 2015. Resour. Conserv. Recycl. 159, 104824 (2020).",Specific,Construction bill of materials
N-621,"Yang, D. et al. Urban buildings material intensity in China from 1949 to 2015. Resour. Conserv. Recycl. 159, 104824 (2020).",Specific,Construction bill of materials
N-622,"Yang, D. et al. Urban buildings material intensity in China from 1949 to 2015. Resour. Conserv. Recycl. 159, 104824 (2020).",Specific,Construction bill of materials
N-623,"Yang, D. et al. Urban buildings material intensity in China from 1949 to 2015. Resour. Conserv. Recycl. 159, 104824 (2020).",Specific,Construction bill of materials
N-624,"Yang, D. et al. Urban buildings material intensity in China from 1949 to 2015. Resour. Conserv. Recycl. 159, 104824 (2020).",Specific,Construction bill of materials
N-625,"Yang, D. et al. Urban buildings material intensity in China from 1949 to 2015. Resour. Conserv. Recycl. 159, 104824 (2020).",Specific,Construction bill of materials
N-626,"Yang, D. et al. Urban buildings material intensity in China from 1949 to 2015. Resour. Conserv. Recycl. 159, 104824 (2020).",Specific,Construction bill of materials
N-627,"Yang, D. et al. Urban buildings material intensity in China from 1949 to 2015. Resour. Conserv. Recycl. 159, 104824 (2020).",Specific,Construction bill of materials
N-628,"Yang, D. et al. Urban buildings material intensity in China from 1949 to 2015. Resour. Conserv. Recycl. 159, 104824 (2020).",Specific,Construction bill of materials
N-629,"Yang, D. et al. Urban buildings material intensity in China from 1949 to 2015. Resour. Conserv. Recycl. 159, 104824 (2020).",Specific,Construction bill of materials
N-630,"Yang, D. et al. Urban buildings material intensity in China from 1949 to 2015. Resour. Conserv. Recycl. 159, 104824 (2020).",Specific,Construction bill of materials
N-631,"Yang, D. et al. Urban buildings material intensity in China from 1949 to 2015. Resour. Conserv. Recycl. 159, 104824 (2020).",Specific,Construction bill of materials
N-632,"Yang, D. et al. Urban buildings material intensity in China from 1949 to 2015. Resour. Conserv. Recycl. 159, 104824 (2020).",Specific,Construction bill of materials
N-633,"Yang, D. et al. Urban buildings material intensity in China from 1949 to 2015. Resour. Conserv. Recycl. 159, 104824 (2020).",Specific,Construction bill of materials
N-634,"Yang, D. et al. Urban buildings material intensity in China from 1949 to 2015. Resour. Conserv. Recycl. 159, 104824 (2020).",Specific,Construction bill of materials
N-635,"Yang, D. et al. Urban buildings material intensity in China from 1949 to 2015. Resour. Conserv. Recycl. 159, 104824 (2020).",Specific,Construction bill of materials
N-636,"Yang, D. et al. Urban buildings material intensity in China from 1949 to 2015. Resour. Conserv. Recycl. 159, 104824 (2020).",Specific,Construction bill of materials
N-637,"Yang, D. et al. Urban buildings material intensity in China from 1949 to 2015. Resour. Conserv. Recycl. 159, 104824 (2020).",Specific,Construction bill of materials
N-638,"Yang, D. et al. Urban buildings material intensity in China from 1949 to 2015. Resour. Conserv. Recycl. 159, 104824 (2020).",Specific,Construction bill of materials
N-639,"Yang, D. et al. Urban buildings material intensity in China from 1949 to 2015. Resour. Conserv. Recycl. 159, 104824 (2020).",Specific,Construction bill of materials
N-640,"Yang, D. et al. Urban buildings material intensity in China from 1949 to 2015. Resour. Conserv. Recycl. 159, 104824 (2020).",Specific,Construction bill of materials
N-641,"Yang, D. et al. Urban buildings material intensity in China from 1949 to 2015. Resour. Conserv. Recycl. 159, 104824 (2020).",Specific,Construction bill of materials
N-642,"Yang, D. et al. Urban buildings material intensity in China from 1949 to 2015. Resour. Conserv. Recycl. 159, 104824 (2020).",Specific,Construction bill of materials
N-643,"Yang, D. et al. Urban buildings material intensity in China from 1949 to 2015. Resour. Conserv. Recycl. 159, 104824 (2020).",Specific,Construction bill of materials
N-644,"Yang, D. et al. Urban buildings material intensity in China from 1949 to 2015. Resour. Conserv. Recycl. 159, 104824 (2020).",Specific,Construction bill of materials
N-645,"Yang, D. et al. Urban buildings material intensity in China from 1949 to 2015. Resour. Conserv. Recycl. 159, 104824 (2020).",Specific,Construction bill of materials
N-646,"Yang, D. et al. Urban buildings material intensity in China from 1949 to 2015. Resour. Conserv. Recycl. 159, 104824 (2020).",Specific,Construction bill of materials
N-647,"Yang, D. et al. Urban buildings material intensity in China from 1949 to 2015. Resour. Conserv. Recycl. 159, 104824 (2020).",Specific,Construction bill of materials
N-648,"Yang, D. et al. Urban buildings material intensity in China from 1949 to 2015. Resour. Conserv. Recycl. 159, 104824 (2020).",Specific,Construction bill of materials
N-649,"Yang, D. et al. Urban buildings material intensity in China from 1949 to 2015. Resour. Conserv. Recycl. 159, 104824 (2020).",Specific,Construction bill of materials
N-650,"Yang, D. et al. Urban buildings material intensity in China from 1949 to 2015. Resour. Conserv. Recycl. 159, 104824 (2020).",Specific,Construction bill of materials
N-651,"Yang, D. et al. Urban buildings material intensity in China from 1949 to 2015. Resour. Conserv. Recycl. 159, 104824 (2020).",Specific,Construction bill of materials
N-652,"Yang, D. et al. Urban buildings material intensity in China from 1949 to 2015. Resour. Conserv. Recycl. 159, 104824 (2020).",Specific,Construction bill of materials
N-653,"Yang, D. et al. Urban buildings material intensity in China from 1949 to 2015. Resour. Conserv. Recycl. 159, 104824 (2020).",Specific,Construction bill of materials
N-654,"Yang, D. et al. Urban buildings material intensity in China from 1949 to 2015. Resour. Conserv. Recycl. 159, 104824 (2020).",Specific,Construction bill of materials
N-655,"Yang, D. et al. Urban buildings material intensity in China from 1949 to 2015. Resour. Conserv. Recycl. 159, 104824 (2020).",Specific,Construction bill of materials
N-656,"Yang, D. et al. Urban buildings material intensity in China from 1949 to 2015. Resour. Conserv. Recycl. 159, 104824 (2020).",Specific,Construction bill of materials
N-657,"Yang, D. et al. Urban buildings material intensity in China from 1949 to 2015. Resour. Conserv. Recycl. 159, 104824 (2020).",Specific,Construction bill of materials
N-658,"Yang, D. et al. Urban buildings material intensity in China from 1949 to 2015. Resour. Conserv. Recycl. 159, 104824 (2020).",Specific,Construction bill of materials
N-659,"Yang, D. et al. Urban buildings material intensity in China from 1949 to 2015. Resour. Conserv. Recycl. 159, 104824 (2020).",Specific,Construction bill of materials
N-660,"Yang, D. et al. Urban buildings material intensity in China from 1949 to 2015. Resour. Conserv. Recycl. 159, 104824 (2020).",Specific,Construction bill of materials
N-661,"Yang, D. et al. Urban buildings material intensity in China from 1949 to 2015. Resour. Conserv. Recycl. 159, 104824 (2020).",Specific,Construction bill of materials
N-662,"Yang, D. et al. Urban buildings material intensity in China from 1949 to 2015. Resour. Conserv. Recycl. 159, 104824 (2020).",Specific,Construction bill of materials
N-663,"Yang, D. et al. Urban buildings material intensity in China from 1949 to 2015. Resour. Conserv. Recycl. 159, 104824 (2020).",Specific,Construction bill of materials
N-664,"Yang, D. et al. Urban buildings material intensity in China from 1949 to 2015. Resour. Conserv. Recycl. 159, 104824 (2020).",Specific,Construction bill of materials
N-665,"Yang, D. et al. Urban buildings material intensity in China from 1949 to 2015. Resour. Conserv. Recycl. 159, 104824 (2020).",Specific,Construction bill of materials
N-666,"Yang, D. et al. Urban buildings material intensity in China from 1949 to 2015. Resour. Conserv. Recycl. 159, 104824 (2020).",Specific,Construction bill of materials
N-667,"Yang, D. et al. Urban buildings material intensity in China from 1949 to 2015. Resour. Conserv. Recycl. 159, 104824 (2020).",Specific,Construction bill of materials
N-668,"Yang, D. et al. Urban buildings material intensity in China from 1949 to 2015. Resour. Conserv. Recycl. 159, 104824 (2020).",Specific,Construction bill of materials
N-669,"Yang, D. et al. Urban buildings material intensity in China from 1949 to 2015. Resour. Conserv. Recycl. 159, 104824 (2020).",Specific,Construction bill of materials
N-670,"Yang, D. et al. Urban buildings material intensity in China from 1949 to 2015. Resour. Conserv. Recycl. 159, 104824 (2020).",Specific,Construction bill of materials
N-671,"Yang, D. et al. Urban buildings material intensity in China from 1949 to 2015. Resour. Conserv. Recycl. 159, 104824 (2020).",Specific,Construction bill of materials
N-672,"Yang, D. et al. Urban buildings material intensity in China from 1949 to 2015. Resour. Conserv. Recycl. 159, 104824 (2020).",Specific,Construction bill of materials
N-673,"Yang, D. et al. Urban buildings material intensity in China from 1949 to 2015. Resour. Conserv. Recycl. 159, 104824 (2020).",Specific,Construction bill of materials
N-674,"Yang, D. et al. Urban buildings material intensity in China from 1949 to 2015. Resour. Conserv. Recycl. 159, 104824 (2020).",Specific,Construction bill of materials
N-675,"Yang, D. et al. Urban buildings material intensity in China from 1949 to 2015. Resour. Conserv. Recycl. 159, 104824 (2020).",Specific,Construction bill of materials
N-676,"Yang, D. et al. Urban buildings material intensity in China from 1949 to 2015. Resour. Conserv. Recycl. 159, 104824 (2020).",Specific,Construction bill of materials
N-677,"Yang, D. et al. Urban buildings material intensity in China from 1949 to 2015. Resour. Conserv. Recycl. 159, 104824 (2020).",Specific,Construction bill of materials
N-678,"Yang, D. et al. Urban buildings material intensity in China from 1949 to 2015. Resour. Conserv. Recycl. 159, 104824 (2020).",Specific,Construction bill of materials
N-679,"Yang, D. et al. Urban buildings material intensity in China from 1949 to 2015. Resour. Conserv. Recycl. 159, 104824 (2020).",Specific,Construction bill of materials
N-680,"Yang, D. et al. Urban buildings material intensity in China from 1949 to 2015. Resour. Conserv. Recycl. 159, 104824 (2020).",Specific,Construction bill of materials
N-681,"Yang, D. et al. Urban buildings material intensity in China from 1949 to 2015. Resour. Conserv. Recycl. 159, 104824 (2020).",Specific,Construction bill of materials
N-682,"Yang, D. et al. Urban buildings material intensity in China from 1949 to 2015. Resour. Conserv. Recycl. 159, 104824 (2020).",Specific,Construction bill of materials
N-683,"Yang, D. et al. Urban buildings material intensity in China from 1949 to 2015. Resour. Conserv. Recycl. 159, 104824 (2020).",Specific,Construction bill of materials
N-684,"Yang, D. et al. Urban buildings material intensity in China from 1949 to 2015. Resour. Conserv. Recycl. 159, 104824 (2020).",Specific,Construction bill of materials
N-685,"Yang, D. et al. Urban buildings material intensity in China from 1949 to 2015. Resour. Conserv. Recycl. 159, 104824 (2020).",Specific,Construction bill of materials
N-686,"Yang, D. et al. Urban buildings material intensity in China from 1949 to 2015. Resour. Conserv. Recycl. 159, 104824 (2020).",Specific,Construction bill of materials
N-687,"Yang, D. et al. Urban buildings material intensity in China from 1949 to 2015. Resour. Conserv. Recycl. 159, 104824 (2020).",Specific,Construction bill of materials
N-688,"Yang, D. et al. Urban buildings material intensity in China from 1949 to 2015. Resour. Conserv. Recycl. 159, 104824 (2020).",Specific,Construction bill of materials
N-689,"Yang, D. et al. Urban buildings material intensity in China from 1949 to 2015. Resour. Conserv. Recycl. 159, 104824 (2020).",Specific,Construction bill of materials
N-690,"Yang, D. et al. Urban buildings material intensity in China from 1949 to 2015. Resour. Conserv. Recycl. 159, 104824 (2020).",Specific,Construction bill of materials
N-691,"Yang, D. et al. Urban buildings material intensity in China from 1949 to 2015. Resour. Conserv. Recycl. 159, 104824 (2020).",Specific,Construction bill of materials
N-692,"Yang, D. et al. Urban buildings material intensity in China from 1949 to 2015. Resour. Conserv. Recycl. 159, 104824 (2020).",Specific,Construction bill of materials
N-693,"Yang, D. et al. Urban buildings material intensity in China from 1949 to 2015. Resour. Conserv. Recycl. 159, 104824 (2020).",Specific,Construction bill of materials
N-694,"Yang, D. et al. Urban buildings material intensity in China from 1949 to 2015. Resour. Conserv. Recycl. 159, 104824 (2020).",Specific,Construction bill of materials
N-695,"Yang, D. et al. Urban buildings material intensity in China from 1949 to 2015. Resour. Conserv. Recycl. 159, 104824 (2020).",Specific,Construction bill of materials
N-696,"Yang, D. et al. Urban buildings material intensity in China from 1949 to 2015. Resour. Conserv. Recycl. 159, 104824 (2020).",Specific,Construction bill of materials
N-697,"Yang, D. et al. Urban buildings material intensity in China from 1949 to 2015. Resour. Conserv. Recycl. 159, 104824 (2020).",Specific,Construction bill of materials
N-698,"Yang, D. et al. Urban buildings material intensity in China from 1949 to 2015. Resour. Conserv. Recycl. 159, 104824 (2020).",Specific,Construction bill of materials
N-699,"Yang, D. et al. Urban buildings material intensity in China from 1949 to 2015. Resour. Conserv. Recycl. 159, 104824 (2020).",Specific,Construction bill of materials
N-700,"Yang, D. et al. Urban buildings material intensity in China from 1949 to 2015. Resour. Conserv. Recycl. 159, 104824 (2020).",Specific,Construction bill of materials
N-701,"Yang, D. et al. Urban buildings material intensity in China from 1949 to 2015. Resour. Conserv. Recycl. 159, 104824 (2020).",Specific,Construction bill of materials
N-702,"Yang, D. et al. Urban buildings material intensity in China from 1949 to 2015. Resour. Conserv. Recycl. 159, 104824 (2020).",Specific,Construction bill of materials
N-703,"Yang, D. et al. Urban buildings material intensity in China from 1949 to 2015. Resour. Conserv. Recycl. 159, 104824 (2020).",Specific,Construction bill of materials
N-704,"Yang, D. et al. Urban buildings material intensity in China from 1949 to 2015. Resour. Conserv. Recycl. 159, 104824 (2020).",Specific,Construction bill of materials
N-705,"Yang, D. et al. Urban buildings material intensity in China from 1949 to 2015. Resour. Conserv. Recycl. 159, 104824 (2020).",Specific,Construction bill of materials
N-706,"Yang, D. et al. Urban buildings material intensity in China from 1949 to 2015. Resour. Conserv. Recycl. 159, 104824 (2020).",Specific,Construction bill of materials
N-707,"Yang, D. et al. Urban buildings material intensity in China from 1949 to 2015. Resour. Conserv. Recycl. 159, 104824 (2020).",Specific,Construction bill of materials
N-708,"Yang, D. et al. Urban buildings material intensity in China from 1949 to 2015. Resour. Conserv. Recycl. 159, 104824 (2020).",Specific,Construction bill of materials
N-709,"Yang, D. et al. Urban buildings material intensity in China from 1949 to 2015. Resour. Conserv. Recycl. 159, 104824 (2020).",Specific,Construction bill of materials
N-710,"Yang, D. et al. Urban buildings material intensity in China from 1949 to 2015. Resour. Conserv. Recycl. 159, 104824 (2020).",Specific,Construction bill of materials
N-711,"Yang, D. et al. Urban buildings material intensity in China from 1949 to 2015. Resour. Conserv. Recycl. 159, 104824 (2020).",Specific,Construction bill of materials
N-712,"Yang, D. et al. Urban buildings material intensity in China from 1949 to 2015. Resour. Conserv. Recycl. 159, 104824 (2020).",Specific,Construction bill of materials
N-713,"Yang, D. et al. Urban buildings material intensity in China from 1949 to 2015. Resour. Conserv. Recycl. 159, 104824 (2020).",Specific,Construction bill of materials
N-714,"Yang, D. et al. Urban buildings material intensity in China from 1949 to 2015. Resour. Conserv. Recycl. 159, 104824 (2020).",Specific,Construction bill of materials
N-715,"Yang, D. et al. Urban buildings material intensity in China from 1949 to 2015. Resour. Conserv. Recycl. 159, 104824 (2020).",Specific,Construction bill of materials
N-716,"Yang, D. et al. Urban buildings material intensity in China from 1949 to 2015. Resour. Conserv. Recycl. 159, 104824 (2020).",Specific,Construction bill of materials
N-717,"Yang, D. et al. Urban buildings material intensity in China from 1949 to 2015. Resour. Conserv. Recycl. 159, 104824 (2020).",Specific,Construction bill of materials
N-718,"Yang, D. et al. Urban buildings material intensity in China from 1949 to 2015. Resour. Conserv. Recycl. 159, 104824 (2020).",Specific,Construction bill of materials
N-719,"Yang, D. et al. Urban buildings material intensity in China from 1949 to 2015. Resour. Conserv. Recycl. 159, 104824 (2020).",Specific,Construction bill of materials
N-720,"Yang, D. et al. Urban buildings material intensity in China from 1949 to 2015. Resour. Conserv. Recycl. 159, 104824 (2020).",Specific,Construction bill of materials
N-721,"Yang, D. et al. Urban buildings material intensity in China from 1949 to 2015. Resour. Conserv. Recycl. 159, 104824 (2020).",Specific,Construction bill of materials
N-722,"Yang, D. et al. Urban buildings material intensity in China from 1949 to 2015. Resour. Conserv. Recycl. 159, 104824 (2020).",Specific,Construction bill of materials
N-723,"Yang, D. et al. Urban buildings material intensity in China from 1949 to 2015. Resour. Conserv. Recycl. 159, 104824 (2020).",Specific,Construction bill of materials
N-724,"Yang, D. et al. Urban buildings material intensity in China from 1949 to 2015. Resour. Conserv. Recycl. 159, 104824 (2020).",Specific,Construction bill of materials
N-725,"Yang, D. et al. Urban buildings material intensity in China from 1949 to 2015. Resour. Conserv. Recycl. 159, 104824 (2020).",Specific,Construction bill of materials
N-726,"Yang, D. et al. Urban buildings material intensity in China from 1949 to 2015. Resour. Conserv. Recycl. 159, 104824 (2020).",Specific,Construction bill of materials
N-727,"Yang, D. et al. Urban buildings material intensity in China from 1949 to 2015. Resour. Conserv. Recycl. 159, 104824 (2020).",Specific,Construction bill of materials
N-728,"Yang, D. et al. Urban buildings material intensity in China from 1949 to 2015. Resour. Conserv. Recycl. 159, 104824 (2020).",Specific,Construction bill of materials
N-729,"Yang, D. et al. Urban buildings material intensity in China from 1949 to 2015. Resour. Conserv. Recycl. 159, 104824 (2020).",Specific,Construction bill of materials
N-730,"Yang, D. et al. Urban buildings material intensity in China from 1949 to 2015. Resour. Conserv. Recycl. 159, 104824 (2020).",Specific,Construction bill of materials
N-731,"Yang, D. et al. Urban buildings material intensity in China from 1949 to 2015. Resour. Conserv. Recycl. 159, 104824 (2020).",Specific,Construction bill of materials
N-732,"Yang, D. et al. Urban buildings material intensity in China from 1949 to 2015. Resour. Conserv. Recycl. 159, 104824 (2020).",Specific,Construction bill of materials
N-733,"Yang, D. et al. Urban buildings material intensity in China from 1949 to 2015. Resour. Conserv. Recycl. 159, 104824 (2020).",Specific,Construction bill of materials
N-734,"Yang, D. et al. Urban buildings material intensity in China from 1949 to 2015. Resour. Conserv. Recycl. 159, 104824 (2020).",Specific,Construction bill of materials
N-735,"Yang, D. et al. Urban buildings material intensity in China from 1949 to 2015. Resour. Conserv. Recycl. 159, 104824 (2020).",Specific,Construction bill of materials
N-736,"Yang, D. et al. Urban buildings material intensity in China from 1949 to 2015. Resour. Conserv. Recycl. 159, 104824 (2020).",Specific,Construction bill of materials
N-737,"Yang, D. et al. Urban buildings material intensity in China from 1949 to 2015. Resour. Conserv. Recycl. 159, 104824 (2020).",Specific,Construction bill of materials
N-738,"Yang, D. et al. Urban buildings material intensity in China from 1949 to 2015. Resour. Conserv. Recycl. 159, 104824 (2020).",Specific,Construction bill of materials
N-739,"Yang, D. et al. Urban buildings material intensity in China from 1949 to 2015. Resour. Conserv. Recycl. 159, 104824 (2020).",Specific,Construction bill of materials
N-740,"Yang, D. et al. Urban buildings material intensity in China from 1949 to 2015. Resour. Conserv. Recycl. 159, 104824 (2020).",Specific,Construction bill of materials
N-741,"Yang, D. et al. Urban buildings material intensity in China from 1949 to 2015. Resour. Conserv. Recycl. 159, 104824 (2020).",Specific,Construction bill of materials
N-742,"Yang, D. et al. Urban buildings material intensity in China from 1949 to 2015. Resour. Conserv. Recycl. 159, 104824 (2020).",Specific,Construction bill of materials
N-743,"Yang, D. et al. Urban buildings material intensity in China from 1949 to 2015. Resour. Conserv. Recycl. 159, 104824 (2020).",Specific,Construction bill of materials
N-744,"Yang, D. et al. Urban buildings material intensity in China from 1949 to 2015. Resour. Conserv. Recycl. 159, 104824 (2020).",Specific,Construction bill of materials
N-745,"Yang, D. et al. Urban buildings material intensity in China from 1949 to 2015. Resour. Conserv. Recycl. 159, 104824 (2020).",Specific,Construction bill of materials
N-746,"Yang, D. et al. Urban buildings material intensity in China from 1949 to 2015. Resour. Conserv. Recycl. 159, 104824 (2020).",Specific,Construction bill of materials
N-747,"Yang, D. et al. Urban buildings material intensity in China from 1949 to 2015. Resour. Conserv. Recycl. 159, 104824 (2020).",Specific,Construction bill of materials
N-748,"Yang, D. et al. Urban buildings material intensity in China from 1949 to 2015. Resour. Conserv. Recycl. 159, 104824 (2020).",Specific,Construction bill of materials
N-749,"Yang, D. et al. Urban buildings material intensity in China from 1949 to 2015. Resour. Conserv. Recycl. 159, 104824 (2020).",Specific,Construction bill of materials
N-750,"Yang, D. et al. Urban buildings material intensity in China from 1949 to 2015. Resour. Conserv. Recycl. 159, 104824 (2020).",Specific,Construction bill of materials
N-751,"Yang, D. et al. Urban buildings material intensity in China from 1949 to 2015. Resour. Conserv. Recycl. 159, 104824 (2020).",Specific,Construction bill of materials
N-752,"Yang, D. et al. Urban buildings material intensity in China from 1949 to 2015. Resour. Conserv. Recycl. 159, 104824 (2020).",Specific,Construction bill of materials
N-753,"Yang, D. et al. Urban buildings material intensity in China from 1949 to 2015. Resour. Conserv. Recycl. 159, 104824 (2020).",Specific,Construction bill of materials
N-754,"Yang, D. et al. Urban buildings material intensity in China from 1949 to 2015. Resour. Conserv. Recycl. 159, 104824 (2020).",Specific,Construction bill of materials
N-755,"Yang, D. et al. Urban buildings material intensity in China from 1949 to 2015. Resour. Conserv. Recycl. 159, 104824 (2020).",Specific,Construction bill of materials
N-756,"Yang, D. et al. Urban buildings material intensity in China from 1949 to 2015. Resour. Conserv. Recycl. 159, 104824 (2020).",Specific,Construction bill of materials
N-757,"Yang, D. et al. Urban buildings material intensity in China from 1949 to 2015. Resour. Conserv. Recycl. 159, 104824 (2020).",Specific,Construction bill of materials
N-758,"Yang, D. et al. Urban buildings material intensity in China from 1949 to 2015. Resour. Conserv. Recycl. 159, 104824 (2020).",Specific,Construction bill of materials
N-759,"Yang, D. et al. Urban buildings material intensity in China from 1949 to 2015. Resour. Conserv. Recycl. 159, 104824 (2020).",Specific,Construction bill of materials
N-760,"Yang, D. et al. Urban buildings material intensity in China from 1949 to 2015. Resour. Conserv. Recycl. 159, 104824 (2020).",Specific,Construction bill of materials
N-761,"Yang, D. et al. Urban buildings material intensity in China from 1949 to 2015. Resour. Conserv. Recycl. 159, 104824 (2020).",Specific,Construction bill of materials
N-762,"Yang, D. et al. Urban buildings material intensity in China from 1949 to 2015. Resour. Conserv. Recycl. 159, 104824 (2020).",Specific,Construction bill of materials
N-763,"Yang, D. et al. Urban buildings material intensity in China from 1949 to 2015. Resour. Conserv. Recycl. 159, 104824 (2020).",Specific,Construction bill of materials
N-764,"Yang, D. et al. Urban buildings material intensity in China from 1949 to 2015. Resour. Conserv. Recycl. 159, 104824 (2020).",Specific,Construction bill of materials
N-765,"Yang, D. et al. Urban buildings material intensity in China from 1949 to 2015. Resour. Conserv. Recycl. 159, 104824 (2020).",Specific,Construction bill of materials
N-766,"Yang, D. et al. Urban buildings material intensity in China from 1949 to 2015. Resour. Conserv. Recycl. 159, 104824 (2020).",Specific,Construction bill of materials
N-767,"Yang, D. et al. Urban buildings material intensity in China from 1949 to 2015. Resour. Conserv. Recycl. 159, 104824 (2020).",Specific,Construction bill of materials
N-768,"Yang, D. et al. Urban buildings material intensity in China from 1949 to 2015. Resour. Conserv. Recycl. 159, 104824 (2020).",Specific,Construction bill of materials
N-769,"Yang, D. et al. Urban buildings material intensity in China from 1949 to 2015. Resour. Conserv. Recycl. 159, 104824 (2020).",Specific,Construction bill of materials
N-770,"Yang, D. et al. Urban buildings material intensity in China from 1949 to 2015. Resour. Conserv. Recycl. 159, 104824 (2020).",Specific,Construction bill of materials
N-771,"Yang, D. et al. Urban buildings material intensity in China from 1949 to 2015. Resour. Conserv. Recycl. 159, 104824 (2020).",Specific,Construction bill of materials
N-772,"Yang, D. et al. Urban buildings material intensity in China from 1949 to 2015. Resour. Conserv. Recycl. 159, 104824 (2020).",Specific,Construction bill of materials
N-773,"Yang, D. et al. Urban buildings material intensity in China from 1949 to 2015. Resour. Conserv. Recycl. 159, 104824 (2020).",Specific,Construction bill of materials
N-774,"Yang, D. et al. Urban buildings material intensity in China from 1949 to 2015. Resour. Conserv. Recycl. 159, 104824 (2020).",Specific,Construction bill of materials
N-775,"Yang, D. et al. Urban buildings material intensity in China from 1949 to 2015. Resour. Conserv. Recycl. 159, 104824 (2020).",Specific,Construction bill of materials
N-776,"Yang, D. et al. Urban buildings material intensity in China from 1949 to 2015. Resour. Conserv. Recycl. 159, 104824 (2020).",Specific,Construction bill of materials
N-777,"Yang, D. et al. Urban buildings material intensity in China from 1949 to 2015. Resour. Conserv. Recycl. 159, 104824 (2020).",Specific,Construction bill of materials
N-778,"Yang, D. et al. Urban buildings material intensity in China from 1949 to 2015. Resour. Conserv. Recycl. 159, 104824 (2020).",Specific,Construction bill of materials
N-779,"Yang, D. et al. Urban buildings material intensity in China from 1949 to 2015. Resour. Conserv. Recycl. 159, 104824 (2020).",Specific,Construction bill of materials
N-780,"Yang, D. et al. Urban buildings material intensity in China from 1949 to 2015. Resour. Conserv. Recycl. 159, 104824 (2020).",Specific,Construction bill of materials
N-781,"Yang, D. et al. Urban buildings material intensity in China from 1949 to 2015. Resour. Conserv. Recycl. 159, 104824 (2020).",Specific,Construction bill of materials
N-782,"Yang, D. et al. Urban buildings material intensity in China from 1949 to 2015. Resour. Conserv. Recycl. 159, 104824 (2020).",Specific,Construction bill of materials
N-783,"Yang, D. et al. Urban buildings material intensity in China from 1949 to 2015. Resour. Conserv. Recycl. 159, 104824 (2020).",Specific,Construction bill of materials
N-784,"Yang, D. et al. Urban buildings material intensity in China from 1949 to 2015. Resour. Conserv. Recycl. 159, 104824 (2020).",Specific,Construction bill of materials
N-785,"Yang, D. et al. Urban buildings material intensity in China from 1949 to 2015. Resour. Conserv. Recycl. 159, 104824 (2020).",Specific,Construction bill of materials
N-786,"Yang, D. et al. Urban buildings material intensity in China from 1949 to 2015. Resour. Conserv. Recycl. 159, 104824 (2020).",Specific,Construction bill of materials
N-787,"Yang, D. et al. Urban buildings material intensity in China from 1949 to 2015. Resour. Conserv. Recycl. 159, 104824 (2020).",Specific,Construction bill of materials
N-788,"Yang, D. et al. Urban buildings material intensity in China from 1949 to 2015. Resour. Conserv. Recycl. 159, 104824 (2020).",Specific,Construction bill of materials
N-789,"Yang, D. et al. Urban buildings material intensity in China from 1949 to 2015. Resour. Conserv. Recycl. 159, 104824 (2020).",Specific,Construction bill of materials
N-790,"Yang, D. et al. Urban buildings material intensity in China from 1949 to 2015. Resour. Conserv. Recycl. 159, 104824 (2020).",Specific,Construction bill of materials
N-791,"Yang, D. et al. Urban buildings material intensity in China from 1949 to 2015. Resour. Conserv. Recycl. 159, 104824 (2020).",Specific,Construction bill of materials
N-792,"Yang, D. et al. Urban buildings material intensity in China from 1949 to 2015. Resour. Conserv. Recycl. 159, 104824 (2020).",Specific,Construction bill of materials
N-793,"Yang, D. et al. Urban buildings material intensity in China from 1949 to 2015. Resour. Conserv. Recycl. 159, 104824 (2020).",Specific,Construction bill of materials
N-794,"Yang, D. et al. Urban buildings material intensity in China from 1949 to 2015. Resour. Conserv. Recycl. 159, 104824 (2020).",Specific,Construction bill of materials
N-795,"Yang, D. et al. Urban buildings material intensity in China from 1949 to 2015. Resour. Conserv. Recycl. 159, 104824 (2020).",Specific,Construction bill of materials
N-796,"Yang, D. et al. Urban buildings material intensity in China from 1949 to 2015. Resour. Conserv. Recycl. 159, 104824 (2020).",Specific,Construction bill of materials
N-797,"Yang, D. et al. Urban buildings material intensity in China from 1949 to 2015. Resour. Conserv. Recycl. 159, 104824 (2020).",Specific,Construction bill of materials
N-798,"Yang, D. et al. Urban buildings material intensity in China from 1949 to 2015. Resour. Conserv. Recycl. 159, 104824 (2020).",Specific,Construction bill of materials
N-799,"Yang, D. et al. Urban buildings material intensity in China from 1949 to 2015. Resour. Conserv. Recycl. 159, 104824 (2020).",Specific,Construction bill of materials
N-800,"Yang, D. et al. Urban buildings material intensity in China from 1949 to 2015. Resour. Conserv. Recycl. 159, 104824 (2020).",Specific,Construction bill of materials
N-801,"Yang, D. et al. Urban buildings material intensity in China from 1949 to 2015. Resour. Conserv. Recycl. 159, 104824 (2020).",Specific,Construction bill of materials
N-802,"Yang, D. et al. Urban buildings material intensity in China from 1949 to 2015. Resour. Conserv. Recycl. 159, 104824 (2020).",Specific,Construction bill of materials
N-803,"Yang, D. et al. Urban buildings material intensity in China from 1949 to 2015. Resour. Conserv. Recycl. 159, 104824 (2020).",Specific,Construction bill of materials
N-804,"Yang, D. et al. Urban buildings material intensity in China from 1949 to 2015. Resour. Conserv. Recycl. 159, 104824 (2020).",Specific,Construction bill of materials
N-805,"Yang, D. et al. Urban buildings material intensity in China from 1949 to 2015. Resour. Conserv. Recycl. 159, 104824 (2020).",Specific,Construction bill of materials
N-806,"Yang, D. et al. Urban buildings material intensity in China from 1949 to 2015. Resour. Conserv. Recycl. 159, 104824 (2020).",Specific,Construction bill of materials
N-807,"Yang, D. et al. Urban buildings material intensity in China from 1949 to 2015. Resour. Conserv. Recycl. 159, 104824 (2020).",Specific,Construction bill of materials
N-808,"Yang, D. et al. Urban buildings material intensity in China from 1949 to 2015. Resour. Conserv. Recycl. 159, 104824 (2020).",Specific,Construction bill of materials
N-809,"Yang, D. et al. Urban buildings material intensity in China from 1949 to 2015. Resour. Conserv. Recycl. 159, 104824 (2020).",Specific,Construction bill of materials
N-810,"Yang, D. et al. Urban buildings material intensity in China from 1949 to 2015. Resour. Conserv. Recycl. 159, 104824 (2020).",Specific,Construction bill of materials
N-811,"Yang, D. et al. Urban buildings material intensity in China from 1949 to 2015. Resour. Conserv. Recycl. 159, 104824 (2020).",Specific,Construction bill of materials
N-812,"Yang, D. et al. Urban buildings material intensity in China from 1949 to 2015. Resour. Conserv. Recycl. 159, 104824 (2020).",Specific,Construction bill of materials
N-813,"Yang, D. et al. Urban buildings material intensity in China from 1949 to 2015. Resour. Conserv. Recycl. 159, 104824 (2020).",Specific,Construction bill of materials
N-814,"Yang, D. et al. Urban buildings material intensity in China from 1949 to 2015. Resour. Conserv. Recycl. 159, 104824 (2020).",Specific,Construction bill of materials
N-815,"Yang, D. et al. Urban buildings material intensity in China from 1949 to 2015. Resour. Conserv. Recycl. 159, 104824 (2020).",Specific,Construction bill of materials
N-816,"Yang, D. et al. Urban buildings material intensity in China from 1949 to 2015. Resour. Conserv. Recycl. 159, 104824 (2020).",Specific,Construction bill of materials
N-817,"Yang, D. et al. Urban buildings material intensity in China from 1949 to 2015. Resour. Conserv. Recycl. 159, 104824 (2020).",Specific,Construction bill of materials
N-818,"Yang, D. et al. Urban buildings material intensity in China from 1949 to 2015. Resour. Conserv. Recycl. 159, 104824 (2020).",Specific,Construction bill of materials
N-819,"Yang, D. et al. Urban buildings material intensity in China from 1949 to 2015. Resour. Conserv. Recycl. 159, 104824 (2020).",Specific,Construction bill of materials
N-820,"Yang, D. et al. Urban buildings material intensity in China from 1949 to 2015. Resour. Conserv. Recycl. 159, 104824 (2020).",Specific,Construction bill of materials
N-821,"Yang, D. et al. Urban buildings material intensity in China from 1949 to 2015. Resour. Conserv. Recycl. 159, 104824 (2020).",Specific,Construction bill of materials
N-822,"Yang, D. et al. Urban buildings material intensity in China from 1949 to 2015. Resour. Conserv. Recycl. 159, 104824 (2020).",Specific,Construction bill of materials
N-823,"Yang, D. et al. Urban buildings material intensity in China from 1949 to 2015. Resour. Conserv. Recycl. 159, 104824 (2020).",Specific,Construction bill of materials
N-824,"Yang, D. et al. Urban buildings material intensity in China from 1949 to 2015. Resour. Conserv. Recycl. 159, 104824 (2020).",Specific,Construction bill of materials
N-825,"Yang, D. et al. Urban buildings material intensity in China from 1949 to 2015. Resour. Conserv. Recycl. 159, 104824 (2020).",Specific,Construction bill of materials
N-826,"Yang, D. et al. Urban buildings material intensity in China from 1949 to 2015. Resour. Conserv. Recycl. 159, 104824 (2020).",Specific,Construction bill of materials
N-827,"Yang, D. et al. Urban buildings material intensity in China from 1949 to 2015. Resour. Conserv. Recycl. 159, 104824 (2020).",Specific,Construction bill of materials
N-828,"Yang, D. et al. Urban buildings material intensity in China from 1949 to 2015. Resour. Conserv. Recycl. 159, 104824 (2020).",Specific,Construction bill of materials
N-829,"Yang, D. et al. Urban buildings material intensity in China from 1949 to 2015. Resour. Conserv. Recycl. 159, 104824 (2020).",Specific,Construction bill of materials
N-830,"Yang, D. et al. Urban buildings material intensity in China from 1949 to 2015. Resour. Conserv. Recycl. 159, 104824 (2020).",Specific,Construction bill of materials
N-831,"Yang, D. et al. Urban buildings material intensity in China from 1949 to 2015. Resour. Conserv. Recycl. 159, 104824 (2020).",Specific,Construction bill of materials
N-832,"Yang, D. et al. Urban buildings material intensity in China from 1949 to 2015. Resour. Conserv. Recycl. 159, 104824 (2020).",Specific,Construction bill of materials
N-833,"Yang, D. et al. Urban buildings material intensity in China from 1949 to 2015. Resour. Conserv. Recycl. 159, 104824 (2020).",Specific,Construction bill of materials
N-834,"Yang, D. et al. Urban buildings material intensity in China from 1949 to 2015. Resour. Conserv. Recycl. 159, 104824 (2020).",Specific,Construction bill of materials
N-835,"Yang, D. et al. Urban buildings material intensity in China from 1949 to 2015. Resour. Conserv. Recycl. 159, 104824 (2020).",Specific,Construction bill of materials
N-836,"Yang, D. et al. Urban buildings material intensity in China from 1949 to 2015. Resour. Conserv. Recycl. 159, 104824 (2020).",Specific,Construction bill of materials
N-837,"Yang, D. et al. Urban buildings material intensity in China from 1949 to 2015. Resour. Conserv. Recycl. 159, 104824 (2020).",Specific,Construction bill of materials
N-838,"Yang, D. et al. Urban buildings material intensity in China from 1949 to 2015. Resour. Conserv. Recycl. 159, 104824 (2020).",Specific,Construction bill of materials
N-839,"Yang, D. et al. Urban buildings material intensity in China from 1949 to 2015. Resour. Conserv. Recycl. 159, 104824 (2020).",Specific,Construction bill of materials
N-840,"Yang, D. et al. Urban buildings material intensity in China from 1949 to 2015. Resour. Conserv. Recycl. 159, 104824 (2020).",Specific,Construction bill of materials
N-841,"Yang, D. et al. Urban buildings material intensity in China from 1949 to 2015. Resour. Conserv. Recycl. 159, 104824 (2020).",Specific,Construction bill of materials
N-842,"Yang, D. et al. Urban buildings material intensity in China from 1949 to 2015. Resour. Conserv. Recycl. 159, 104824 (2020).",Specific,Construction bill of materials
N-843,"Yang, D. et al. Urban buildings material intensity in China from 1949 to 2015. Resour. Conserv. Recycl. 159, 104824 (2020).",Specific,Construction bill of materials
N-844,"Yang, D. et al. Urban buildings material intensity in China from 1949 to 2015. Resour. Conserv. Recycl. 159, 104824 (2020).",Specific,Construction bill of materials
N-845,"Yang, D. et al. Urban buildings material intensity in China from 1949 to 2015. Resour. Conserv. Recycl. 159, 104824 (2020).",Specific,Construction bill of materials
N-846,"Yang, D. et al. Urban buildings material intensity in China from 1949 to 2015. Resour. Conserv. Recycl. 159, 104824 (2020).",Specific,Construction bill of materials
N-847,"Yang, D. et al. Urban buildings material intensity in China from 1949 to 2015. Resour. Conserv. Recycl. 159, 104824 (2020).",Specific,Construction bill of materials
N-848,"Yang, D. et al. Urban buildings material intensity in China from 1949 to 2015. Resour. Conserv. Recycl. 159, 104824 (2020).",Specific,Construction bill of materials
N-849,"Yang, D. et al. Urban buildings material intensity in China from 1949 to 2015. Resour. Conserv. Recycl. 159, 104824 (2020).",Specific,Construction bill of materials
N-850,"Yang, D. et al. Urban buildings material intensity in China from 1949 to 2015. Resour. Conserv. Recycl. 159, 104824 (2020).",Specific,Construction bill of materials
N-851,"Yang, D. et al. Urban buildings material intensity in China from 1949 to 2015. Resour. Conserv. Recycl. 159, 104824 (2020).",Specific,Construction bill of materials
N-852,"Yang, D. et al. Urban buildings material intensity in China from 1949 to 2015. Resour. Conserv. Recycl. 159, 104824 (2020).",Specific,Construction bill of materials
N-853,"Yang, D. et al. Urban buildings material intensity in China from 1949 to 2015. Resour. Conserv. Recycl. 159, 104824 (2020).",Specific,Construction bill of materials
N-854,"Yang, D. et al. Urban buildings material intensity in China from 1949 to 2015. Resour. Conserv. Recycl. 159, 104824 (2020).",Specific,Construction bill of materials
N-855,"Yang, D. et al. Urban buildings material intensity in China from 1949 to 2015. Resour. Conserv. Recycl. 159, 104824 (2020).",Specific,Construction bill of materials
N-856,"Yang, D. et al. Urban buildings material intensity in China from 1949 to 2015. Resour. Conserv. Recycl. 159, 104824 (2020).",Specific,Construction bill of materials
N-857,"Yang, D. et al. Urban buildings material intensity in China from 1949 to 2015. Resour. Conserv. Recycl. 159, 104824 (2020).",Specific,Construction bill of materials
N-858,"Yang, D. et al. Urban buildings material intensity in China from 1949 to 2015. Resour. Conserv. Recycl. 159, 104824 (2020).",Specific,Construction bill of materials
N-859,"Yang, D. et al. Urban buildings material intensity in China from 1949 to 2015. Resour. Conserv. Recycl. 159, 104824 (2020).",Specific,Construction bill of materials
N-860,"Yang, D. et al. Urban buildings material intensity in China from 1949 to 2015. Resour. Conserv. Recycl. 159, 104824 (2020).",Specific,Construction bill of materials
N-861,"Yang, D. et al. Urban buildings material intensity in China from 1949 to 2015. Resour. Conserv. Recycl. 159, 104824 (2020).",Specific,Construction bill of materials
N-862,"Yang, D. et al. Urban buildings material intensity in China from 1949 to 2015. Resour. Conserv. Recycl. 159, 104824 (2020).",Specific,Construction bill of materials
N-863,"Yang, D. et al. Urban buildings material intensity in China from 1949 to 2015. Resour. Conserv. Recycl. 159, 104824 (2020).",Specific,Construction bill of materials
N-864,"Yang, D. et al. Urban buildings material intensity in China from 1949 to 2015. Resour. Conserv. Recycl. 159, 104824 (2020).",Specific,Construction bill of materials
N-865,"Yang, D. et al. Urban buildings material intensity in China from 1949 to 2015. Resour. Conserv. Recycl. 159, 104824 (2020).",Specific,Construction bill of materials
N-866,"Yang, D. et al. Urban buildings material intensity in China from 1949 to 2015. Resour. Conserv. Recycl. 159, 104824 (2020).",Specific,Construction bill of materials
N-867,"Yang, D. et al. Urban buildings material intensity in China from 1949 to 2015. Resour. Conserv. Recycl. 159, 104824 (2020).",Specific,Construction bill of materials
N-868,"Yang, D. et al. Urban buildings material intensity in China from 1949 to 2015. Resour. Conserv. Recycl. 159, 104824 (2020).",Specific,Construction bill of materials
N-869,"Yang, D. et al. Urban buildings material intensity in China from 1949 to 2015. Resour. Conserv. Recycl. 159, 104824 (2020).",Specific,Construction bill of materials
N-870,"Yang, D. et al. Urban buildings material intensity in China from 1949 to 2015. Resour. Conserv. Recycl. 159, 104824 (2020).",Specific,Construction bill of materials
N-871,"Yang, D. et al. Urban buildings material intensity in China from 1949 to 2015. Resour. Conserv. Recycl. 159, 104824 (2020).",Specific,Construction bill of materials
N-872,"Yang, D. et al. Urban buildings material intensity in China from 1949 to 2015. Resour. Conserv. Recycl. 159, 104824 (2020).",Specific,Construction bill of materials
N-873,"Yang, D. et al. Urban buildings material intensity in China from 1949 to 2015. Resour. Conserv. Recycl. 159, 104824 (2020).",Specific,Construction bill of materials
N-874,"Yang, D. et al. Urban buildings material intensity in China from 1949 to 2015. Resour. Conserv. Recycl. 159, 104824 (2020).",Specific,Construction bill of materials
N-875,"Yang, D. et al. Urban buildings material intensity in China from 1949 to 2015. Resour. Conserv. Recycl. 159, 104824 (2020).",Specific,Construction bill of materials
N-876,"Yang, D. et al. Urban buildings material intensity in China from 1949 to 2015. Resour. Conserv. Recycl. 159, 104824 (2020).",Specific,Construction bill of materials
N-877,"Yang, D. et al. Urban buildings material intensity in China from 1949 to 2015. Resour. Conserv. Recycl. 159, 104824 (2020).",Specific,Construction bill of materials
N-878,"Yang, D. et al. Urban buildings material intensity in China from 1949 to 2015. Resour. Conserv. Recycl. 159, 104824 (2020).",Specific,Construction bill of materials
N-879,"Yang, D. et al. Urban buildings material intensity in China from 1949 to 2015. Resour. Conserv. Recycl. 159, 104824 (2020).",Specific,Construction bill of materials
N-880,"Yang, D. et al. Urban buildings material intensity in China from 1949 to 2015. Resour. Conserv. Recycl. 159, 104824 (2020).",Specific,Construction bill of materials
N-881,"Yang, D. et al. Urban buildings material intensity in China from 1949 to 2015. Resour. Conserv. Recycl. 159, 104824 (2020).",Specific,Construction bill of materials
N-882,"Yang, D. et al. Urban buildings material intensity in China from 1949 to 2015. Resour. Conserv. Recycl. 159, 104824 (2020).",Specific,Construction bill of materials
N-883,"Yang, D. et al. Urban buildings material intensity in China from 1949 to 2015. Resour. Conserv. Recycl. 159, 104824 (2020).",Specific,Construction bill of materials
N-884,"Yang, D. et al. Urban buildings material intensity in China from 1949 to 2015. Resour. Conserv. Recycl. 159, 104824 (2020).",Specific,Construction bill of materials
N-885,"Yang, D. et al. Urban buildings material intensity in China from 1949 to 2015. Resour. Conserv. Recycl. 159, 104824 (2020).",Specific,Construction bill of materials
N-886,"Yang, D. et al. Urban buildings material intensity in China from 1949 to 2015. Resour. Conserv. Recycl. 159, 104824 (2020).",Specific,Construction bill of materials
N-887,"Yang, D. et al. Urban buildings material intensity in China from 1949 to 2015. Resour. Conserv. Recycl. 159, 104824 (2020).",Specific,Construction bill of materials
N-888,"Yang, D. et al. Urban buildings material intensity in China from 1949 to 2015. Resour. Conserv. Recycl. 159, 104824 (2020).",Specific,Construction bill of materials
N-889,"Yang, D. et al. Urban buildings material intensity in China from 1949 to 2015. Resour. Conserv. Recycl. 159, 104824 (2020).",Specific,Construction bill of materials
N-890,"Yang, D. et al. Urban buildings material intensity in China from 1949 to 2015. Resour. Conserv. Recycl. 159, 104824 (2020).",Specific,Construction bill of materials
N-891,"Yang, D. et al. Urban buildings material intensity in China from 1949 to 2015. Resour. Conserv. Recycl. 159, 104824 (2020).",Specific,Construction bill of materials
N-892,"Yang, D. et al. Urban buildings material intensity in China from 1949 to 2015. Resour. Conserv. Recycl. 159, 104824 (2020).",Specific,Construction bill of materials
N-893,"Yang, D. et al. Urban buildings material intensity in China from 1949 to 2015. Resour. Conserv. Recycl. 159, 104824 (2020).",Specific,Construction bill of materials
N-894,"Yang, D. et al. Urban buildings material intensity in China from 1949 to 2015. Resour. Conserv. Recycl. 159, 104824 (2020).",Specific,Construction bill of materials
N-895,"Yang, D. et al. Urban buildings material intensity in China from 1949 to 2015. Resour. Conserv. Recycl. 159, 104824 (2020).",Specific,Construction bill of materials
N-896,"Yang, D. et al. Urban buildings material intensity in China from 1949 to 2015. Resour. Conserv. Recycl. 159, 104824 (2020).",Specific,Construction bill of materials
N-897,"Yang, D. et al. Urban buildings material intensity in China from 1949 to 2015. Resour. Conserv. Recycl. 159, 104824 (2020).",Specific,Construction bill of materials
N-898,"Yang, D. et al. Urban buildings material intensity in China from 1949 to 2015. Resour. Conserv. Recycl. 159, 104824 (2020).",Specific,Construction bill of materials
N-899,"Yang, D. et al. Urban buildings material intensity in China from 1949 to 2015. Resour. Conserv. Recycl. 159, 104824 (2020).",Specific,Construction bill of materials
N-900,"Yang, D. et al. Urban buildings material intensity in China from 1949 to 2015. Resour. Conserv. Recycl. 159, 104824 (2020).",Specific,Construction bill of materials
N-901,"Yang, D. et al. Urban buildings material intensity in China from 1949 to 2015. Resour. Conserv. Recycl. 159, 104824 (2020).",Specific,Construction bill of materials
N-902,"Yang, D. et al. Urban buildings material intensity in China from 1949 to 2015. Resour. Conserv. Recycl. 159, 104824 (2020).",Specific,Construction bill of materials
N-903,"Yang, D. et al. Urban buildings material intensity in China from 1949 to 2015. Resour. Conserv. Recycl. 159, 104824 (2020).",Specific,Construction bill of materials
N-904,Beijing Municipal Commission of Housing and Urban-Rural Development,Specific,Construction bill of materials
N-905,Beijing Municipal Commission of Housing and Urban-Rural Development,Specific,Construction bill of materials
N-906,Beijing Municipal Commission of Housing and Urban-Rural Development,Specific,Construction bill of materials
N-907,Beijing Municipal Commission of Housing and Urban-Rural Development,Specific,Construction bill of materials
N-908,Wang Du.Housing construction valuation handbook. Beijing: China Building Industry Press; 1996.,Specific,Construction bill of materials
N-909,Wang Du.Housing construction valuation handbook. Beijing: China Building Industry Press; 1996.,Specific,Construction bill of materials
N-910,Wang Du.Housing construction valuation handbook. Beijing: China Building Industry Press; 1996.,Specific,Construction bill of materials
N-911,Wang Du.Housing construction valuation handbook. Beijing: China Building Industry Press; 1996.,Specific,Construction bill of materials
N-912,Wang Du.Housing construction valuation handbook. Beijing: China Building Industry Press; 1996.,Specific,Construction bill of materials
N-913,Wang Du.Housing construction valuation handbook. Beijing: China Building Industry Press; 1996.,Specific,Construction bill of materials
N-914,Wang Du.Housing construction valuation handbook. Beijing: China Building Industry Press; 1996.,Specific,Construction bill of materials
N-915,Wang Du.Housing construction valuation handbook. Beijing: China Building Industry Press; 1996.,Specific,Construction bill of materials
N-916,Wang Du.Housing construction valuation handbook. Beijing: China Building Industry Press; 1996.,Specific,Construction bill of materials
N-917,Wang Du.Housing construction valuation handbook. Beijing: China Building Industry Press; 1996.,Specific,Construction bill of materials
N-918,Wang Du.Housing construction valuation handbook. Beijing: China Building Industry Press; 1996.,Specific,Construction bill of materials
N-919,Wang Du.Housing construction valuation handbook. Beijing: China Building Industry Press; 1996.,Specific,Construction bill of materials
N-920,Wang Du.Housing construction valuation handbook. Beijing: China Building Industry Press; 1996.,Specific,Construction bill of materials
N-921,Wang Du.Housing construction valuation handbook. Beijing: China Building Industry Press; 1996.,Specific,Construction bill of materials
N-922,Wang Du.Housing construction valuation handbook. Beijing: China Building Industry Press; 1996.,Specific,Construction bill of materials
N-923,Wang Du.Housing construction valuation handbook. Beijing: China Building Industry Press; 1996.,Specific,Construction bill of materials
N-924,Wang Du.Housing construction valuation handbook. Beijing: China Building Industry Press; 1996.,Specific,Construction bill of materials
N-925,Wang Du.Housing construction valuation handbook. Beijing: China Building Industry Press; 1996.,Specific,Construction bill of materials
N-926,Wang Du.Housing construction valuation handbook. Beijing: China Building Industry Press; 1996.,Specific,Construction bill of materials
N-927,Wang Du.Housing construction valuation handbook. Beijing: China Building Industry Press; 1996.,Specific,Construction bill of materials
N-928,Wang Du.Housing construction valuation handbook. Beijing: China Building Industry Press; 1996.,Specific,Construction bill of materials
N-929,Wang Du.Housing construction valuation handbook. Beijing: China Building Industry Press; 1996.,Specific,Construction bill of materials
N-930,Wang Du.Housing construction valuation handbook. Beijing: China Building Industry Press; 1996.,Specific,Construction bill of materials
N-931,Wang Du.Housing construction valuation handbook. Beijing: China Building Industry Press; 1996.,Specific,Construction bill of materials
N-932,Wang Du.Housing construction valuation handbook. Beijing: China Building Industry Press; 1996.,Specific,Construction bill of materials
N-933,Wang Du.Housing construction valuation handbook. Beijing: China Building Industry Press; 1996.,Specific,Construction bill of materials
N-934,Wang Du.Housing construction valuation handbook. Beijing: China Building Industry Press; 1996.,Specific,Construction bill of materials
N-935,Wang Du.Housing construction valuation handbook. Beijing: China Building Industry Press; 1996.,Specific,Construction bill of materials
N-936,Wang Du.Housing construction valuation handbook. Beijing: China Building Industry Press; 1996.,Specific,Construction bill of materials
N-937,Wang Du.Housing construction valuation handbook. Beijing: China Building Industry Press; 1996.,Specific,Construction bill of materials
N-938,Wang Du.Housing construction valuation handbook. Beijing: China Building Industry Press; 1996.,Specific,Construction bill of materials
N-939,Wang Du.Housing construction valuation handbook. Beijing: China Building Industry Press; 1996.,Specific,Construction bill of materials
N-940,Wang Du.Housing construction valuation handbook. Beijing: China Building Industry Press; 1996.,Specific,Construction bill of materials
N-941,Wang Du.Housing construction valuation handbook. Beijing: China Building Industry Press; 1996.,Specific,Construction bill of materials
N-942,Wang Du.Housing construction valuation handbook. Beijing: China Building Industry Press; 1996.,Specific,Construction bill of materials
N-943,Wang Du.Housing construction valuation handbook. Beijing: China Building Industry Press; 1996.,Specific,Construction bill of materials
N-944,Wang Du.Housing construction valuation handbook. Beijing: China Building Industry Press; 1996.,Specific,Construction bill of materials
N-945,Wang Du.Housing construction valuation handbook. Beijing: China Building Industry Press; 1996.,Specific,Construction bill of materials
N-946,Wang Du.Housing construction valuation handbook. Beijing: China Building Industry Press; 1996.,Specific,Construction bill of materials
N-947,Wang Du.Housing construction valuation handbook. Beijing: China Building Industry Press; 1996.,Specific,Construction bill of materials
N-948,Wang Du.Housing construction valuation handbook. Beijing: China Building Industry Press; 1996.,Specific,Construction bill of materials
N-949,Wang Du.Housing construction valuation handbook. Beijing: China Building Industry Press; 1996.,Specific,Construction bill of materials
N-950,Wang Du.Housing construction valuation handbook. Beijing: China Building Industry Press; 1996.,Specific,Construction bill of materials
N-951,Wang Du.Housing construction valuation handbook. Beijing: China Building Industry Press; 1996.,Specific,Construction bill of materials
N-952,Wang Du.Housing construction valuation handbook. Beijing: China Building Industry Press; 1996.,Specific,Construction bill of materials
N-953,Wang Du.Housing construction valuation handbook. Beijing: China Building Industry Press; 1996.,Specific,Construction bill of materials
N-954,Wang Du.Housing construction valuation handbook. Beijing: China Building Industry Press; 1996.,Specific,Construction bill of materials
N-955,Wang Du.Housing construction valuation handbook. Beijing: China Building Industry Press; 1996.,Specific,Construction bill of materials
N-956,Wang Du.Housing construction valuation handbook. Beijing: China Building Industry Press; 1996.,Specific,Construction bill of materials
N-957,Wang Du.Housing construction valuation handbook. Beijing: China Building Industry Press; 1996.,Specific,Construction bill of materials
N-958,Wang Du.Housing construction valuation handbook. Beijing: China Building Industry Press; 1996.,Specific,Construction bill of materials
N-959,Wang Du.Housing construction valuation handbook. Beijing: China Building Industry Press; 1996.,Specific,Construction bill of materials
N-960,Wang Du.Housing construction valuation handbook. Beijing: China Building Industry Press; 1996.,Specific,Construction bill of materials
N-961,Wang Du.Housing construction valuation handbook. Beijing: China Building Industry Press; 1996.,Specific,Construction bill of materials
N-962,Wang Du.Housing construction valuation handbook. Beijing: China Building Industry Press; 1996.,Specific,Construction bill of materials
N-963,Wang Du.Housing construction valuation handbook. Beijing: China Building Industry Press; 1996.,Specific,Construction bill of materials
N-964,Wang Du.Housing construction valuation handbook. Beijing: China Building Industry Press; 1996.,Specific,Construction bill of materials
N-965,Wang Du.Housing construction valuation handbook. Beijing: China Building Industry Press; 1996.,Specific,Construction bill of materials
N-966,Wang Du.Housing construction valuation handbook. Beijing: China Building Industry Press; 1996.,Specific,Construction bill of materials
N-967,Wang Du.Housing construction valuation handbook. Beijing: China Building Industry Press; 1996.,Specific,Construction bill of materials
N-968,Wang Du.Housing construction valuation handbook. Beijing: China Building Industry Press; 1996.,Specific,Construction bill of materials
N-969,Wang Du.Housing construction valuation handbook. Beijing: China Building Industry Press; 1996.,Specific,Construction bill of materials
N-970,Wang Du.Housing construction valuation handbook. Beijing: China Building Industry Press; 1996.,Specific,Construction bill of materials
N-971,Wang Du.Housing construction valuation handbook. Beijing: China Building Industry Press; 1996.,Specific,Construction bill of materials
N-972,Wang Du.Housing construction valuation handbook. Beijing: China Building Industry Press; 1996.,Specific,Construction bill of materials
N-973,Wang Du.Housing construction valuation handbook. Beijing: China Building Industry Press; 1996.,Specific,Construction bill of materials
N-974,Wang Du.Housing construction valuation handbook. Beijing: China Building Industry Press; 1996.,Specific,Construction bill of materials
N-975,Wang Du.Housing construction valuation handbook. Beijing: China Building Industry Press; 1996.,Specific,Construction bill of materials
N-976,Wang Du.Housing construction valuation handbook. Beijing: China Building Industry Press; 1996.,Specific,Construction bill of materials
N-977,Wang Du.Housing construction valuation handbook. Beijing: China Building Industry Press; 1996.,Specific,Construction bill of materials
N-978,Wang Du.Housing construction valuation handbook. Beijing: China Building Industry Press; 1996.,Specific,Construction bill of materials
N-979,Wang Du.Housing construction valuation handbook. Beijing: China Building Industry Press; 1996.,Specific,Construction bill of materials
N-980,Wang Du.Housing construction valuation handbook. Beijing: China Building Industry Press; 1996.,Specific,Construction bill of materials
N-981,Wang Du.Housing construction valuation handbook. Beijing: China Building Industry Press; 1996.,Specific,Construction bill of materials
N-982,Wang Du.Housing construction valuation handbook. Beijing: China Building Industry Press; 1996.,Specific,Construction bill of materials
N-983,Wang Du.Housing construction valuation handbook. Beijing: China Building Industry Press; 1996.,Specific,Construction bill of materials
N-984,Wang Du.Housing construction valuation handbook. Beijing: China Building Industry Press; 1996.,Specific,Construction bill of materials
N-985,Wang Du.Housing construction valuation handbook. Beijing: China Building Industry Press; 1996.,Specific,Construction bill of materials
N-986,Wang Du.Housing construction valuation handbook. Beijing: China Building Industry Press; 1996.,Specific,Construction bill of materials
N-987,Wang Du.Housing construction valuation handbook. Beijing: China Building Industry Press; 1996.,Specific,Construction bill of materials
N-988,Wang Du.Housing construction valuation handbook. Beijing: China Building Industry Press; 1996.,Specific,Construction bill of materials
N-989,Wang Du.Housing construction valuation handbook. Beijing: China Building Industry Press; 1996.,Specific,Construction bill of materials
N-990,Wang Du.Housing construction valuation handbook. Beijing: China Building Industry Press; 1996.,Specific,Construction bill of materials
N-991,Wang Du.Housing construction valuation handbook. Beijing: China Building Industry Press; 1996.,Specific,Construction bill of materials
N-992,Wang Du.Housing construction valuation handbook. Beijing: China Building Industry Press; 1996.,Specific,Construction bill of materials
N-993,Wang Du.Housing construction valuation handbook. Beijing: China Building Industry Press; 1996.,Specific,Construction bill of materials
N-994,Wang Du.Housing construction valuation handbook. Beijing: China Building Industry Press; 1996.,Specific,Construction bill of materials
N-995,Wang Du.Housing construction valuation handbook. Beijing: China Building Industry Press; 1996.,Specific,Construction bill of materials
N-996,Wang Du.Housing construction valuation handbook. Beijing: China Building Industry Press; 1996.,Specific,Construction bill of materials
N-997,Wang Du.Housing construction valuation handbook. Beijing: China Building Industry Press; 1996.,Specific,Construction bill of materials
N-998,Wang Du.Housing construction valuation handbook. Beijing: China Building Industry Press; 1996.,Specific,Construction bill of materials
N-999,Wang Du.Housing construction valuation handbook. Beijing: China Building Industry Press; 1996.,Specific,Construction bill of materials
N-1000,Wang Du.Housing construction valuation handbook. Beijing: China Building Industry Press; 1996.,Specific,Construction bill of materials
N-1001,Wang Du.Housing construction valuation handbook. Beijing: China Building Industry Press; 1996.,Specific,Construction bill of materials
N-1002,Wang Du.Housing construction valuation handbook. Beijing: China Building Industry Press; 1996.,Specific,Construction bill of materials
N-1003,Wang Du.Housing construction valuation handbook. Beijing: China Building Industry Press; 1996.,Specific,Construction bill of materials
N-1004,Wang Du.Housing construction valuation handbook. Beijing: China Building Industry Press; 1996.,Specific,Construction bill of materials
N-1005,Wang Du.Housing construction valuation handbook. Beijing: China Building Industry Press; 1996.,Specific,Construction bill of materials
N-1006,Wang Du.Housing construction valuation handbook. Beijing: China Building Industry Press; 1996.,Specific,Construction bill of materials
N-1007,Wang Du.Housing construction valuation handbook. Beijing: China Building Industry Press; 1996.,Specific,Construction bill of materials
N-1008,Wang Du.Housing construction valuation handbook. Beijing: China Building Industry Press; 1996.,Specific,Construction bill of materials
N-1009,Wang Du.Housing construction valuation handbook. Beijing: China Building Industry Press; 1996.,Specific,Construction bill of materials
N-1010,Wang Du.Housing construction valuation handbook. Beijing: China Building Industry Press; 1996.,Specific,Construction bill of materials
N-1011,Wang Du.Housing construction valuation handbook. Beijing: China Building Industry Press; 1996.,Specific,Construction bill of materials
N-1012,Wang Du.Housing construction valuation handbook. Beijing: China Building Industry Press; 1996.,Specific,Construction bill of materials
N-1013,Wang Du.Housing construction valuation handbook. Beijing: China Building Industry Press; 1996.,Specific,Construction bill of materials
N-1014,Wang Du.Housing construction valuation handbook. Beijing: China Building Industry Press; 1996.,Specific,Construction bill of materials
N-1015,Wang Du.Housing construction valuation handbook. Beijing: China Building Industry Press; 1996.,Specific,Construction bill of materials
N-1016,Wang Du.Housing construction valuation handbook. Beijing: China Building Industry Press; 1996.,Specific,Construction bill of materials
N-1017,Wang Du.Housing construction valuation handbook. Beijing: China Building Industry Press; 1996.,Specific,Construction bill of materials
N-1018,Wang Du.Housing construction valuation handbook. Beijing: China Building Industry Press; 1996.,Specific,Construction bill of materials
N-1019,Wang Du.Housing construction valuation handbook. Beijing: China Building Industry Press; 1996.,Specific,Construction bill of materials
N-1020,Wang Du.Housing construction valuation handbook. Beijing: China Building Industry Press; 1996.,Specific,Construction bill of materials
N-1021,Wang Du.Housing construction valuation handbook. Beijing: China Building Industry Press; 1996.,Specific,Construction bill of materials
N-1022,Wang Du.Housing construction valuation handbook. Beijing: China Building Industry Press; 1996.,Specific,Construction bill of materials
N-1023,Wang Du.Housing construction valuation handbook. Beijing: China Building Industry Press; 1996.,Specific,Construction bill of materials
N-1024,Wang Du.Housing construction valuation handbook. Beijing: China Building Industry Press; 1996.,Specific,Construction bill of materials
N-1025,Wang Du.Housing construction valuation handbook. Beijing: China Building Industry Press; 1996.,Specific,Construction bill of materials
N-1026,Wang Du.Housing construction valuation handbook. Beijing: China Building Industry Press; 1996.,Specific,Construction bill of materials
N-1027,Wang Du.Housing construction valuation handbook. Beijing: China Building Industry Press; 1996.,Specific,Construction bill of materials
N-1028,Wang Du.Housing construction valuation handbook. Beijing: China Building Industry Press; 1996.,Specific,Construction bill of materials
N-1029,Wang Du.Housing construction valuation handbook. Beijing: China Building Industry Press; 1996.,Specific,Construction bill of materials
N-1030,Wang Du.Housing construction valuation handbook. Beijing: China Building Industry Press; 1996.,Specific,Construction bill of materials
N-1031,Wang Du.Housing construction valuation handbook. Beijing: China Building Industry Press; 1996.,Specific,Construction bill of materials
N-1032,Wang Du.Housing construction valuation handbook. Beijing: China Building Industry Press; 1996.,Specific,Construction bill of materials
N-1033,Wang Du.Housing construction valuation handbook. Beijing: China Building Industry Press; 1996.,Specific,Construction bill of materials
N-1034,Wang Du.Housing construction valuation handbook. Beijing: China Building Industry Press; 1996.,Specific,Construction bill of materials
N-1035,Wang Du.Housing construction valuation handbook. Beijing: China Building Industry Press; 1996.,Specific,Construction bill of materials
N-1036,Wang Du.Housing construction valuation handbook. Beijing: China Building Industry Press; 1996.,Specific,Construction bill of materials
N-1037,Wang Du.Housing construction valuation handbook. Beijing: China Building Industry Press; 1996.,Specific,Construction bill of materials
N-1038,Wang Du.Housing construction valuation handbook. Beijing: China Building Industry Press; 1996.,Specific,Construction bill of materials
N-1039,Wang Du.Housing construction valuation handbook. Beijing: China Building Industry Press; 1996.,Specific,Construction bill of materials
N-1040,Wang Du.Housing construction valuation handbook. Beijing: China Building Industry Press; 1996.,Specific,Construction bill of materials
N-1041,Wang Du.Housing construction valuation handbook. Beijing: China Building Industry Press; 1996.,Specific,Construction bill of materials
N-1042,Wang Du.Housing construction valuation handbook. Beijing: China Building Industry Press; 1996.,Specific,Construction bill of materials
N-1043,Wang Du.Housing construction valuation handbook. Beijing: China Building Industry Press; 1996.,Specific,Construction bill of materials
N-1044,Wang Du.Housing construction valuation handbook. Beijing: China Building Industry Press; 1996.,Specific,Construction bill of materials
N-1045,Wang Du.Housing construction valuation handbook. Beijing: China Building Industry Press; 1996.,Specific,Construction bill of materials
N-1046,Wang Du.Housing construction valuation handbook. Beijing: China Building Industry Press; 1996.,Specific,Construction bill of materials
N-1047,Wang Du.Housing construction valuation handbook. Beijing: China Building Industry Press; 1996.,Specific,Construction bill of materials
N-1048,Wang Du.Housing construction valuation handbook. Beijing: China Building Industry Press; 1996.,Specific,Construction bill of materials
N-1049,Wang Du.Housing construction valuation handbook. Beijing: China Building Industry Press; 1996.,Specific,Construction bill of materials
N-1050,Wang Du.Housing construction valuation handbook. Beijing: China Building Industry Press; 1996.,Specific,Construction bill of materials
N-1051,Wang Du.Housing construction valuation handbook. Beijing: China Building Industry Press; 1996.,Specific,Construction bill of materials
N-1052,Wang Du.Housing construction valuation handbook. Beijing: China Building Industry Press; 1996.,Specific,Construction bill of materials
N-1053,Wang Du.Housing construction valuation handbook. Beijing: China Building Industry Press; 1996.,Specific,Construction bill of materials
N-1054,Wang Du.Housing construction valuation handbook. Beijing: China Building Industry Press; 1996.,Specific,Construction bill of materials
N-1055,Wang Du.Housing construction valuation handbook. Beijing: China Building Industry Press; 1996.,Specific,Construction bill of materials
N-1056,Wang Du.Housing construction valuation handbook. Beijing: China Building Industry Press; 1996.,Specific,Construction bill of materials
N-1057,Wang Du.Housing construction valuation handbook. Beijing: China Building Industry Press; 1996.,Specific,Construction bill of materials
N-1058,Wang Du.Housing construction valuation handbook. Beijing: China Building Industry Press; 1996.,Specific,Construction bill of materials
N-1059,Wang Du.Housing construction valuation handbook. Beijing: China Building Industry Press; 1996.,Specific,Construction bill of materials
N-1060,Wang Du.Housing construction valuation handbook. Beijing: China Building Industry Press; 1996.,Specific,Construction bill of materials
N-1061,Wang Du.Housing construction valuation handbook. Beijing: China Building Industry Press; 1996.,Specific,Construction bill of materials
N-1062,Wang Du.Housing construction valuation handbook. Beijing: China Building Industry Press; 1996.,Specific,Construction bill of materials
N-1063,Wang Du.Housing construction valuation handbook. Beijing: China Building Industry Press; 1996.,Specific,Construction bill of materials
N-1064,Wang Du.Housing construction valuation handbook. Beijing: China Building Industry Press; 1996.,Specific,Construction bill of materials
N-1065,Wang Du.Housing construction valuation handbook. Beijing: China Building Industry Press; 1996.,Specific,Construction bill of materials
N-1066,Wang Du.Housing construction valuation handbook. Beijing: China Building Industry Press; 1996.,Specific,Construction bill of materials
N-1067,Wang Du.Housing construction valuation handbook. Beijing: China Building Industry Press; 1996.,Specific,Construction bill of materials
N-1068,Wang Du.Housing construction valuation handbook. Beijing: China Building Industry Press; 1996.,Specific,Construction bill of materials
N-1069,Wang Du.Housing construction valuation handbook. Beijing: China Building Industry Press; 1996.,Specific,Construction bill of materials
N-1070,Wang Du.Housing construction valuation handbook. Beijing: China Building Industry Press; 1996.,Specific,Construction bill of materials
N-1071,Wang Du.Housing construction valuation handbook. Beijing: China Building Industry Press; 1996.,Specific,Construction bill of materials
N-1072,Wang Du.Housing construction valuation handbook. Beijing: China Building Industry Press; 1996.,Specific,Construction bill of materials
N-1073,Wang Du.Housing construction valuation handbook. Beijing: China Building Industry Press; 1996.,Specific,Construction bill of materials
N-1074,Wang Du.Housing construction valuation handbook. Beijing: China Building Industry Press; 1996.,Specific,Construction bill of materials
N-1075,Wang Du.Housing construction valuation handbook. Beijing: China Building Industry Press; 1996.,Specific,Construction bill of materials
N-1076,Wang Du.Housing construction valuation handbook. Beijing: China Building Industry Press; 1996.,Specific,Construction bill of materials
N-1077,Wang Du.Housing construction valuation handbook. Beijing: China Building Industry Press; 1996.,Specific,Construction bill of materials
N-1078,Wang Du.Housing construction valuation handbook. Beijing: China Building Industry Press; 1996.,Specific,Construction bill of materials
N-1079,Wang Du.Housing construction valuation handbook. Beijing: China Building Industry Press; 1996.,Specific,Construction bill of materials
N-1080,Wang Du.Housing construction valuation handbook. Beijing: China Building Industry Press; 1996.,Specific,Construction bill of materials
N-1081,Wang Du.Housing construction valuation handbook. Beijing: China Building Industry Press; 1996.,Specific,Construction bill of materials
N-1082,Wang Du.Housing construction valuation handbook. Beijing: China Building Industry Press; 1996.,Specific,Construction bill of materials
N-1083,Wang Du.Housing construction valuation handbook. Beijing: China Building Industry Press; 1996.,Specific,Construction bill of materials
N-1084,Wang Du.Housing construction valuation handbook. Beijing: China Building Industry Press; 1996.,Specific,Construction bill of materials
N-1085,Wang Du.Housing construction valuation handbook. Beijing: China Building Industry Press; 1996.,Specific,Construction bill of materials
N-1086,Wang Du.Housing construction valuation handbook. Beijing: China Building Industry Press; 1996.,Specific,Construction bill of materials
N-1087,Wang Du.Housing construction valuation handbook. Beijing: China Building Industry Press; 1996.,Specific,Construction bill of materials
N-1088,Wang Du.Housing construction valuation handbook. Beijing: China Building Industry Press; 1996.,Specific,Construction bill of materials
N-1089,Wang Du.Housing construction valuation handbook. Beijing: China Building Industry Press; 1996.,Specific,Construction bill of materials
N-1090,Wang Du.Housing construction valuation handbook. Beijing: China Building Industry Press; 1996.,Specific,Construction bill of materials
N-1091,Wang Du.Housing construction valuation handbook. Beijing: China Building Industry Press; 1996.,Specific,Construction bill of materials
N-1092,Wang Du.Housing construction valuation handbook. Beijing: China Building Industry Press; 1996.,Specific,Construction bill of materials
N-1093,Wang Du.Housing construction valuation handbook. Beijing: China Building Industry Press; 1996.,Specific,Construction bill of materials
N-1094,Wang Du.Housing construction valuation handbook. Beijing: China Building Industry Press; 1996.,Specific,Construction bill of materials
N-1095,Wang Du.Housing construction valuation handbook. Beijing: China Building Industry Press; 1996.,Specific,Construction bill of materials
N-1096,Wang Du.Housing construction valuation handbook. Beijing: China Building Industry Press; 1996.,Specific,Construction bill of materials
N-1097,Wang Du.Housing construction valuation handbook. Beijing: China Building Industry Press; 1996.,Specific,Construction bill of materials
N-1098,Wang Du.Housing construction valuation handbook. Beijing: China Building Industry Press; 1996.,Specific,Construction bill of materials
N-1099,Wang Du.Housing construction valuation handbook. Beijing: China Building Industry Press; 1996.,Specific,Construction bill of materials
N-1100,Wang Du.Housing construction valuation handbook. Beijing: China Building Industry Press; 1996.,Specific,Construction bill of materials
N-1101,Wang Du.Housing construction valuation handbook. Beijing: China Building Industry Press; 1996.,Specific,Construction bill of materials
N-1102,Wang Du.Housing construction valuation handbook. Beijing: China Building Industry Press; 1996.,Specific,Construction bill of materials
N-1103,Wang Du.Housing construction valuation handbook. Beijing: China Building Industry Press; 1996.,Specific,Construction bill of materials
N-1104,Wang Du.Housing construction valuation handbook. Beijing: China Building Industry Press; 1996.,Specific,Construction bill of materials
N-1105,Wang Du.Housing construction valuation handbook. Beijing: China Building Industry Press; 1996.,Specific,Construction bill of materials
N-1106,Wang Du.Housing construction valuation handbook. Beijing: China Building Industry Press; 1996.,Specific,Construction bill of materials
N-1107,Wang Du.Housing construction valuation handbook. Beijing: China Building Industry Press; 1996.,Specific,Construction bill of materials
N-1108,Wang Du.Housing construction valuation handbook. Beijing: China Building Industry Press; 1996.,Specific,Construction bill of materials
N-1109,Wang Du.Housing construction valuation handbook. Beijing: China Building Industry Press; 1996.,Specific,Construction bill of materials
N-1110,Wang Du.Housing construction valuation handbook. Beijing: China Building Industry Press; 1996.,Specific,Construction bill of materials
N-1111,Wang Du.Housing construction valuation handbook. Beijing: China Building Industry Press; 1996.,Specific,Construction bill of materials
N-1112,Wang Du.Housing construction valuation handbook. Beijing: China Building Industry Press; 1996.,Specific,Construction bill of materials
N-1113,Wang Du.Housing construction valuation handbook. Beijing: China Building Industry Press; 1996.,Specific,Construction bill of materials
N-1114,Wang Du.Housing construction valuation handbook. Beijing: China Building Industry Press; 1996.,Specific,Construction bill of materials
N-1115,Wang Du.Housing construction valuation handbook. Beijing: China Building Industry Press; 1996.,Specific,Construction bill of materials
N-1116,Wang Du.Housing construction valuation handbook. Beijing: China Building Industry Press; 1996.,Specific,Construction bill of materials
N-1117,Wang Du.Housing construction valuation handbook. Beijing: China Building Industry Press; 1996.,Specific,Construction bill of materials
N-1118,Wang Du.Housing construction valuation handbook. Beijing: China Building Industry Press; 1996.,Specific,Construction bill of materials
N-1119,Wang Du.Housing construction valuation handbook. Beijing: China Building Industry Press; 1996.,Specific,Construction bill of materials
N-1120,Wang Du.Housing construction valuation handbook. Beijing: China Building Industry Press; 1996.,Specific,Construction bill of materials
N-1121,Wang Du.Housing construction valuation handbook. Beijing: China Building Industry Press; 1996.,Specific,Construction bill of materials
N-1122,Wang Du.Housing construction valuation handbook. Beijing: China Building Industry Press; 1996.,Specific,Construction bill of materials
N-1123,Wang Du.Housing construction valuation handbook. Beijing: China Building Industry Press; 1996.,Specific,Construction bill of materials
N-1124,Wang Du.Housing construction valuation handbook. Beijing: China Building Industry Press; 1996.,Specific,Construction bill of materials
N-1125,Wang Du.Housing construction valuation handbook. Beijing: China Building Industry Press; 1996.,Specific,Construction bill of materials
N-1126,Wang Du.Housing construction valuation handbook. Beijing: China Building Industry Press; 1996.,Specific,Construction bill of materials
N-1127,Wang Du.Housing construction valuation handbook. Beijing: China Building Industry Press; 1996.,Specific,Construction bill of materials
N-1128,Wang Du.Housing construction valuation handbook. Beijing: China Building Industry Press; 1996.,Specific,Construction bill of materials
N-1129,Wang Du.Housing construction valuation handbook. Beijing: China Building Industry Press; 1996.,Specific,Construction bill of materials
N-1130,Wang Du.Housing construction valuation handbook. Beijing: China Building Industry Press; 1996.,Specific,Construction bill of materials
N-1131,Wang Du.Housing construction valuation handbook. Beijing: China Building Industry Press; 1996.,Specific,Construction bill of materials
N-1132,Wang Du.Housing construction valuation handbook. Beijing: China Building Industry Press; 1996.,Specific,Construction bill of materials
N-1133,Wang Du.Housing construction valuation handbook. Beijing: China Building Industry Press; 1996.,Specific,Construction bill of materials
N-1134,Wang Du.Housing construction valuation handbook. Beijing: China Building Industry Press; 1996.,Specific,Construction bill of materials
N-1135,Wang Du.Housing construction valuation handbook. Beijing: China Building Industry Press; 1996.,Specific,Construction bill of materials
N-1136,Wang Du.Housing construction valuation handbook. Beijing: China Building Industry Press; 1996.,Specific,Construction bill of materials
N-1137,Wang Du.Housing construction valuation handbook. Beijing: China Building Industry Press; 1996.,Specific,Construction bill of materials
N-1138,Wang Du.Housing construction valuation handbook. Beijing: China Building Industry Press; 1996.,Specific,Construction bill of materials
N-1139,Wang Du.Housing construction valuation handbook. Beijing: China Building Industry Press; 1996.,Specific,Construction bill of materials
N-1140,Wang Du.Housing construction valuation handbook. Beijing: China Building Industry Press; 1996.,Specific,Construction bill of materials
N-1141,Wang Du.Housing construction valuation handbook. Beijing: China Building Industry Press; 1996.,Specific,Construction bill of materials
N-1142,Wang Du.Housing construction valuation handbook. Beijing: China Building Industry Press; 1996.,Specific,Construction bill of materials
N-1143,Wang Du.Housing construction valuation handbook. Beijing: China Building Industry Press; 1996.,Specific,Construction bill of materials
N-1144,Wang Du.Housing construction valuation handbook. Beijing: China Building Industry Press; 1996.,Specific,Construction bill of materials
N-1145,Wang Du.Housing construction valuation handbook. Beijing: China Building Industry Press; 1996.,Specific,Construction bill of materials
N-1146,Wang Du.Housing construction valuation handbook. Beijing: China Building Industry Press; 1996.,Specific,Construction bill of materials
N-1147,Wang Du.Housing construction valuation handbook. Beijing: China Building Industry Press; 1996.,Specific,Construction bill of materials
N-1148,Wang Du.Housing construction valuation handbook. Beijing: China Building Industry Press; 1996.,Specific,Construction bill of materials
N-1149,Wang Du.Housing construction valuation handbook. Beijing: China Building Industry Press; 1996.,Specific,Construction bill of materials
N-1150,Wang Du.Housing construction valuation handbook. Beijing: China Building Industry Press; 1996.,Specific,Construction bill of materials
N-1151,Wang Du.Housing construction valuation handbook. Beijing: China Building Industry Press; 1996.,Specific,Construction bill of materials
N-1152,Wang Du.Housing construction valuation handbook. Beijing: China Building Industry Press; 1996.,Specific,Construction bill of materials
N-1153,Wang Du.Housing construction valuation handbook. Beijing: China Building Industry Press; 1996.,Specific,Construction bill of materials
N-1154,Wang Du.Housing construction valuation handbook. Beijing: China Building Industry Press; 1996.,Specific,Construction bill of materials
N-1155,Wang Du.Housing construction valuation handbook. Beijing: China Building Industry Press; 1996.,Specific,Construction bill of materials
N-1156,Wang Du.Housing construction valuation handbook. Beijing: China Building Industry Press; 1996.,Specific,Construction bill of materials
N-1157,Wang Du.Housing construction valuation handbook. Beijing: China Building Industry Press; 1996.,Specific,Construction bill of materials
N-1158,Wang Du.Housing construction valuation handbook. Beijing: China Building Industry Press; 1996.,Specific,Construction bill of materials
N-1159,Wang Du.Housing construction valuation handbook. Beijing: China Building Industry Press; 1996.,Specific,Construction bill of materials
N-1160,Wang Du.Housing construction valuation handbook. Beijing: China Building Industry Press; 1996.,Specific,Construction bill of materials
N-1161,Wang Du.Housing construction valuation handbook. Beijing: China Building Industry Press; 1996.,Specific,Construction bill of materials
N-1162,Wang Du.Housing construction valuation handbook. Beijing: China Building Industry Press; 1996.,Specific,Construction bill of materials
N-1163,Wang Du.Housing construction valuation handbook. Beijing: China Building Industry Press; 1996.,Specific,Construction bill of materials
N-1164,Wang Du.Housing construction valuation handbook. Beijing: China Building Industry Press; 1996.,Specific,Construction bill of materials
N-1165,Wang Du.Housing construction valuation handbook. Beijing: China Building Industry Press; 1996.,Specific,Construction bill of materials
N-1166,Wang Du.Housing construction valuation handbook. Beijing: China Building Industry Press; 1996.,Specific,Construction bill of materials
N-1167,Wang Du.Housing construction valuation handbook. Beijing: China Building Industry Press; 1996.,Specific,Construction bill of materials
N-1168,Wang Du.Housing construction valuation handbook. Beijing: China Building Industry Press; 1996.,Specific,Construction bill of materials
N-1169,Wang Du.Housing construction valuation handbook. Beijing: China Building Industry Press; 1996.,Specific,Construction bill of materials
N-1170,Wang Du.Housing construction valuation handbook. Beijing: China Building Industry Press; 1996.,Specific,Construction bill of materials
N-1171,Wang Du.Housing construction valuation handbook. Beijing: China Building Industry Press; 1996.,Specific,Construction bill of materials
N-1172,Wang Du.Housing construction valuation handbook. Beijing: China Building Industry Press; 1996.,Specific,Construction bill of materials
N-1173,Wang Du.Housing construction valuation handbook. Beijing: China Building Industry Press; 1996.,Specific,Construction bill of materials
N-1174,Wang Du.Housing construction valuation handbook. Beijing: China Building Industry Press; 1996.,Specific,Construction bill of materials
N-1175,Wang Du.Housing construction valuation handbook. Beijing: China Building Industry Press; 1996.,Specific,Construction bill of materials
N-1176,Wang Du.Housing construction valuation handbook. Beijing: China Building Industry Press; 1996.,Specific,Construction bill of materials
N-1177,"Project valuation information network, China Construction project Cost Management Association, http://www.ccost.com/f/costIndex?menuId=5",Specific,Construction bill of materials
N-1178,"Project valuation information network, China Construction project Cost Management Association, http://www.ccost.com/f/costIndex?menuId=5",Specific,Construction bill of materials
N-1179,"Project valuation information network, China Construction project Cost Management Association, http://www.ccost.com/f/costIndex?menuId=5",Specific,Construction bill of materials
N-1180,"Project valuation information network, China Construction project Cost Management Association, http://www.ccost.com/f/costIndex?menuId=5",Specific,Construction bill of materials
N-1181,"Project valuation information network, China Construction project Cost Management Association, http://www.ccost.com/f/costIndex?menuId=5",Specific,Construction bill of materials
N-1182,"Project valuation information network, China Construction project Cost Management Association, http://www.ccost.com/f/costIndex?menuId=5",Specific,Construction bill of materials
N-1183,"Project valuation information network, China Construction project Cost Management Association, http://www.ccost.com/f/costIndex?menuId=5",Specific,Construction bill of materials
N-1184,"Project valuation information network, China Construction project Cost Management Association, http://www.ccost.com/f/costIndex?menuId=5",Specific,Construction bill of materials
N-1185,"Project valuation information network, China Construction project Cost Management Association, http://www.ccost.com/f/costIndex?menuId=5",Specific,Construction bill of materials
N-1186,"Project valuation information network, China Construction project Cost Management Association, http://www.ccost.com/f/costIndex?menuId=5",Specific,Construction bill of materials
N-1187,"Project valuation information network, China Construction project Cost Management Association, http://www.ccost.com/f/costIndex?menuId=5",Specific,Construction bill of materials
N-1188,"Project valuation information network, China Construction project Cost Management Association, http://www.ccost.com/f/costIndex?menuId=5",Specific,Construction bill of materials
N-1189,"Project valuation information network, China Construction project Cost Management Association, http://www.ccost.com/f/costIndex?menuId=5",Specific,Construction bill of materials
N-1190,"Project valuation information network, China Construction project Cost Management Association, http://www.ccost.com/f/costIndex?menuId=5",Specific,Construction bill of materials
N-1191,"Project valuation information network, China Construction project Cost Management Association, http://www.ccost.com/f/costIndex?menuId=5",Specific,Construction bill of materials
N-1192,"Project valuation information network, China Construction project Cost Management Association, http://www.ccost.com/f/costIndex?menuId=5",Specific,Construction bill of materials
N-1193,"Project valuation information network, China Construction project Cost Management Association, http://www.ccost.com/f/costIndex?menuId=5",Specific,Construction bill of materials
N-1194,"Project valuation information network, China Construction project Cost Management Association, http://www.ccost.com/f/costIndex?menuId=5",Specific,Construction bill of materials
N-1195,"Project valuation information network, China Construction project Cost Management Association, http://www.ccost.com/f/costIndex?menuId=5",Specific,Construction bill of materials
N-1196,"Project valuation information network, China Construction project Cost Management Association, http://www.ccost.com/f/costIndex?menuId=5",Specific,Construction bill of materials
N-1197,"Project valuation information network, China Construction project Cost Management Association, http://www.ccost.com/f/costIndex?menuId=5",Specific,Construction bill of materials
N-1198,"Project valuation information network, China Construction project Cost Management Association, http://www.ccost.com/f/costIndex?menuId=5",Specific,Construction bill of materials
N-1199,"Project valuation information network, China Construction project Cost Management Association, http://www.ccost.com/f/costIndex?menuId=5",Specific,Construction bill of materials
N-1200,"Project valuation information network, China Construction project Cost Management Association, http://www.ccost.com/f/costIndex?menuId=5",Specific,Construction bill of materials
N-1201,"Project valuation information network, China Construction project Cost Management Association, http://www.ccost.com/f/costIndex?menuId=5",Specific,Construction bill of materials
N-1202,"Project valuation information network, China Construction project Cost Management Association, http://www.ccost.com/f/costIndex?menuId=5",Specific,Construction bill of materials
N-1203,"Project valuation information network, China Construction project Cost Management Association, http://www.ccost.com/f/costIndex?menuId=5",Specific,Construction bill of materials
N-1204,"Project valuation information network, China Construction project Cost Management Association, http://www.ccost.com/f/costIndex?menuId=5",Specific,Construction bill of materials
N-1205,"Project valuation information network, China Construction project Cost Management Association, http://www.ccost.com/f/costIndex?menuId=5",Specific,Construction bill of materials
N-1206,"Project valuation information network, China Construction project Cost Management Association, http://www.ccost.com/f/costIndex?menuId=5",Specific,Construction bill of materials
N-1207,"Project valuation information network, China Construction project Cost Management Association, http://www.ccost.com/f/costIndex?menuId=5",Specific,Construction bill of materials
N-1208,"Project valuation information network, China Construction project Cost Management Association, http://www.ccost.com/f/costIndex?menuId=5",Specific,Construction bill of materials
N-1209,"Project valuation information network, China Construction project Cost Management Association, http://www.ccost.com/f/costIndex?menuId=5",Specific,Construction bill of materials
N-1210,"Project valuation information network, China Construction project Cost Management Association, http://www.ccost.com/f/costIndex?menuId=5",Specific,Construction bill of materials
N-1211,"Project valuation information network, China Construction project Cost Management Association, http://www.ccost.com/f/costIndex?menuId=5",Specific,Construction bill of materials
N-1212,"Project valuation information network, China Construction project Cost Management Association, http://www.ccost.com/f/costIndex?menuId=5",Specific,Construction bill of materials
N-1213,"Project valuation information network, China Construction project Cost Management Association, http://www.ccost.com/f/costIndex?menuId=5",Specific,Construction bill of materials
N-1214,"Project valuation information network, China Construction project Cost Management Association, http://www.ccost.com/f/costIndex?menuId=5",Specific,Construction bill of materials
N-1215,"Project valuation information network, China Construction project Cost Management Association, http://www.ccost.com/f/costIndex?menuId=5",Specific,Construction bill of materials
N-1216,"Project valuation information network, China Construction project Cost Management Association, http://www.ccost.com/f/costIndex?menuId=5",Specific,Construction bill of materials
N-1217,"Project valuation information network, China Construction project Cost Management Association, http://www.ccost.com/f/costIndex?menuId=5",Specific,Construction bill of materials
N-1218,"Project valuation information network, China Construction project Cost Management Association, http://www.ccost.com/f/costIndex?menuId=5",Specific,Construction bill of materials
N-1219,"Project valuation information network, China Construction project Cost Management Association, http://www.ccost.com/f/costIndex?menuId=5",Specific,Construction bill of materials
N-1220,"Project valuation information network, China Construction project Cost Management Association, http://www.ccost.com/f/costIndex?menuId=5",Specific,Construction bill of materials
N-1221,"Project valuation information network, China Construction project Cost Management Association, http://www.ccost.com/f/costIndex?menuId=5",Specific,Construction bill of materials
N-1222,"Project valuation information network, China Construction project Cost Management Association, http://www.ccost.com/f/costIndex?menuId=5",Specific,Construction bill of materials
N-1223,"Project valuation information network, China Construction project Cost Management Association, http://www.ccost.com/f/costIndex?menuId=5",Specific,Construction bill of materials
N-1224,"Project valuation information network, China Construction project Cost Management Association, http://www.ccost.com/f/costIndex?menuId=5",Specific,Construction bill of materials
N-1225,"Project valuation information network, China Construction project Cost Management Association, http://www.ccost.com/f/costIndex?menuId=5",Specific,Construction bill of materials
N-1226,"Project valuation information network, China Construction project Cost Management Association, http://www.ccost.com/f/costIndex?menuId=5",Specific,Construction bill of materials
N-1227,"Project valuation information network, China Construction project Cost Management Association, http://www.ccost.com/f/costIndex?menuId=5",Specific,Construction bill of materials
N-1228,"Project valuation information network, China Construction project Cost Management Association, http://www.ccost.com/f/costIndex?menuId=5",Specific,Construction bill of materials
N-1229,"Project valuation information network, China Construction project Cost Management Association, http://www.ccost.com/f/costIndex?menuId=5",Specific,Construction bill of materials
N-1230,"Project valuation information network, China Construction project Cost Management Association, http://www.ccost.com/f/costIndex?menuId=5",Specific,Construction bill of materials
N-1231,"Project valuation information network, China Construction project Cost Management Association, http://www.ccost.com/f/costIndex?menuId=5",Specific,Construction bill of materials
N-1232,"Project valuation information network, China Construction project Cost Management Association, http://www.ccost.com/f/costIndex?menuId=5",Specific,Construction bill of materials
N-1233,"Project valuation information network, China Construction project Cost Management Association, http://www.ccost.com/f/costIndex?menuId=5",Specific,Construction bill of materials
N-1234,"Project valuation information network, China Construction project Cost Management Association, http://www.ccost.com/f/costIndex?menuId=5",Specific,Construction bill of materials
N-1235,"Project valuation information network, China Construction project Cost Management Association, http://www.ccost.com/f/costIndex?menuId=5",Specific,Construction bill of materials
N-1236,"Project valuation information network, China Construction project Cost Management Association, http://www.ccost.com/f/costIndex?menuId=5",Specific,Construction bill of materials
N-1237,"Project valuation information network, China Construction project Cost Management Association, http://www.ccost.com/f/costIndex?menuId=5",Specific,Construction bill of materials
N-1238,"Project valuation information network, China Construction project Cost Management Association, http://www.ccost.com/f/costIndex?menuId=5",Specific,Construction bill of materials
N-1239,"Project valuation information network, China Construction project Cost Management Association, http://www.ccost.com/f/costIndex?menuId=5",Specific,Construction bill of materials
N-1240,"Project valuation information network, China Construction project Cost Management Association, http://www.ccost.com/f/costIndex?menuId=5",Specific,Construction bill of materials
N-1241,"Project valuation information network, China Construction project Cost Management Association, http://www.ccost.com/f/costIndex?menuId=5",Specific,Construction bill of materials
N-1242,"Project valuation information network, China Construction project Cost Management Association, http://www.ccost.com/f/costIndex?menuId=5",Specific,Construction bill of materials
N-1243,"Project valuation information network, China Construction project Cost Management Association, http://www.ccost.com/f/costIndex?menuId=5",Specific,Construction bill of materials
N-1244,"Project valuation information network, China Construction project Cost Management Association, http://www.ccost.com/f/costIndex?menuId=5",Specific,Construction bill of materials
N-1245,"Project valuation information network, China Construction project Cost Management Association, http://www.ccost.com/f/costIndex?menuId=5",Specific,Construction bill of materials
N-1246,"Project valuation information network, China Construction project Cost Management Association, http://www.ccost.com/f/costIndex?menuId=5",Specific,Construction bill of materials
N-1247,"Project valuation information network, China Construction project Cost Management Association, http://www.ccost.com/f/costIndex?menuId=5",Specific,Construction bill of materials
N-1248,"Project valuation information network, China Construction project Cost Management Association, http://www.ccost.com/f/costIndex?menuId=5",Specific,Construction bill of materials
N-1249,"Project valuation information network, China Construction project Cost Management Association, http://www.ccost.com/f/costIndex?menuId=5",Specific,Construction bill of materials
N-1250,"Project valuation information network, China Construction project Cost Management Association, http://www.ccost.com/f/costIndex?menuId=5",Specific,Construction bill of materials
N-1251,"Project valuation information network, China Construction project Cost Management Association, http://www.ccost.com/f/costIndex?menuId=5",Specific,Construction bill of materials
N-1252,"Project valuation information network, China Construction project Cost Management Association, http://www.ccost.com/f/costIndex?menuId=5",Specific,Construction bill of materials
N-1253,"Project valuation information network, China Construction project Cost Management Association, http://www.ccost.com/f/costIndex?menuId=5",Specific,Construction bill of materials
N-1254,"Project valuation information network, China Construction project Cost Management Association, http://www.ccost.com/f/costIndex?menuId=5",Specific,Construction bill of materials
N-1255,"Project valuation information network, China Construction project Cost Management Association, http://www.ccost.com/f/costIndex?menuId=5",Specific,Construction bill of materials
N-1256,"Project valuation information network, China Construction project Cost Management Association, http://www.ccost.com/f/costIndex?menuId=5",Specific,Construction bill of materials
N-1257,"Project valuation information network, China Construction project Cost Management Association, http://www.ccost.com/f/costIndex?menuId=5",Specific,Construction bill of materials
N-1258,"Project valuation information network, China Construction project Cost Management Association, http://www.ccost.com/f/costIndex?menuId=5",Specific,Construction bill of materials
N-1259,"Project valuation information network, China Construction project Cost Management Association, http://www.ccost.com/f/costIndex?menuId=5",Specific,Construction bill of materials
N-1260,"Project valuation information network, China Construction project Cost Management Association, http://www.ccost.com/f/costIndex?menuId=5",Specific,Construction bill of materials
N-1261,"Project valuation information network, China Construction project Cost Management Association, http://www.ccost.com/f/costIndex?menuId=5",Specific,Construction bill of materials
N-1262,"Project valuation information network, China Construction project Cost Management Association, http://www.ccost.com/f/costIndex?menuId=5",Specific,Construction bill of materials
N-1263,"Project valuation information network, China Construction project Cost Management Association, http://www.ccost.com/f/costIndex?menuId=5",Specific,Construction bill of materials
N-1264,"Project valuation information network, China Construction project Cost Management Association, http://www.ccost.com/f/costIndex?menuId=5",Specific,Construction bill of materials
N-1265,"Project valuation information network, China Construction project Cost Management Association, http://www.ccost.com/f/costIndex?menuId=5",Specific,Construction bill of materials
N-1266,"Project valuation information network, China Construction project Cost Management Association, http://www.ccost.com/f/costIndex?menuId=5",Specific,Construction bill of materials
N-1267,"Project valuation information network, China Construction project Cost Management Association, http://www.ccost.com/f/costIndex?menuId=5",Specific,Construction bill of materials
N-1268,"Project valuation information network, China Construction project Cost Management Association, http://www.ccost.com/f/costIndex?menuId=5",Specific,Construction bill of materials
N-1269,"Project valuation information network, China Construction project Cost Management Association, http://www.ccost.com/f/costIndex?menuId=5",Specific,Construction bill of materials
N-1270,"Project valuation information network, China Construction project Cost Management Association, http://www.ccost.com/f/costIndex?menuId=5",Specific,Construction bill of materials
N-1271,"Project valuation information network, China Construction project Cost Management Association, http://www.ccost.com/f/costIndex?menuId=5",Specific,Construction bill of materials
N-1272,"Project valuation information network, China Construction project Cost Management Association, http://www.ccost.com/f/costIndex?menuId=5",Specific,Construction bill of materials
N-1273,"Project valuation information network, China Construction project Cost Management Association, http://www.ccost.com/f/costIndex?menuId=5",Specific,Construction bill of materials
N-1274,"Project valuation information network, China Construction project Cost Management Association, http://www.ccost.com/f/costIndex?menuId=5",Specific,Construction bill of materials
N-1275,"Project valuation information network, China Construction project Cost Management Association, http://www.ccost.com/f/costIndex?menuId=5",Specific,Construction bill of materials
N-1276,"Wang, T., Tian, X., Hashimoto, S. & Tanikawa, H. Concrete transformation of buildings in China and implications for the steel cycle. Resour. Conserv. Recycl. 103, 205–215 (2015).",Specific,Construction bill of materials
N-1277,"Wang, T., Tian, X., Hashimoto, S. & Tanikawa, H. Concrete transformation of buildings in China and implications for the steel cycle. Resour. Conserv. Recycl. 103, 205–215 (2015).",Specific,Construction bill of materials
N-1278,"Wang, T., Tian, X., Hashimoto, S. & Tanikawa, H. Concrete transformation of buildings in China and implications for the steel cycle. Resour. Conserv. Recycl. 103, 205–215 (2015).",Specific,Construction bill of materials
N-1279,"Wang, T., Tian, X., Hashimoto, S. & Tanikawa, H. Concrete transformation of buildings in China and implications for the steel cycle. Resour. Conserv. Recycl. 103, 205–215 (2015).",Specific,Construction bill of materials
N-1280,"Wang, T., Tian, X., Hashimoto, S. & Tanikawa, H. Concrete transformation of buildings in China and implications for the steel cycle. Resour. Conserv. Recycl. 103, 205–215 (2015).",Specific,Construction bill of materials
N-1281,"Wang, T., Tian, X., Hashimoto, S. & Tanikawa, H. Concrete transformation of buildings in China and implications for the steel cycle. Resour. Conserv. Recycl. 103, 205–215 (2015).",Specific,Construction bill of materials
N-1282,"Wang, T., Tian, X., Hashimoto, S. & Tanikawa, H. Concrete transformation of buildings in China and implications for the steel cycle. Resour. Conserv. Recycl. 103, 205–215 (2015).",Specific,Construction bill of materials
N-1283,"Wang, T., Tian, X., Hashimoto, S. & Tanikawa, H. Concrete transformation of buildings in China and implications for the steel cycle. Resour. Conserv. Recycl. 103, 205–215 (2015).",Specific,Construction bill of materials
N-1284,"Wang, T., Tian, X., Hashimoto, S. & Tanikawa, H. Concrete transformation of buildings in China and implications for the steel cycle. Resour. Conserv. Recycl. 103, 205–215 (2015).",Specific,Construction bill of materials
N-1285,"Wang, T., Tian, X., Hashimoto, S. & Tanikawa, H. Concrete transformation of buildings in China and implications for the steel cycle. Resour. Conserv. Recycl. 103, 205–215 (2015).",Specific,Construction bill of materials
N-1286,"Wang, T., Tian, X., Hashimoto, S. & Tanikawa, H. Concrete transformation of buildings in China and implications for the steel cycle. Resour. Conserv. Recycl. 103, 205–215 (2015).",Specific,Construction bill of materials
N-1287,"Wang, T., Tian, X., Hashimoto, S. & Tanikawa, H. Concrete transformation of buildings in China and implications for the steel cycle. Resour. Conserv. Recycl. 103, 205–215 (2015).",Specific,Construction bill of materials
N-1288,"Wang, T., Tian, X., Hashimoto, S. & Tanikawa, H. Concrete transformation of buildings in China and implications for the steel cycle. Resour. Conserv. Recycl. 103, 205–215 (2015).",Specific,Construction bill of materials
N-1289,"Wang, T., Tian, X., Hashimoto, S. & Tanikawa, H. Concrete transformation of buildings in China and implications for the steel cycle. Resour. Conserv. Recycl. 103, 205–215 (2015).",Specific,Construction bill of materials
N-1290,"Wang, T., Tian, X., Hashimoto, S. & Tanikawa, H. Concrete transformation of buildings in China and implications for the steel cycle. Resour. Conserv. Recycl. 103, 205–215 (2015).",Specific,Construction bill of materials
N-1291,"Wang, T., Tian, X., Hashimoto, S. & Tanikawa, H. Concrete transformation of buildings in China and implications for the steel cycle. Resour. Conserv. Recycl. 103, 205–215 (2015).",Specific,Construction bill of materials
N-1292,"Wang, T., Tian, X., Hashimoto, S. & Tanikawa, H. Concrete transformation of buildings in China and implications for the steel cycle. Resour. Conserv. Recycl. 103, 205–215 (2015).",Specific,Construction bill of materials
N-1293,"Wang, T., Tian, X., Hashimoto, S. & Tanikawa, H. Concrete transformation of buildings in China and implications for the steel cycle. Resour. Conserv. Recycl. 103, 205–215 (2015).",Specific,Construction bill of materials
N-1294,"Wang, T., Tian, X., Hashimoto, S. & Tanikawa, H. Concrete transformation of buildings in China and implications for the steel cycle. Resour. Conserv. Recycl. 103, 205–215 (2015).",Specific,Construction bill of materials
N-1295,"Wang, T., Tian, X., Hashimoto, S. & Tanikawa, H. Concrete transformation of buildings in China and implications for the steel cycle. Resour. Conserv. Recycl. 103, 205–215 (2015).",Specific,Construction bill of materials
N-1296,"Wang, T., Tian, X., Hashimoto, S. & Tanikawa, H. Concrete transformation of buildings in China and implications for the steel cycle. Resour. Conserv. Recycl. 103, 205–215 (2015).",Specific,Construction bill of materials
N-1297,"Wang, T., Tian, X., Hashimoto, S. & Tanikawa, H. Concrete transformation of buildings in China and implications for the steel cycle. Resour. Conserv. Recycl. 103, 205–215 (2015).",Specific,Construction bill of materials
N-1298,"Wang, T., Tian, X., Hashimoto, S. & Tanikawa, H. Concrete transformation of buildings in China and implications for the steel cycle. Resour. Conserv. Recycl. 103, 205–215 (2015).",Specific,Construction bill of materials
N-1299,"Wang, T., Tian, X., Hashimoto, S. & Tanikawa, H. Concrete transformation of buildings in China and implications for the steel cycle. Resour. Conserv. Recycl. 103, 205–215 (2015).",Specific,Construction bill of materials
N-1300,"Wang, T., Tian, X., Hashimoto, S. & Tanikawa, H. Concrete transformation of buildings in China and implications for the steel cycle. Resour. Conserv. Recycl. 103, 205–215 (2015).",Specific,Construction bill of materials
N-1301,"Wang, T., Tian, X., Hashimoto, S. & Tanikawa, H. Concrete transformation of buildings in China and implications for the steel cycle. Resour. Conserv. Recycl. 103, 205–215 (2015).",Specific,Construction bill of materials
N-1302,"Wang, T., Tian, X., Hashimoto, S. & Tanikawa, H. Concrete transformation of buildings in China and implications for the steel cycle. Resour. Conserv. Recycl. 103, 205–215 (2015).",Specific,Construction bill of materials
N-1303,"Wang, T., Tian, X., Hashimoto, S. & Tanikawa, H. Concrete transformation of buildings in China and implications for the steel cycle. Resour. Conserv. Recycl. 103, 205–215 (2015).",Specific,Construction bill of materials
N-1304,"Wang, T., Tian, X., Hashimoto, S. & Tanikawa, H. Concrete transformation of buildings in China and implications for the steel cycle. Resour. Conserv. Recycl. 103, 205–215 (2015).",Specific,Construction bill of materials
N-1305,"Wang, T., Tian, X., Hashimoto, S. & Tanikawa, H. Concrete transformation of buildings in China and implications for the steel cycle. Resour. Conserv. Recycl. 103, 205–215 (2015).",Specific,Construction bill of materials
N-1306,"Wang, T., Tian, X., Hashimoto, S. & Tanikawa, H. Concrete transformation of buildings in China and implications for the steel cycle. Resour. Conserv. Recycl. 103, 205–215 (2015).",Specific,Construction bill of materials
N-1307,"Wang, T., Tian, X., Hashimoto, S. & Tanikawa, H. Concrete transformation of buildings in China and implications for the steel cycle. Resour. Conserv. Recycl. 103, 205–215 (2015).",Specific,Construction bill of materials
N-1308,"Wang, T., Tian, X., Hashimoto, S. & Tanikawa, H. Concrete transformation of buildings in China and implications for the steel cycle. Resour. Conserv. Recycl. 103, 205–215 (2015).",Specific,Construction bill of materials
N-1309,"Wang, T., Tian, X., Hashimoto, S. & Tanikawa, H. Concrete transformation of buildings in China and implications for the steel cycle. Resour. Conserv. Recycl. 103, 205–215 (2015).",Specific,Construction bill of materials
N-1310,"Wang, T., Tian, X., Hashimoto, S. & Tanikawa, H. Concrete transformation of buildings in China and implications for the steel cycle. Resour. Conserv. Recycl. 103, 205–215 (2015).",Specific,Construction bill of materials
N-1311,"Wang, T., Tian, X., Hashimoto, S. & Tanikawa, H. Concrete transformation of buildings in China and implications for the steel cycle. Resour. Conserv. Recycl. 103, 205–215 (2015).",Specific,Construction bill of materials
N-1312,"Wang, T., Tian, X., Hashimoto, S. & Tanikawa, H. Concrete transformation of buildings in China and implications for the steel cycle. Resour. Conserv. Recycl. 103, 205–215 (2015).",Specific,Construction bill of materials
N-1313,"Wang, T., Tian, X., Hashimoto, S. & Tanikawa, H. Concrete transformation of buildings in China and implications for the steel cycle. Resour. Conserv. Recycl. 103, 205–215 (2015).",Specific,Construction bill of materials
N-1314,"Wang, T., Tian, X., Hashimoto, S. & Tanikawa, H. Concrete transformation of buildings in China and implications for the steel cycle. Resour. Conserv. Recycl. 103, 205–215 (2015).",Specific,Construction bill of materials
N-1315,"Wang, T., Tian, X., Hashimoto, S. & Tanikawa, H. Concrete transformation of buildings in China and implications for the steel cycle. Resour. Conserv. Recycl. 103, 205–215 (2015).",Specific,Construction bill of materials
N-1316,"Wang, T., Tian, X., Hashimoto, S. & Tanikawa, H. Concrete transformation of buildings in China and implications for the steel cycle. Resour. Conserv. Recycl. 103, 205–215 (2015).",Specific,Construction bill of materials
N-1317,"Wang, T., Tian, X., Hashimoto, S. & Tanikawa, H. Concrete transformation of buildings in China and implications for the steel cycle. Resour. Conserv. Recycl. 103, 205–215 (2015).",Specific,Construction bill of materials
N-1318,"Wang, T., Tian, X., Hashimoto, S. & Tanikawa, H. Concrete transformation of buildings in China and implications for the steel cycle. Resour. Conserv. Recycl. 103, 205–215 (2015).",Specific,Construction bill of materials
N-1319,"Wang, T., Tian, X., Hashimoto, S. & Tanikawa, H. Concrete transformation of buildings in China and implications for the steel cycle. Resour. Conserv. Recycl. 103, 205–215 (2015).",Specific,Construction bill of materials
N-1320,"Wang, T., Tian, X., Hashimoto, S. & Tanikawa, H. Concrete transformation of buildings in China and implications for the steel cycle. Resour. Conserv. Recycl. 103, 205–215 (2015).",Specific,Construction bill of materials
N-1321,"Wang, T., Tian, X., Hashimoto, S. & Tanikawa, H. Concrete transformation of buildings in China and implications for the steel cycle. Resour. Conserv. Recycl. 103, 205–215 (2015).",Specific,Construction bill of materials
N-1322,"Wang, T., Tian, X., Hashimoto, S. & Tanikawa, H. Concrete transformation of buildings in China and implications for the steel cycle. Resour. Conserv. Recycl. 103, 205–215 (2015).",Specific,Construction bill of materials
N-1323,"Wang, T., Tian, X., Hashimoto, S. & Tanikawa, H. Concrete transformation of buildings in China and implications for the steel cycle. Resour. Conserv. Recycl. 103, 205–215 (2015).",Specific,Construction bill of materials
N-1324,"Wang, T., Tian, X., Hashimoto, S. & Tanikawa, H. Concrete transformation of buildings in China and implications for the steel cycle. Resour. Conserv. Recycl. 103, 205–215 (2015).",Specific,Construction bill of materials
N-1325,"Wang, T., Tian, X., Hashimoto, S. & Tanikawa, H. Concrete transformation of buildings in China and implications for the steel cycle. Resour. Conserv. Recycl. 103, 205–215 (2015).",Specific,Construction bill of materials
N-1326,"Wang, T., Tian, X., Hashimoto, S. & Tanikawa, H. Concrete transformation of buildings in China and implications for the steel cycle. Resour. Conserv. Recycl. 103, 205–215 (2015).",Specific,Construction bill of materials
N-1327,"Wang, T., Tian, X., Hashimoto, S. & Tanikawa, H. Concrete transformation of buildings in China and implications for the steel cycle. Resour. Conserv. Recycl. 103, 205–215 (2015).",Specific,Construction bill of materials
N-1328,"Wang, T., Tian, X., Hashimoto, S. & Tanikawa, H. Concrete transformation of buildings in China and implications for the steel cycle. Resour. Conserv. Recycl. 103, 205–215 (2015).",Specific,Construction bill of materials
N-1329,"Wang, T., Tian, X., Hashimoto, S. & Tanikawa, H. Concrete transformation of buildings in China and implications for the steel cycle. Resour. Conserv. Recycl. 103, 205–215 (2015).",Specific,Construction bill of materials
N-1330,"Wang, T., Tian, X., Hashimoto, S. & Tanikawa, H. Concrete transformation of buildings in China and implications for the steel cycle. Resour. Conserv. Recycl. 103, 205–215 (2015).",Specific,Construction bill of materials
N-1331,"Wang, T., Tian, X., Hashimoto, S. & Tanikawa, H. Concrete transformation of buildings in China and implications for the steel cycle. Resour. Conserv. Recycl. 103, 205–215 (2015).",Specific,Construction bill of materials
N-1332,"Wang, T., Tian, X., Hashimoto, S. & Tanikawa, H. Concrete transformation of buildings in China and implications for the steel cycle. Resour. Conserv. Recycl. 103, 205–215 (2015).",Specific,Construction bill of materials
N-1333,"Wang, T., Tian, X., Hashimoto, S. & Tanikawa, H. Concrete transformation of buildings in China and implications for the steel cycle. Resour. Conserv. Recycl. 103, 205–215 (2015).",Specific,Construction bill of materials
N-1334,"Wang, T., Tian, X., Hashimoto, S. & Tanikawa, H. Concrete transformation of buildings in China and implications for the steel cycle. Resour. Conserv. Recycl. 103, 205–215 (2015).",Specific,Construction bill of materials
N-1335,"Wang, T., Tian, X., Hashimoto, S. & Tanikawa, H. Concrete transformation of buildings in China and implications for the steel cycle. Resour. Conserv. Recycl. 103, 205–215 (2015).",Specific,Construction bill of materials
N-1336,"Wang, T., Tian, X., Hashimoto, S. & Tanikawa, H. Concrete transformation of buildings in China and implications for the steel cycle. Resour. Conserv. Recycl. 103, 205–215 (2015).",Specific,Construction bill of materials
N-1337,"Wang, T., Tian, X., Hashimoto, S. & Tanikawa, H. Concrete transformation of buildings in China and implications for the steel cycle. Resour. Conserv. Recycl. 103, 205–215 (2015).",Specific,Construction bill of materials
N-1338,"Wang, T., Tian, X., Hashimoto, S. & Tanikawa, H. Concrete transformation of buildings in China and implications for the steel cycle. Resour. Conserv. Recycl. 103, 205–215 (2015).",Specific,Construction bill of materials
N-1339,"Wang, T., Tian, X., Hashimoto, S. & Tanikawa, H. Concrete transformation of buildings in China and implications for the steel cycle. Resour. Conserv. Recycl. 103, 205–215 (2015).",Specific,Construction bill of materials
N-1340,"Wang, T., Tian, X., Hashimoto, S. & Tanikawa, H. Concrete transformation of buildings in China and implications for the steel cycle. Resour. Conserv. Recycl. 103, 205–215 (2015).",Specific,Construction bill of materials
N-1341,"Wang, T., Tian, X., Hashimoto, S. & Tanikawa, H. Concrete transformation of buildings in China and implications for the steel cycle. Resour. Conserv. Recycl. 103, 205–215 (2015).",Specific,Construction bill of materials
N-1342,"Wang, T., Tian, X., Hashimoto, S. & Tanikawa, H. Concrete transformation of buildings in China and implications for the steel cycle. Resour. Conserv. Recycl. 103, 205–215 (2015).",Specific,Construction bill of materials
N-1343,"Wang, T., Tian, X., Hashimoto, S. & Tanikawa, H. Concrete transformation of buildings in China and implications for the steel cycle. Resour. Conserv. Recycl. 103, 205–215 (2015).",Specific,Construction bill of materials
N-1344,"Wang, T., Tian, X., Hashimoto, S. & Tanikawa, H. Concrete transformation of buildings in China and implications for the steel cycle. Resour. Conserv. Recycl. 103, 205–215 (2015).",Specific,Construction bill of materials
N-1345,"Wang, T., Tian, X., Hashimoto, S. & Tanikawa, H. Concrete transformation of buildings in China and implications for the steel cycle. Resour. Conserv. Recycl. 103, 205–215 (2015).",Specific,Construction bill of materials
N-1346,"Wang, T., Tian, X., Hashimoto, S. & Tanikawa, H. Concrete transformation of buildings in China and implications for the steel cycle. Resour. Conserv. Recycl. 103, 205–215 (2015).",Specific,Construction bill of materials
N-1347,"Wang, T., Tian, X., Hashimoto, S. & Tanikawa, H. Concrete transformation of buildings in China and implications for the steel cycle. Resour. Conserv. Recycl. 103, 205–215 (2015).",Specific,Construction bill of materials
N-1348,"Wang, T., Tian, X., Hashimoto, S. & Tanikawa, H. Concrete transformation of buildings in China and implications for the steel cycle. Resour. Conserv. Recycl. 103, 205–215 (2015).",Specific,Construction bill of materials
N-1349,"Wang, T., Tian, X., Hashimoto, S. & Tanikawa, H. Concrete transformation of buildings in China and implications for the steel cycle. Resour. Conserv. Recycl. 103, 205–215 (2015).",Specific,Construction bill of materials
N-1350,"Wang, T., Tian, X., Hashimoto, S. & Tanikawa, H. Concrete transformation of buildings in China and implications for the steel cycle. Resour. Conserv. Recycl. 103, 205–215 (2015).",Specific,Construction bill of materials
N-1351,"Wang, T., Tian, X., Hashimoto, S. & Tanikawa, H. Concrete transformation of buildings in China and implications for the steel cycle. Resour. Conserv. Recycl. 103, 205–215 (2015).",Specific,Construction bill of materials
N-1352,"Wang, T., Tian, X., Hashimoto, S. & Tanikawa, H. Concrete transformation of buildings in China and implications for the steel cycle. Resour. Conserv. Recycl. 103, 205–215 (2015).",Specific,Construction bill of materials
N-1353,"Wang, T., Tian, X., Hashimoto, S. & Tanikawa, H. Concrete transformation of buildings in China and implications for the steel cycle. Resour. Conserv. Recycl. 103, 205–215 (2015).",Specific,Construction bill of materials
N-1354,"Wang, T., Tian, X., Hashimoto, S. & Tanikawa, H. Concrete transformation of buildings in China and implications for the steel cycle. Resour. Conserv. Recycl. 103, 205–215 (2015).",Specific,Construction bill of materials
N-1355,"Wang, T., Tian, X., Hashimoto, S. & Tanikawa, H. Concrete transformation of buildings in China and implications for the steel cycle. Resour. Conserv. Recycl. 103, 205–215 (2015).",Specific,Construction bill of materials
N-1356,"Wang, T., Tian, X., Hashimoto, S. & Tanikawa, H. Concrete transformation of buildings in China and implications for the steel cycle. Resour. Conserv. Recycl. 103, 205–215 (2015).",Specific,Construction bill of materials
N-1357,"Wang, T., Tian, X., Hashimoto, S. & Tanikawa, H. Concrete transformation of buildings in China and implications for the steel cycle. Resour. Conserv. Recycl. 103, 205–215 (2015).",Specific,Construction bill of materials
N-1358,"Wang, T., Tian, X., Hashimoto, S. & Tanikawa, H. Concrete transformation of buildings in China and implications for the steel cycle. Resour. Conserv. Recycl. 103, 205–215 (2015).",Specific,Construction bill of materials
N-1359,"Wang, T., Tian, X., Hashimoto, S. & Tanikawa, H. Concrete transformation of buildings in China and implications for the steel cycle. Resour. Conserv. Recycl. 103, 205–215 (2015).",Specific,Construction bill of materials
N-1360,"Wang, T., Tian, X., Hashimoto, S. & Tanikawa, H. Concrete transformation of buildings in China and implications for the steel cycle. Resour. Conserv. Recycl. 103, 205–215 (2015).",Specific,Construction bill of materials
N-1361,"Wang, T., Tian, X., Hashimoto, S. & Tanikawa, H. Concrete transformation of buildings in China and implications for the steel cycle. Resour. Conserv. Recycl. 103, 205–215 (2015).",Specific,Construction bill of materials
N-1362,"Wang, T., Tian, X., Hashimoto, S. & Tanikawa, H. Concrete transformation of buildings in China and implications for the steel cycle. Resour. Conserv. Recycl. 103, 205–215 (2015).",Specific,Construction bill of materials
N-1363,"Wang, T., Tian, X., Hashimoto, S. & Tanikawa, H. Concrete transformation of buildings in China and implications for the steel cycle. Resour. Conserv. Recycl. 103, 205–215 (2015).",Specific,Construction bill of materials
N-1364,"Wang, T., Tian, X., Hashimoto, S. & Tanikawa, H. Concrete transformation of buildings in China and implications for the steel cycle. Resour. Conserv. Recycl. 103, 205–215 (2015).",Specific,Construction bill of materials
N-1365,"Wang, T., Tian, X., Hashimoto, S. & Tanikawa, H. Concrete transformation of buildings in China and implications for the steel cycle. Resour. Conserv. Recycl. 103, 205–215 (2015).",Specific,Construction bill of materials
N-1366,"Wang, T., Tian, X., Hashimoto, S. & Tanikawa, H. Concrete transformation of buildings in China and implications for the steel cycle. Resour. Conserv. Recycl. 103, 205–215 (2015).",Specific,Construction bill of materials
N-1367,"Wang, T., Tian, X., Hashimoto, S. & Tanikawa, H. Concrete transformation of buildings in China and implications for the steel cycle. Resour. Conserv. Recycl. 103, 205–215 (2015).",Specific,Construction bill of materials
N-1368,"Wang, T., Tian, X., Hashimoto, S. & Tanikawa, H. Concrete transformation of buildings in China and implications for the steel cycle. Resour. Conserv. Recycl. 103, 205–215 (2015).",Specific,Construction bill of materials
N-1369,"Wang, T., Tian, X., Hashimoto, S. & Tanikawa, H. Concrete transformation of buildings in China and implications for the steel cycle. Resour. Conserv. Recycl. 103, 205–215 (2015).",Specific,Construction bill of materials
N-1370,"Wang, T., Tian, X., Hashimoto, S. & Tanikawa, H. Concrete transformation of buildings in China and implications for the steel cycle. Resour. Conserv. Recycl. 103, 205–215 (2015).",Specific,Construction bill of materials
N-1371,"Wang, T., Tian, X., Hashimoto, S. & Tanikawa, H. Concrete transformation of buildings in China and implications for the steel cycle. Resour. Conserv. Recycl. 103, 205–215 (2015).",Specific,Construction bill of materials
N-1372,"Wang, T., Tian, X., Hashimoto, S. & Tanikawa, H. Concrete transformation of buildings in China and implications for the steel cycle. Resour. Conserv. Recycl. 103, 205–215 (2015).",Specific,Construction bill of materials
N-1373,"Wang, T., Tian, X., Hashimoto, S. & Tanikawa, H. Concrete transformation of buildings in China and implications for the steel cycle. Resour. Conserv. Recycl. 103, 205–215 (2015).",Specific,Construction bill of materials
N-1374,"Wang, T., Tian, X., Hashimoto, S. & Tanikawa, H. Concrete transformation of buildings in China and implications for the steel cycle. Resour. Conserv. Recycl. 103, 205–215 (2015).",Specific,Construction bill of materials
N-1375,"Wang, T., Tian, X., Hashimoto, S. & Tanikawa, H. Concrete transformation of buildings in China and implications for the steel cycle. Resour. Conserv. Recycl. 103, 205–215 (2015).",Specific,Construction bill of materials
N-1376,"Wang, T., Tian, X., Hashimoto, S. & Tanikawa, H. Concrete transformation of buildings in China and implications for the steel cycle. Resour. Conserv. Recycl. 103, 205–215 (2015).",Specific,Construction bill of materials
N-1377,"Wang, T., Tian, X., Hashimoto, S. & Tanikawa, H. Concrete transformation of buildings in China and implications for the steel cycle. Resour. Conserv. Recycl. 103, 205–215 (2015).",Specific,Construction bill of materials
N-1378,"Wang, T., Tian, X., Hashimoto, S. & Tanikawa, H. Concrete transformation of buildings in China and implications for the steel cycle. Resour. Conserv. Recycl. 103, 205–215 (2015).",Specific,Construction bill of materials
N-1379,"Wang, T., Tian, X., Hashimoto, S. & Tanikawa, H. Concrete transformation of buildings in China and implications for the steel cycle. Resour. Conserv. Recycl. 103, 205–215 (2015).",Specific,Construction bill of materials
N-1380,"Wang, T., Tian, X., Hashimoto, S. & Tanikawa, H. Concrete transformation of buildings in China and implications for the steel cycle. Resour. Conserv. Recycl. 103, 205–215 (2015).",Specific,Construction bill of materials
N-1381,"Wang, T., Tian, X., Hashimoto, S. & Tanikawa, H. Concrete transformation of buildings in China and implications for the steel cycle. Resour. Conserv. Recycl. 103, 205–215 (2015).",Specific,Construction bill of materials
N-1382,"Wang, T., Tian, X., Hashimoto, S. & Tanikawa, H. Concrete transformation of buildings in China and implications for the steel cycle. Resour. Conserv. Recycl. 103, 205–215 (2015).",Specific,Construction bill of materials
N-1383,"Wang, T., Tian, X., Hashimoto, S. & Tanikawa, H. Concrete transformation of buildings in China and implications for the steel cycle. Resour. Conserv. Recycl. 103, 205–215 (2015).",Specific,Construction bill of materials
N-1384,"Wang, T., Tian, X., Hashimoto, S. & Tanikawa, H. Concrete transformation of buildings in China and implications for the steel cycle. Resour. Conserv. Recycl. 103, 205–215 (2015).",Specific,Construction bill of materials
N-1385,"Wang, T., Tian, X., Hashimoto, S. & Tanikawa, H. Concrete transformation of buildings in China and implications for the steel cycle. Resour. Conserv. Recycl. 103, 205–215 (2015).",Specific,Construction bill of materials
N-1386,"Wang, T., Tian, X., Hashimoto, S. & Tanikawa, H. Concrete transformation of buildings in China and implications for the steel cycle. Resour. Conserv. Recycl. 103, 205–215 (2015).",Specific,Construction bill of materials
N-1387,"Wang, T., Tian, X., Hashimoto, S. & Tanikawa, H. Concrete transformation of buildings in China and implications for the steel cycle. Resour. Conserv. Recycl. 103, 205–215 (2015).",Specific,Construction bill of materials
N-1388,"Wang, T., Tian, X., Hashimoto, S. & Tanikawa, H. Concrete transformation of buildings in China and implications for the steel cycle. Resour. Conserv. Recycl. 103, 205–215 (2015).",Specific,Construction bill of materials
N-1389,"Wang, T., Tian, X., Hashimoto, S. & Tanikawa, H. Concrete transformation of buildings in China and implications for the steel cycle. Resour. Conserv. Recycl. 103, 205–215 (2015).",Specific,Construction bill of materials
N-1390,"Wang, T., Tian, X., Hashimoto, S. & Tanikawa, H. Concrete transformation of buildings in China and implications for the steel cycle. Resour. Conserv. Recycl. 103, 205–215 (2015).",Specific,Construction bill of materials
N-1391,"Wang, T., Tian, X., Hashimoto, S. & Tanikawa, H. Concrete transformation of buildings in China and implications for the steel cycle. Resour. Conserv. Recycl. 103, 205–215 (2015).",Specific,Construction bill of materials
N-1392,"Wang, T., Tian, X., Hashimoto, S. & Tanikawa, H. Concrete transformation of buildings in China and implications for the steel cycle. Resour. Conserv. Recycl. 103, 205–215 (2015).",Specific,Construction bill of materials
N-1393,"Wang, T., Tian, X., Hashimoto, S. & Tanikawa, H. Concrete transformation of buildings in China and implications for the steel cycle. Resour. Conserv. Recycl. 103, 205–215 (2015).",Specific,Construction bill of materials
N-1394,"Wang, T., Tian, X., Hashimoto, S. & Tanikawa, H. Concrete transformation of buildings in China and implications for the steel cycle. Resour. Conserv. Recycl. 103, 205–215 (2015).",Specific,Construction bill of materials
N-1395,"Wang, T., Tian, X., Hashimoto, S. & Tanikawa, H. Concrete transformation of buildings in China and implications for the steel cycle. Resour. Conserv. Recycl. 103, 205–215 (2015).",Specific,Construction bill of materials
N-1396,"Wang, T., Tian, X., Hashimoto, S. & Tanikawa, H. Concrete transformation of buildings in China and implications for the steel cycle. Resour. Conserv. Recycl. 103, 205–215 (2015).",Specific,Construction bill of materials
N-1397,"Wang, T., Tian, X., Hashimoto, S. & Tanikawa, H. Concrete transformation of buildings in China and implications for the steel cycle. Resour. Conserv. Recycl. 103, 205–215 (2015).",Specific,Construction bill of materials
N-1398,"Wang, T., Tian, X., Hashimoto, S. & Tanikawa, H. Concrete transformation of buildings in China and implications for the steel cycle. Resour. Conserv. Recycl. 103, 205–215 (2015).",Specific,Construction bill of materials
N-1399,"Wang, T., Tian, X., Hashimoto, S. & Tanikawa, H. Concrete transformation of buildings in China and implications for the steel cycle. Resour. Conserv. Recycl. 103, 205–215 (2015).",Specific,Construction bill of materials
N-1400,"Wang, T., Tian, X., Hashimoto, S. & Tanikawa, H. Concrete transformation of buildings in China and implications for the steel cycle. Resour. Conserv. Recycl. 103, 205–215 (2015).",Specific,Construction bill of materials
N-1401,"Wang, T., Tian, X., Hashimoto, S. & Tanikawa, H. Concrete transformation of buildings in China and implications for the steel cycle. Resour. Conserv. Recycl. 103, 205–215 (2015).",Specific,Construction bill of materials
N-1402,"Wang, T., Tian, X., Hashimoto, S. & Tanikawa, H. Concrete transformation of buildings in China and implications for the steel cycle. Resour. Conserv. Recycl. 103, 205–215 (2015).",Specific,Construction bill of materials
N-1403,"Wang, T., Tian, X., Hashimoto, S. & Tanikawa, H. Concrete transformation of buildings in China and implications for the steel cycle. Resour. Conserv. Recycl. 103, 205–215 (2015).",Specific,Construction bill of materials
N-1404,"Wang, T., Tian, X., Hashimoto, S. & Tanikawa, H. Concrete transformation of buildings in China and implications for the steel cycle. Resour. Conserv. Recycl. 103, 205–215 (2015).",Specific,Construction bill of materials
N-1405,"Wang, T., Tian, X., Hashimoto, S. & Tanikawa, H. Concrete transformation of buildings in China and implications for the steel cycle. Resour. Conserv. Recycl. 103, 205–215 (2015).",Specific,Construction bill of materials
N-1406,"Wang, T., Tian, X., Hashimoto, S. & Tanikawa, H. Concrete transformation of buildings in China and implications for the steel cycle. Resour. Conserv. Recycl. 103, 205–215 (2015).",Specific,Construction bill of materials
N-1407,"Wang, T., Tian, X., Hashimoto, S. & Tanikawa, H. Concrete transformation of buildings in China and implications for the steel cycle. Resour. Conserv. Recycl. 103, 205–215 (2015).",Specific,Construction bill of materials
N-1408,"Wang, T., Tian, X., Hashimoto, S. & Tanikawa, H. Concrete transformation of buildings in China and implications for the steel cycle. Resour. Conserv. Recycl. 103, 205–215 (2015).",Specific,Construction bill of materials
N-1409,"Wang, T., Tian, X., Hashimoto, S. & Tanikawa, H. Concrete transformation of buildings in China and implications for the steel cycle. Resour. Conserv. Recycl. 103, 205–215 (2015).",Specific,Construction bill of materials
N-1410,"Wang, T., Tian, X., Hashimoto, S. & Tanikawa, H. Concrete transformation of buildings in China and implications for the steel cycle. Resour. Conserv. Recycl. 103, 205–215 (2015).",Specific,Construction bill of materials
N-1411,"Wang, T., Tian, X., Hashimoto, S. & Tanikawa, H. Concrete transformation of buildings in China and implications for the steel cycle. Resour. Conserv. Recycl. 103, 205–215 (2015).",Specific,Construction bill of materials
N-1412,"Wang, T., Tian, X., Hashimoto, S. & Tanikawa, H. Concrete transformation of buildings in China and implications for the steel cycle. Resour. Conserv. Recycl. 103, 205–215 (2015).",Specific,Construction bill of materials
N-1413,"Wang, T., Tian, X., Hashimoto, S. & Tanikawa, H. Concrete transformation of buildings in China and implications for the steel cycle. Resour. Conserv. Recycl. 103, 205–215 (2015).",Specific,Construction bill of materials
N-1414,"Wang, T., Tian, X., Hashimoto, S. & Tanikawa, H. Concrete transformation of buildings in China and implications for the steel cycle. Resour. Conserv. Recycl. 103, 205–215 (2015).",Specific,Construction bill of materials
N-1415,"Wang, T., Tian, X., Hashimoto, S. & Tanikawa, H. Concrete transformation of buildings in China and implications for the steel cycle. Resour. Conserv. Recycl. 103, 205–215 (2015).",Specific,Construction bill of materials
N-1416,"Wang, T., Tian, X., Hashimoto, S. & Tanikawa, H. Concrete transformation of buildings in China and implications for the steel cycle. Resour. Conserv. Recycl. 103, 205–215 (2015).",Specific,Construction bill of materials
N-1417,"Wang, T., Tian, X., Hashimoto, S. & Tanikawa, H. Concrete transformation of buildings in China and implications for the steel cycle. Resour. Conserv. Recycl. 103, 205–215 (2015).",Specific,Construction bill of materials
N-1418,"Wang, T., Tian, X., Hashimoto, S. & Tanikawa, H. Concrete transformation of buildings in China and implications for the steel cycle. Resour. Conserv. Recycl. 103, 205–215 (2015).",Specific,Construction bill of materials
N-1419,"Wang, T., Tian, X., Hashimoto, S. & Tanikawa, H. Concrete transformation of buildings in China and implications for the steel cycle. Resour. Conserv. Recycl. 103, 205–215 (2015).",Specific,Construction bill of materials
N-1420,"Wang, T., Tian, X., Hashimoto, S. & Tanikawa, H. Concrete transformation of buildings in China and implications for the steel cycle. Resour. Conserv. Recycl. 103, 205–215 (2015).",Specific,Construction bill of materials
N-1421,"Wang, T., Tian, X., Hashimoto, S. & Tanikawa, H. Concrete transformation of buildings in China and implications for the steel cycle. Resour. Conserv. Recycl. 103, 205–215 (2015).",Specific,Construction bill of materials
N-1422,"Wang, T., Tian, X., Hashimoto, S. & Tanikawa, H. Concrete transformation of buildings in China and implications for the steel cycle. Resour. Conserv. Recycl. 103, 205–215 (2015).",Specific,Construction bill of materials
N-1423,"Wang, T., Tian, X., Hashimoto, S. & Tanikawa, H. Concrete transformation of buildings in China and implications for the steel cycle. Resour. Conserv. Recycl. 103, 205–215 (2015).",Specific,Construction bill of materials
N-1424,"Wang, T., Tian, X., Hashimoto, S. & Tanikawa, H. Concrete transformation of buildings in China and implications for the steel cycle. Resour. Conserv. Recycl. 103, 205–215 (2015).",Specific,Construction bill of materials
N-1425,"Wang, T., Tian, X., Hashimoto, S. & Tanikawa, H. Concrete transformation of buildings in China and implications for the steel cycle. Resour. Conserv. Recycl. 103, 205–215 (2015).",Specific,Construction bill of materials
N-1426,"Wang, T., Tian, X., Hashimoto, S. & Tanikawa, H. Concrete transformation of buildings in China and implications for the steel cycle. Resour. Conserv. Recycl. 103, 205–215 (2015).",Specific,Construction bill of materials
N-1427,"Wang, T., Tian, X., Hashimoto, S. & Tanikawa, H. Concrete transformation of buildings in China and implications for the steel cycle. Resour. Conserv. Recycl. 103, 205–215 (2015).",Specific,Construction bill of materials
N-1428,"Wang, T., Tian, X., Hashimoto, S. & Tanikawa, H. Concrete transformation of buildings in China and implications for the steel cycle. Resour. Conserv. Recycl. 103, 205–215 (2015).",Specific,Construction bill of materials
N-1429,"Wang, T., Tian, X., Hashimoto, S. & Tanikawa, H. Concrete transformation of buildings in China and implications for the steel cycle. Resour. Conserv. Recycl. 103, 205–215 (2015).",Specific,Construction bill of materials
N-1430,"Wang, T., Tian, X., Hashimoto, S. & Tanikawa, H. Concrete transformation of buildings in China and implications for the steel cycle. Resour. Conserv. Recycl. 103, 205–215 (2015).",Specific,Construction bill of materials
N-1431,"Wang, T., Tian, X., Hashimoto, S. & Tanikawa, H. Concrete transformation of buildings in China and implications for the steel cycle. Resour. Conserv. Recycl. 103, 205–215 (2015).",Specific,Construction bill of materials
N-1432,"Wang, T., Tian, X., Hashimoto, S. & Tanikawa, H. Concrete transformation of buildings in China and implications for the steel cycle. Resour. Conserv. Recycl. 103, 205–215 (2015).",Specific,Construction bill of materials
N-1433,"Wang, T., Tian, X., Hashimoto, S. & Tanikawa, H. Concrete transformation of buildings in China and implications for the steel cycle. Resour. Conserv. Recycl. 103, 205–215 (2015).",Specific,Construction bill of materials
N-1434,"Wang, T., Tian, X., Hashimoto, S. & Tanikawa, H. Concrete transformation of buildings in China and implications for the steel cycle. Resour. Conserv. Recycl. 103, 205–215 (2015).",Specific,Construction bill of materials
N-1435,"Wang, T., Tian, X., Hashimoto, S. & Tanikawa, H. Concrete transformation of buildings in China and implications for the steel cycle. Resour. Conserv. Recycl. 103, 205–215 (2015).",Specific,Construction bill of materials
N-1436,"Wang, T., Tian, X., Hashimoto, S. & Tanikawa, H. Concrete transformation of buildings in China and implications for the steel cycle. Resour. Conserv. Recycl. 103, 205–215 (2015).",Specific,Construction bill of materials
N-1437,"Wang, T., Tian, X., Hashimoto, S. & Tanikawa, H. Concrete transformation of buildings in China and implications for the steel cycle. Resour. Conserv. Recycl. 103, 205–215 (2015).",Specific,Construction bill of materials
N-1438,"Wang, T., Tian, X., Hashimoto, S. & Tanikawa, H. Concrete transformation of buildings in China and implications for the steel cycle. Resour. Conserv. Recycl. 103, 205–215 (2015).",Specific,Construction bill of materials
N-1439,"Wang, T., Tian, X., Hashimoto, S. & Tanikawa, H. Concrete transformation of buildings in China and implications for the steel cycle. Resour. Conserv. Recycl. 103, 205–215 (2015).",Specific,Construction bill of materials
N-1440,"Wang, T., Tian, X., Hashimoto, S. & Tanikawa, H. Concrete transformation of buildings in China and implications for the steel cycle. Resour. Conserv. Recycl. 103, 205–215 (2015).",Specific,Construction bill of materials
N-1441,"Wang, T., Tian, X., Hashimoto, S. & Tanikawa, H. Concrete transformation of buildings in China and implications for the steel cycle. Resour. Conserv. Recycl. 103, 205–215 (2015).",Specific,Construction bill of materials
N-1442,"Wang, T., Tian, X., Hashimoto, S. & Tanikawa, H. Concrete transformation of buildings in China and implications for the steel cycle. Resour. Conserv. Recycl. 103, 205–215 (2015).",Specific,Construction bill of materials
N-1443,"Wang, T., Tian, X., Hashimoto, S. & Tanikawa, H. Concrete transformation of buildings in China and implications for the steel cycle. Resour. Conserv. Recycl. 103, 205–215 (2015).",Specific,Construction bill of materials
N-1444,"Wang, T., Tian, X., Hashimoto, S. & Tanikawa, H. Concrete transformation of buildings in China and implications for the steel cycle. Resour. Conserv. Recycl. 103, 205–215 (2015).",Specific,Construction bill of materials
N-1445,"Wang, T., Tian, X., Hashimoto, S. & Tanikawa, H. Concrete transformation of buildings in China and implications for the steel cycle. Resour. Conserv. Recycl. 103, 205–215 (2015).",Specific,Construction bill of materials
N-1446,"Wang, T., Tian, X., Hashimoto, S. & Tanikawa, H. Concrete transformation of buildings in China and implications for the steel cycle. Resour. Conserv. Recycl. 103, 205–215 (2015).",Specific,Construction bill of materials
N-1447,"Wang, T., Tian, X., Hashimoto, S. & Tanikawa, H. Concrete transformation of buildings in China and implications for the steel cycle. Resour. Conserv. Recycl. 103, 205–215 (2015).",Specific,Construction bill of materials
N-1448,"Wang, T., Tian, X., Hashimoto, S. & Tanikawa, H. Concrete transformation of buildings in China and implications for the steel cycle. Resour. Conserv. Recycl. 103, 205–215 (2015).",Specific,Construction bill of materials
N-1449,"Wang, T., Tian, X., Hashimoto, S. & Tanikawa, H. Concrete transformation of buildings in China and implications for the steel cycle. Resour. Conserv. Recycl. 103, 205–215 (2015).",Specific,Construction bill of materials
N-1450,"Wang, T., Tian, X., Hashimoto, S. & Tanikawa, H. Concrete transformation of buildings in China and implications for the steel cycle. Resour. Conserv. Recycl. 103, 205–215 (2015).",Specific,Construction bill of materials
N-1451,"Wang, T., Tian, X., Hashimoto, S. & Tanikawa, H. Concrete transformation of buildings in China and implications for the steel cycle. Resour. Conserv. Recycl. 103, 205–215 (2015).",Specific,Construction bill of materials
N-1452,"Wang, T., Tian, X., Hashimoto, S. & Tanikawa, H. Concrete transformation of buildings in China and implications for the steel cycle. Resour. Conserv. Recycl. 103, 205–215 (2015).",Specific,Construction bill of materials
N-1453,"Wang, T., Tian, X., Hashimoto, S. & Tanikawa, H. Concrete transformation of buildings in China and implications for the steel cycle. Resour. Conserv. Recycl. 103, 205–215 (2015).",Specific,Construction bill of materials
N-1454,"Wang, T., Tian, X., Hashimoto, S. & Tanikawa, H. Concrete transformation of buildings in China and implications for the steel cycle. Resour. Conserv. Recycl. 103, 205–215 (2015).",Specific,Construction bill of materials
N-1455,"Wang, T., Tian, X., Hashimoto, S. & Tanikawa, H. Concrete transformation of buildings in China and implications for the steel cycle. Resour. Conserv. Recycl. 103, 205–215 (2015).",Specific,Construction bill of materials
N-1456,"Wang, T., Tian, X., Hashimoto, S. & Tanikawa, H. Concrete transformation of buildings in China and implications for the steel cycle. Resour. Conserv. Recycl. 103, 205–215 (2015).",Specific,Construction bill of materials
N-1457,"Wang, T., Tian, X., Hashimoto, S. & Tanikawa, H. Concrete transformation of buildings in China and implications for the steel cycle. Resour. Conserv. Recycl. 103, 205–215 (2015).",Specific,Construction bill of materials
N-1458,"Wang, T., Tian, X., Hashimoto, S. & Tanikawa, H. Concrete transformation of buildings in China and implications for the steel cycle. Resour. Conserv. Recycl. 103, 205–215 (2015).",Specific,Construction bill of materials
N-1459,"Wang, T., Tian, X., Hashimoto, S. & Tanikawa, H. Concrete transformation of buildings in China and implications for the steel cycle. Resour. Conserv. Recycl. 103, 205–215 (2015).",Specific,Construction bill of materials
N-1460,"Wang, T., Tian, X., Hashimoto, S. & Tanikawa, H. Concrete transformation of buildings in China and implications for the steel cycle. Resour. Conserv. Recycl. 103, 205–215 (2015).",Specific,Construction bill of materials
N-1461,"Wang, T., Tian, X., Hashimoto, S. & Tanikawa, H. Concrete transformation of buildings in China and implications for the steel cycle. Resour. Conserv. Recycl. 103, 205–215 (2015).",Specific,Construction bill of materials
N-1462,"Wang, T., Tian, X., Hashimoto, S. & Tanikawa, H. Concrete transformation of buildings in China and implications for the steel cycle. Resour. Conserv. Recycl. 103, 205–215 (2015).",Specific,Construction bill of materials
N-1463,"Wang, T., Tian, X., Hashimoto, S. & Tanikawa, H. Concrete transformation of buildings in China and implications for the steel cycle. Resour. Conserv. Recycl. 103, 205–215 (2015).",Specific,Construction bill of materials
N-1464,"Wang, T., Tian, X., Hashimoto, S. & Tanikawa, H. Concrete transformation of buildings in China and implications for the steel cycle. Resour. Conserv. Recycl. 103, 205–215 (2015).",Specific,Construction bill of materials
N-1465,"Wang, T., Tian, X., Hashimoto, S. & Tanikawa, H. Concrete transformation of buildings in China and implications for the steel cycle. Resour. Conserv. Recycl. 103, 205–215 (2015).",Specific,Construction bill of materials
N-1466,"Wang, T., Tian, X., Hashimoto, S. & Tanikawa, H. Concrete transformation of buildings in China and implications for the steel cycle. Resour. Conserv. Recycl. 103, 205–215 (2015).",Specific,Construction bill of materials
N-1467,"Wang, T., Tian, X., Hashimoto, S. & Tanikawa, H. Concrete transformation of buildings in China and implications for the steel cycle. Resour. Conserv. Recycl. 103, 205–215 (2015).",Specific,Construction bill of materials
N-1468,"Wang, T., Tian, X., Hashimoto, S. & Tanikawa, H. Concrete transformation of buildings in China and implications for the steel cycle. Resour. Conserv. Recycl. 103, 205–215 (2015).",Specific,Construction bill of materials
N-1469,"Wang, T., Tian, X., Hashimoto, S. & Tanikawa, H. Concrete transformation of buildings in China and implications for the steel cycle. Resour. Conserv. Recycl. 103, 205–215 (2015).",Specific,Construction bill of materials
N-1470,"Wang, T., Tian, X., Hashimoto, S. & Tanikawa, H. Concrete transformation of buildings in China and implications for the steel cycle. Resour. Conserv. Recycl. 103, 205–215 (2015).",Specific,Construction bill of materials
N-1471,"Wang, T., Tian, X., Hashimoto, S. & Tanikawa, H. Concrete transformation of buildings in China and implications for the steel cycle. Resour. Conserv. Recycl. 103, 205–215 (2015).",Specific,Construction bill of materials
N-1472,"Wang, T., Tian, X., Hashimoto, S. & Tanikawa, H. Concrete transformation of buildings in China and implications for the steel cycle. Resour. Conserv. Recycl. 103, 205–215 (2015).",Specific,Construction bill of materials
N-1473,"Wang, T., Tian, X., Hashimoto, S. & Tanikawa, H. Concrete transformation of buildings in China and implications for the steel cycle. Resour. Conserv. Recycl. 103, 205–215 (2015).",Specific,Construction bill of materials
N-1474,"Wang, T., Tian, X., Hashimoto, S. & Tanikawa, H. Concrete transformation of buildings in China and implications for the steel cycle. Resour. Conserv. Recycl. 103, 205–215 (2015).",Specific,Construction bill of materials
N-1475,"Wang, T., Tian, X., Hashimoto, S. & Tanikawa, H. Concrete transformation of buildings in China and implications for the steel cycle. Resour. Conserv. Recycl. 103, 205–215 (2015).",Specific,Construction bill of materials
N-1476,"Wang, T., Tian, X., Hashimoto, S. & Tanikawa, H. Concrete transformation of buildings in China and implications for the steel cycle. Resour. Conserv. Recycl. 103, 205–215 (2015).",Specific,Construction bill of materials
N-1477,"Wang, T., Tian, X., Hashimoto, S. & Tanikawa, H. Concrete transformation of buildings in China and implications for the steel cycle. Resour. Conserv. Recycl. 103, 205–215 (2015).",Specific,Construction bill of materials
N-1478,"Wang, T., Tian, X., Hashimoto, S. & Tanikawa, H. Concrete transformation of buildings in China and implications for the steel cycle. Resour. Conserv. Recycl. 103, 205–215 (2015).",Specific,Construction bill of materials
N-1479,"Wang, T., Tian, X., Hashimoto, S. & Tanikawa, H. Concrete transformation of buildings in China and implications for the steel cycle. Resour. Conserv. Recycl. 103, 205–215 (2015).",Specific,Construction bill of materials
N-1480,"Wang, T., Tian, X., Hashimoto, S. & Tanikawa, H. Concrete transformation of buildings in China and implications for the steel cycle. Resour. Conserv. Recycl. 103, 205–215 (2015).",Specific,Construction bill of materials
N-1481,"Wang, T., Tian, X., Hashimoto, S. & Tanikawa, H. Concrete transformation of buildings in China and implications for the steel cycle. Resour. Conserv. Recycl. 103, 205–215 (2015).",Specific,Construction bill of materials
N-1482,"Wang, T., Tian, X., Hashimoto, S. & Tanikawa, H. Concrete transformation of buildings in China and implications for the steel cycle. Resour. Conserv. Recycl. 103, 205–215 (2015).",Specific,Construction bill of materials
N-1483,"Wang, T., Tian, X., Hashimoto, S. & Tanikawa, H. Concrete transformation of buildings in China and implications for the steel cycle. Resour. Conserv. Recycl. 103, 205–215 (2015).",Specific,Construction bill of materials
N-1484,"Wang, T., Tian, X., Hashimoto, S. & Tanikawa, H. Concrete transformation of buildings in China and implications for the steel cycle. Resour. Conserv. Recycl. 103, 205–215 (2015).",Specific,Construction bill of materials
N-1485,"Wang, T., Tian, X., Hashimoto, S. & Tanikawa, H. Concrete transformation of buildings in China and implications for the steel cycle. Resour. Conserv. Recycl. 103, 205–215 (2015).",Specific,Construction bill of materials
N-1486,"Wang, T., Tian, X., Hashimoto, S. & Tanikawa, H. Concrete transformation of buildings in China and implications for the steel cycle. Resour. Conserv. Recycl. 103, 205–215 (2015).",Specific,Construction bill of materials
N-1487,"Wang, T., Tian, X., Hashimoto, S. & Tanikawa, H. Concrete transformation of buildings in China and implications for the steel cycle. Resour. Conserv. Recycl. 103, 205–215 (2015).",Specific,Construction bill of materials
N-1488,"Wang, T., Tian, X., Hashimoto, S. & Tanikawa, H. Concrete transformation of buildings in China and implications for the steel cycle. Resour. Conserv. Recycl. 103, 205–215 (2015).",Specific,Construction bill of materials
N-1489,"Wang, T., Tian, X., Hashimoto, S. & Tanikawa, H. Concrete transformation of buildings in China and implications for the steel cycle. Resour. Conserv. Recycl. 103, 205–215 (2015).",Specific,Construction bill of materials
N-1490,"Wang, T., Tian, X., Hashimoto, S. & Tanikawa, H. Concrete transformation of buildings in China and implications for the steel cycle. Resour. Conserv. Recycl. 103, 205–215 (2015).",Specific,Construction bill of materials
N-1491,"Wang, T., Tian, X., Hashimoto, S. & Tanikawa, H. Concrete transformation of buildings in China and implications for the steel cycle. Resour. Conserv. Recycl. 103, 205–215 (2015).",Specific,Construction bill of materials
N-1492,"Wang, T., Tian, X., Hashimoto, S. & Tanikawa, H. Concrete transformation of buildings in China and implications for the steel cycle. Resour. Conserv. Recycl. 103, 205–215 (2015).",Specific,Construction bill of materials
N-1493,"Wang, T., Tian, X., Hashimoto, S. & Tanikawa, H. Concrete transformation of buildings in China and implications for the steel cycle. Resour. Conserv. Recycl. 103, 205–215 (2015).",Specific,Construction bill of materials
N-1494,"Wang, T., Tian, X., Hashimoto, S. & Tanikawa, H. Concrete transformation of buildings in China and implications for the steel cycle. Resour. Conserv. Recycl. 103, 205–215 (2015).",Specific,Construction bill of materials
N-1495,"Wang, T., Tian, X., Hashimoto, S. & Tanikawa, H. Concrete transformation of buildings in China and implications for the steel cycle. Resour. Conserv. Recycl. 103, 205–215 (2015).",Specific,Construction bill of materials
N-1496,"Wang, T., Tian, X., Hashimoto, S. & Tanikawa, H. Concrete transformation of buildings in China and implications for the steel cycle. Resour. Conserv. Recycl. 103, 205–215 (2015).",Specific,Construction bill of materials
N-1497,"Wang, T., Tian, X., Hashimoto, S. & Tanikawa, H. Concrete transformation of buildings in China and implications for the steel cycle. Resour. Conserv. Recycl. 103, 205–215 (2015).",Specific,Construction bill of materials
N-1498,"Wang, T., Tian, X., Hashimoto, S. & Tanikawa, H. Concrete transformation of buildings in China and implications for the steel cycle. Resour. Conserv. Recycl. 103, 205–215 (2015).",Specific,Construction bill of materials
N-1499,"Wang, T., Tian, X., Hashimoto, S. & Tanikawa, H. Concrete transformation of buildings in China and implications for the steel cycle. Resour. Conserv. Recycl. 103, 205–215 (2015).",Specific,Construction bill of materials
N-1500,"Wang, T., Tian, X., Hashimoto, S. & Tanikawa, H. Concrete transformation of buildings in China and implications for the steel cycle. Resour. Conserv. Recycl. 103, 205–215 (2015).",Specific,Construction bill of materials
N-1501,"Wang, T., Tian, X., Hashimoto, S. & Tanikawa, H. Concrete transformation of buildings in China and implications for the steel cycle. Resour. Conserv. Recycl. 103, 205–215 (2015).",Specific,Construction bill of materials
N-1502,"Wang, T., Tian, X., Hashimoto, S. & Tanikawa, H. Concrete transformation of buildings in China and implications for the steel cycle. Resour. Conserv. Recycl. 103, 205–215 (2015).",Specific,Construction bill of materials
N-1503,"Wang, T., Tian, X., Hashimoto, S. & Tanikawa, H. Concrete transformation of buildings in China and implications for the steel cycle. Resour. Conserv. Recycl. 103, 205–215 (2015).",Specific,Construction bill of materials
N-1504,"Wang, T., Tian, X., Hashimoto, S. & Tanikawa, H. Concrete transformation of buildings in China and implications for the steel cycle. Resour. Conserv. Recycl. 103, 205–215 (2015).",Specific,Construction bill of materials
N-1505,"Wang, T., Tian, X., Hashimoto, S. & Tanikawa, H. Concrete transformation of buildings in China and implications for the steel cycle. Resour. Conserv. Recycl. 103, 205–215 (2015).",Specific,Construction bill of materials
N-1506,"Wang, T., Tian, X., Hashimoto, S. & Tanikawa, H. Concrete transformation of buildings in China and implications for the steel cycle. Resour. Conserv. Recycl. 103, 205–215 (2015).",Specific,Construction bill of materials
N-1507,"Wang, T., Tian, X., Hashimoto, S. & Tanikawa, H. Concrete transformation of buildings in China and implications for the steel cycle. Resour. Conserv. Recycl. 103, 205–215 (2015).",Specific,Construction bill of materials
N-1508,"Wang, T., Tian, X., Hashimoto, S. & Tanikawa, H. Concrete transformation of buildings in China and implications for the steel cycle. Resour. Conserv. Recycl. 103, 205–215 (2015).",Specific,Construction bill of materials
N-1509,"Wang, T., Tian, X., Hashimoto, S. & Tanikawa, H. Concrete transformation of buildings in China and implications for the steel cycle. Resour. Conserv. Recycl. 103, 205–215 (2015).",Specific,Construction bill of materials
N-1510,"Wang, T., Tian, X., Hashimoto, S. & Tanikawa, H. Concrete transformation of buildings in China and implications for the steel cycle. Resour. Conserv. Recycl. 103, 205–215 (2015).",Specific,Construction bill of materials
N-1511,"Wang, T., Tian, X., Hashimoto, S. & Tanikawa, H. Concrete transformation of buildings in China and implications for the steel cycle. Resour. Conserv. Recycl. 103, 205–215 (2015).",Specific,Construction bill of materials
N-1512,"Wang, T., Tian, X., Hashimoto, S. & Tanikawa, H. Concrete transformation of buildings in China and implications for the steel cycle. Resour. Conserv. Recycl. 103, 205–215 (2015).",Specific,Construction bill of materials
N-1513,"Wang, T., Tian, X., Hashimoto, S. & Tanikawa, H. Concrete transformation of buildings in China and implications for the steel cycle. Resour. Conserv. Recycl. 103, 205–215 (2015).",Specific,Construction bill of materials
N-1514,"Wang, T., Tian, X., Hashimoto, S. & Tanikawa, H. Concrete transformation of buildings in China and implications for the steel cycle. Resour. Conserv. Recycl. 103, 205–215 (2015).",Specific,Construction bill of materials
N-1515,"Wang, T., Tian, X., Hashimoto, S. & Tanikawa, H. Concrete transformation of buildings in China and implications for the steel cycle. Resour. Conserv. Recycl. 103, 205–215 (2015).",Specific,Construction bill of materials
N-1516,"Wang, T., Tian, X., Hashimoto, S. & Tanikawa, H. Concrete transformation of buildings in China and implications for the steel cycle. Resour. Conserv. Recycl. 103, 205–215 (2015).",Specific,Construction bill of materials
N-1517,"Wang, T., Tian, X., Hashimoto, S. & Tanikawa, H. Concrete transformation of buildings in China and implications for the steel cycle. Resour. Conserv. Recycl. 103, 205–215 (2015).",Specific,Construction bill of materials
N-1518,"Wang, T., Tian, X., Hashimoto, S. & Tanikawa, H. Concrete transformation of buildings in China and implications for the steel cycle. Resour. Conserv. Recycl. 103, 205–215 (2015).",Specific,Construction bill of materials
N-1519,"Wang, T., Tian, X., Hashimoto, S. & Tanikawa, H. Concrete transformation of buildings in China and implications for the steel cycle. Resour. Conserv. Recycl. 103, 205–215 (2015).",Specific,Construction bill of materials
N-1520,"Wang, T., Tian, X., Hashimoto, S. & Tanikawa, H. Concrete transformation of buildings in China and implications for the steel cycle. Resour. Conserv. Recycl. 103, 205–215 (2015).",Specific,Construction bill of materials
N-1521,"Wang, T., Tian, X., Hashimoto, S. & Tanikawa, H. Concrete transformation of buildings in China and implications for the steel cycle. Resour. Conserv. Recycl. 103, 205–215 (2015).",Specific,Construction bill of materials
N-1522,"Wang, T., Tian, X., Hashimoto, S. & Tanikawa, H. Concrete transformation of buildings in China and implications for the steel cycle. Resour. Conserv. Recycl. 103, 205–215 (2015).",Specific,Construction bill of materials
N-1523,"Wang, T., Tian, X., Hashimoto, S. & Tanikawa, H. Concrete transformation of buildings in China and implications for the steel cycle. Resour. Conserv. Recycl. 103, 205–215 (2015).",Specific,Construction bill of materials
N-1524,"Wang, T., Tian, X., Hashimoto, S. & Tanikawa, H. Concrete transformation of buildings in China and implications for the steel cycle. Resour. Conserv. Recycl. 103, 205–215 (2015).",Specific,Construction bill of materials
N-1525,"Wang, T., Tian, X., Hashimoto, S. & Tanikawa, H. Concrete transformation of buildings in China and implications for the steel cycle. Resour. Conserv. Recycl. 103, 205–215 (2015).",Specific,Construction bill of materials
N-1526,"Wang, T., Tian, X., Hashimoto, S. & Tanikawa, H. Concrete transformation of buildings in China and implications for the steel cycle. Resour. Conserv. Recycl. 103, 205–215 (2015).",Specific,Construction bill of materials
N-1527,"Wang, T., Tian, X., Hashimoto, S. & Tanikawa, H. Concrete transformation of buildings in China and implications for the steel cycle. Resour. Conserv. Recycl. 103, 205–215 (2015).",Specific,Construction bill of materials
N-1528,"Wang, T., Tian, X., Hashimoto, S. & Tanikawa, H. Concrete transformation of buildings in China and implications for the steel cycle. Resour. Conserv. Recycl. 103, 205–215 (2015).",Specific,Construction bill of materials
N-1529,"Wang, T., Tian, X., Hashimoto, S. & Tanikawa, H. Concrete transformation of buildings in China and implications for the steel cycle. Resour. Conserv. Recycl. 103, 205–215 (2015).",Specific,Construction bill of materials
N-1530,"Wang, T., Tian, X., Hashimoto, S. & Tanikawa, H. Concrete transformation of buildings in China and implications for the steel cycle. Resour. Conserv. Recycl. 103, 205–215 (2015).",Specific,Construction bill of materials
N-1531,"Wang, T., Tian, X., Hashimoto, S. & Tanikawa, H. Concrete transformation of buildings in China and implications for the steel cycle. Resour. Conserv. Recycl. 103, 205–215 (2015).",Specific,Construction bill of materials
N-1532,"Wang, T., Tian, X., Hashimoto, S. & Tanikawa, H. Concrete transformation of buildings in China and implications for the steel cycle. Resour. Conserv. Recycl. 103, 205–215 (2015).",Specific,Construction bill of materials
N-1533,"Wang, T., Tian, X., Hashimoto, S. & Tanikawa, H. Concrete transformation of buildings in China and implications for the steel cycle. Resour. Conserv. Recycl. 103, 205–215 (2015).",Specific,Construction bill of materials
N-1534,"Wang, T., Tian, X., Hashimoto, S. & Tanikawa, H. Concrete transformation of buildings in China and implications for the steel cycle. Resour. Conserv. Recycl. 103, 205–215 (2015).",Specific,Construction bill of materials
N-1535,"Wang, T., Tian, X., Hashimoto, S. & Tanikawa, H. Concrete transformation of buildings in China and implications for the steel cycle. Resour. Conserv. Recycl. 103, 205–215 (2015).",Specific,Construction bill of materials
N-1536,"Wang, T., Tian, X., Hashimoto, S. & Tanikawa, H. Concrete transformation of buildings in China and implications for the steel cycle. Resour. Conserv. Recycl. 103, 205–215 (2015).",Specific,Construction bill of materials
N-1537,"Wang, T., Tian, X., Hashimoto, S. & Tanikawa, H. Concrete transformation of buildings in China and implications for the steel cycle. Resour. Conserv. Recycl. 103, 205–215 (2015).",Specific,Construction bill of materials
N-1538,"Wang, T., Tian, X., Hashimoto, S. & Tanikawa, H. Concrete transformation of buildings in China and implications for the steel cycle. Resour. Conserv. Recycl. 103, 205–215 (2015).",Specific,Construction bill of materials
N-1539,"Wang, T., Tian, X., Hashimoto, S. & Tanikawa, H. Concrete transformation of buildings in China and implications for the steel cycle. Resour. Conserv. Recycl. 103, 205–215 (2015).",Specific,Construction bill of materials
N-1540,"Wang, T., Tian, X., Hashimoto, S. & Tanikawa, H. Concrete transformation of buildings in China and implications for the steel cycle. Resour. Conserv. Recycl. 103, 205–215 (2015).",Specific,Construction bill of materials
N-1541,"Wang, T., Tian, X., Hashimoto, S. & Tanikawa, H. Concrete transformation of buildings in China and implications for the steel cycle. Resour. Conserv. Recycl. 103, 205–215 (2015).",Specific,Construction bill of materials
N-1542,"Wang, T., Tian, X., Hashimoto, S. & Tanikawa, H. Concrete transformation of buildings in China and implications for the steel cycle. Resour. Conserv. Recycl. 103, 205–215 (2015).",Specific,Construction bill of materials
N-1543,"Wang, T., Tian, X., Hashimoto, S. & Tanikawa, H. Concrete transformation of buildings in China and implications for the steel cycle. Resour. Conserv. Recycl. 103, 205–215 (2015).",Specific,Construction bill of materials
N-1544,"Wang, T., Tian, X., Hashimoto, S. & Tanikawa, H. Concrete transformation of buildings in China and implications for the steel cycle. Resour. Conserv. Recycl. 103, 205–215 (2015).",Specific,Construction bill of materials
N-1545,"Wang, T., Tian, X., Hashimoto, S. & Tanikawa, H. Concrete transformation of buildings in China and implications for the steel cycle. Resour. Conserv. Recycl. 103, 205–215 (2015).",Specific,Construction bill of materials
N-1546,"Wang, T., Tian, X., Hashimoto, S. & Tanikawa, H. Concrete transformation of buildings in China and implications for the steel cycle. Resour. Conserv. Recycl. 103, 205–215 (2015).",Specific,Construction bill of materials
N-1547,"Wang, T., Tian, X., Hashimoto, S. & Tanikawa, H. Concrete transformation of buildings in China and implications for the steel cycle. Resour. Conserv. Recycl. 103, 205–215 (2015).",Specific,Construction bill of materials
N-1548,"Wang, T., Tian, X., Hashimoto, S. & Tanikawa, H. Concrete transformation of buildings in China and implications for the steel cycle. Resour. Conserv. Recycl. 103, 205–215 (2015).",Specific,Construction bill of materials
N-1549,"Wang, T., Tian, X., Hashimoto, S. & Tanikawa, H. Concrete transformation of buildings in China and implications for the steel cycle. Resour. Conserv. Recycl. 103, 205–215 (2015).",Specific,Construction bill of materials
N-1550,"Wang, T., Tian, X., Hashimoto, S. & Tanikawa, H. Concrete transformation of buildings in China and implications for the steel cycle. Resour. Conserv. Recycl. 103, 205–215 (2015).",Specific,Construction bill of materials
N-1551,"Wang, T., Tian, X., Hashimoto, S. & Tanikawa, H. Concrete transformation of buildings in China and implications for the steel cycle. Resour. Conserv. Recycl. 103, 205–215 (2015).",Specific,Construction bill of materials
N-1552,"Wang, T., Tian, X., Hashimoto, S. & Tanikawa, H. Concrete transformation of buildings in China and implications for the steel cycle. Resour. Conserv. Recycl. 103, 205–215 (2015).",Specific,Construction bill of materials
N-1553,"Wang, T., Tian, X., Hashimoto, S. & Tanikawa, H. Concrete transformation of buildings in China and implications for the steel cycle. Resour. Conserv. Recycl. 103, 205–215 (2015).",Specific,Construction bill of materials
N-1554,"Wang, T., Tian, X., Hashimoto, S. & Tanikawa, H. Concrete transformation of buildings in China and implications for the steel cycle. Resour. Conserv. Recycl. 103, 205–215 (2015).",Specific,Construction bill of materials
N-1555,"Wang, T., Tian, X., Hashimoto, S. & Tanikawa, H. Concrete transformation of buildings in China and implications for the steel cycle. Resour. Conserv. Recycl. 103, 205–215 (2015).",Specific,Construction bill of materials
N-1556,"Wang, T., Tian, X., Hashimoto, S. & Tanikawa, H. Concrete transformation of buildings in China and implications for the steel cycle. Resour. Conserv. Recycl. 103, 205–215 (2015).",Specific,Construction bill of materials
N-1557,"Wang, T., Tian, X., Hashimoto, S. & Tanikawa, H. Concrete transformation of buildings in China and implications for the steel cycle. Resour. Conserv. Recycl. 103, 205–215 (2015).",Specific,Construction bill of materials
N-1558,"Wang, T., Tian, X., Hashimoto, S. & Tanikawa, H. Concrete transformation of buildings in China and implications for the steel cycle. Resour. Conserv. Recycl. 103, 205–215 (2015).",Specific,Construction bill of materials
N-1559,"Wang, T., Tian, X., Hashimoto, S. & Tanikawa, H. Concrete transformation of buildings in China and implications for the steel cycle. Resour. Conserv. Recycl. 103, 205–215 (2015).",Specific,Construction bill of materials
N-1560,"Wang, T., Tian, X., Hashimoto, S. & Tanikawa, H. Concrete transformation of buildings in China and implications for the steel cycle. Resour. Conserv. Recycl. 103, 205–215 (2015).",Specific,Construction bill of materials
N-1561,"Wang, T., Tian, X., Hashimoto, S. & Tanikawa, H. Concrete transformation of buildings in China and implications for the steel cycle. Resour. Conserv. Recycl. 103, 205–215 (2015).",Specific,Construction bill of materials
N-1562,"Wang, T., Tian, X., Hashimoto, S. & Tanikawa, H. Concrete transformation of buildings in China and implications for the steel cycle. Resour. Conserv. Recycl. 103, 205–215 (2015).",Specific,Construction bill of materials
N-1563,"Wang, T., Tian, X., Hashimoto, S. & Tanikawa, H. Concrete transformation of buildings in China and implications for the steel cycle. Resour. Conserv. Recycl. 103, 205–215 (2015).",Specific,Construction bill of materials
N-1564,"Wang, T., Tian, X., Hashimoto, S. & Tanikawa, H. Concrete transformation of buildings in China and implications for the steel cycle. Resour. Conserv. Recycl. 103, 205–215 (2015).",Specific,Construction bill of materials
N-1565,"Wang, T., Tian, X., Hashimoto, S. & Tanikawa, H. Concrete transformation of buildings in China and implications for the steel cycle. Resour. Conserv. Recycl. 103, 205–215 (2015).",Specific,Construction bill of materials
N-1566,"Wang, T., Tian, X., Hashimoto, S. & Tanikawa, H. Concrete transformation of buildings in China and implications for the steel cycle. Resour. Conserv. Recycl. 103, 205–215 (2015).",Specific,Construction bill of materials
N-1567,"Wang, T., Tian, X., Hashimoto, S. & Tanikawa, H. Concrete transformation of buildings in China and implications for the steel cycle. Resour. Conserv. Recycl. 103, 205–215 (2015).",Specific,Construction bill of materials
N-1568,"Wang, T., Tian, X., Hashimoto, S. & Tanikawa, H. Concrete transformation of buildings in China and implications for the steel cycle. Resour. Conserv. Recycl. 103, 205–215 (2015).",Specific,Construction bill of materials
N-1569,"Wang, T., Tian, X., Hashimoto, S. & Tanikawa, H. Concrete transformation of buildings in China and implications for the steel cycle. Resour. Conserv. Recycl. 103, 205–215 (2015).",Specific,Construction bill of materials
N-1570,"Wang, T., Tian, X., Hashimoto, S. & Tanikawa, H. Concrete transformation of buildings in China and implications for the steel cycle. Resour. Conserv. Recycl. 103, 205–215 (2015).",Specific,Construction bill of materials
N-1571,"Wang, T., Tian, X., Hashimoto, S. & Tanikawa, H. Concrete transformation of buildings in China and implications for the steel cycle. Resour. Conserv. Recycl. 103, 205–215 (2015).",Specific,Construction bill of materials
N-1572,"Wang, T., Tian, X., Hashimoto, S. & Tanikawa, H. Concrete transformation of buildings in China and implications for the steel cycle. Resour. Conserv. Recycl. 103, 205–215 (2015).",Specific,Construction bill of materials
N-1573,"Wang, T., Tian, X., Hashimoto, S. & Tanikawa, H. Concrete transformation of buildings in China and implications for the steel cycle. Resour. Conserv. Recycl. 103, 205–215 (2015).",Specific,Construction bill of materials
N-1574,"Wang, T., Tian, X., Hashimoto, S. & Tanikawa, H. Concrete transformation of buildings in China and implications for the steel cycle. Resour. Conserv. Recycl. 103, 205–215 (2015).",Specific,Construction bill of materials
N-1575,"Wang, T., Tian, X., Hashimoto, S. & Tanikawa, H. Concrete transformation of buildings in China and implications for the steel cycle. Resour. Conserv. Recycl. 103, 205–215 (2015).",Specific,Construction bill of materials
N-1576,"Wang, T., Tian, X., Hashimoto, S. & Tanikawa, H. Concrete transformation of buildings in China and implications for the steel cycle. Resour. Conserv. Recycl. 103, 205–215 (2015).",Specific,Construction bill of materials
N-1577,"Wang, T., Tian, X., Hashimoto, S. & Tanikawa, H. Concrete transformation of buildings in China and implications for the steel cycle. Resour. Conserv. Recycl. 103, 205–215 (2015).",Specific,Construction bill of materials
N-1578,"Wang, T., Tian, X., Hashimoto, S. & Tanikawa, H. Concrete transformation of buildings in China and implications for the steel cycle. Resour. Conserv. Recycl. 103, 205–215 (2015).",Specific,Construction bill of materials
N-1579,"Wang, T., Tian, X., Hashimoto, S. & Tanikawa, H. Concrete transformation of buildings in China and implications for the steel cycle. Resour. Conserv. Recycl. 103, 205–215 (2015).",Specific,Construction bill of materials
N-1580,"Wang, T., Tian, X., Hashimoto, S. & Tanikawa, H. Concrete transformation of buildings in China and implications for the steel cycle. Resour. Conserv. Recycl. 103, 205–215 (2015).",Specific,Construction bill of materials
N-1581,"Wang, T., Tian, X., Hashimoto, S. & Tanikawa, H. Concrete transformation of buildings in China and implications for the steel cycle. Resour. Conserv. Recycl. 103, 205–215 (2015).",Specific,Construction bill of materials
N-1582,"Wang, T., Tian, X., Hashimoto, S. & Tanikawa, H. Concrete transformation of buildings in China and implications for the steel cycle. Resour. Conserv. Recycl. 103, 205–215 (2015).",Specific,Construction bill of materials
N-1583,"Wang, T., Tian, X., Hashimoto, S. & Tanikawa, H. Concrete transformation of buildings in China and implications for the steel cycle. Resour. Conserv. Recycl. 103, 205–215 (2015).",Specific,Construction bill of materials
N-1584,"Wang, T., Tian, X., Hashimoto, S. & Tanikawa, H. Concrete transformation of buildings in China and implications for the steel cycle. Resour. Conserv. Recycl. 103, 205–215 (2015).",Specific,Construction bill of materials
N-1585,"Wang, T., Tian, X., Hashimoto, S. & Tanikawa, H. Concrete transformation of buildings in China and implications for the steel cycle. Resour. Conserv. Recycl. 103, 205–215 (2015).",Specific,Construction bill of materials
N-1586,"Wang, T., Tian, X., Hashimoto, S. & Tanikawa, H. Concrete transformation of buildings in China and implications for the steel cycle. Resour. Conserv. Recycl. 103, 205–215 (2015).",Specific,Construction bill of materials
N-1587,"Wang, T., Tian, X., Hashimoto, S. & Tanikawa, H. Concrete transformation of buildings in China and implications for the steel cycle. Resour. Conserv. Recycl. 103, 205–215 (2015).",Specific,Construction bill of materials
N-1588,"Wang, T., Tian, X., Hashimoto, S. & Tanikawa, H. Concrete transformation of buildings in China and implications for the steel cycle. Resour. Conserv. Recycl. 103, 205–215 (2015).",Specific,Construction bill of materials
N-1589,"Wang, T., Tian, X., Hashimoto, S. & Tanikawa, H. Concrete transformation of buildings in China and implications for the steel cycle. Resour. Conserv. Recycl. 103, 205–215 (2015).",Specific,Construction bill of materials
N-1590,"Wang, T., Tian, X., Hashimoto, S. & Tanikawa, H. Concrete transformation of buildings in China and implications for the steel cycle. Resour. Conserv. Recycl. 103, 205–215 (2015).",Specific,Construction bill of materials
N-1591,"Wang, T., Tian, X., Hashimoto, S. & Tanikawa, H. Concrete transformation of buildings in China and implications for the steel cycle. Resour. Conserv. Recycl. 103, 205–215 (2015).",Specific,Construction bill of materials
N-1592,"Wang, T., Tian, X., Hashimoto, S. & Tanikawa, H. Concrete transformation of buildings in China and implications for the steel cycle. Resour. Conserv. Recycl. 103, 205–215 (2015).",Specific,Construction bill of materials
N-1593,"Wang, T., Tian, X., Hashimoto, S. & Tanikawa, H. Concrete transformation of buildings in China and implications for the steel cycle. Resour. Conserv. Recycl. 103, 205–215 (2015).",Specific,Construction bill of materials
N-1594,"Wang, T., Tian, X., Hashimoto, S. & Tanikawa, H. Concrete transformation of buildings in China and implications for the steel cycle. Resour. Conserv. Recycl. 103, 205–215 (2015).",Specific,Construction bill of materials
N-1595,"Wang, T., Tian, X., Hashimoto, S. & Tanikawa, H. Concrete transformation of buildings in China and implications for the steel cycle. Resour. Conserv. Recycl. 103, 205–215 (2015).",Specific,Construction bill of materials
N-1596,"Wang, T., Tian, X., Hashimoto, S. & Tanikawa, H. Concrete transformation of buildings in China and implications for the steel cycle. Resour. Conserv. Recycl. 103, 205–215 (2015).",Specific,Construction bill of materials
N-1597,"Wang, T., Tian, X., Hashimoto, S. & Tanikawa, H. Concrete transformation of buildings in China and implications for the steel cycle. Resour. Conserv. Recycl. 103, 205–215 (2015).",Specific,Construction bill of materials
N-1598,"Wang, T., Tian, X., Hashimoto, S. & Tanikawa, H. Concrete transformation of buildings in China and implications for the steel cycle. Resour. Conserv. Recycl. 103, 205–215 (2015).",Specific,Construction bill of materials
N-1599,"Wang, T., Tian, X., Hashimoto, S. & Tanikawa, H. Concrete transformation of buildings in China and implications for the steel cycle. Resour. Conserv. Recycl. 103, 205–215 (2015).",Specific,Construction bill of materials
N-1600,"Wang, T., Tian, X., Hashimoto, S. & Tanikawa, H. Concrete transformation of buildings in China and implications for the steel cycle. Resour. Conserv. Recycl. 103, 205–215 (2015).",Specific,Construction bill of materials
N-1601,"Wang, T., Tian, X., Hashimoto, S. & Tanikawa, H. Concrete transformation of buildings in China and implications for the steel cycle. Resour. Conserv. Recycl. 103, 205–215 (2015).",Specific,Construction bill of materials
N-1602,"Wang, T., Tian, X., Hashimoto, S. & Tanikawa, H. Concrete transformation of buildings in China and implications for the steel cycle. Resour. Conserv. Recycl. 103, 205–215 (2015).",Specific,Construction bill of materials
N-1603,"Wang, T., Tian, X., Hashimoto, S. & Tanikawa, H. Concrete transformation of buildings in China and implications for the steel cycle. Resour. Conserv. Recycl. 103, 205–215 (2015).",Specific,Construction bill of materials
N-1604,"Wang, T., Tian, X., Hashimoto, S. & Tanikawa, H. Concrete transformation of buildings in China and implications for the steel cycle. Resour. Conserv. Recycl. 103, 205–215 (2015).",Specific,Construction bill of materials
N-1605,"Wang, T., Tian, X., Hashimoto, S. & Tanikawa, H. Concrete transformation of buildings in China and implications for the steel cycle. Resour. Conserv. Recycl. 103, 205–215 (2015).",Specific,Construction bill of materials
N-1606,"Wang, T., Tian, X., Hashimoto, S. & Tanikawa, H. Concrete transformation of buildings in China and implications for the steel cycle. Resour. Conserv. Recycl. 103, 205–215 (2015).",Specific,Construction bill of materials
N-1607,"Wang, T., Tian, X., Hashimoto, S. & Tanikawa, H. Concrete transformation of buildings in China and implications for the steel cycle. Resour. Conserv. Recycl. 103, 205–215 (2015).",Specific,Construction bill of materials
N-1608,"Wang, T., Tian, X., Hashimoto, S. & Tanikawa, H. Concrete transformation of buildings in China and implications for the steel cycle. Resour. Conserv. Recycl. 103, 205–215 (2015).",Specific,Construction bill of materials
N-1609,"Wang, T., Tian, X., Hashimoto, S. & Tanikawa, H. Concrete transformation of buildings in China and implications for the steel cycle. Resour. Conserv. Recycl. 103, 205–215 (2015).",Specific,Construction bill of materials
N-1610,"Wang, T., Tian, X., Hashimoto, S. & Tanikawa, H. Concrete transformation of buildings in China and implications for the steel cycle. Resour. Conserv. Recycl. 103, 205–215 (2015).",Specific,Construction bill of materials
N-1611,"Wang, T., Tian, X., Hashimoto, S. & Tanikawa, H. Concrete transformation of buildings in China and implications for the steel cycle. Resour. Conserv. Recycl. 103, 205–215 (2015).",Specific,Construction bill of materials
N-1612,"Wang, T., Tian, X., Hashimoto, S. & Tanikawa, H. Concrete transformation of buildings in China and implications for the steel cycle. Resour. Conserv. Recycl. 103, 205–215 (2015).",Specific,Construction bill of materials
N-1613,"Wang, T., Tian, X., Hashimoto, S. & Tanikawa, H. Concrete transformation of buildings in China and implications for the steel cycle. Resour. Conserv. Recycl. 103, 205–215 (2015).",Specific,Construction bill of materials
N-1614,"Wang, T., Tian, X., Hashimoto, S. & Tanikawa, H. Concrete transformation of buildings in China and implications for the steel cycle. Resour. Conserv. Recycl. 103, 205–215 (2015).",Specific,Construction bill of materials
N-1615,"Wang, T., Tian, X., Hashimoto, S. & Tanikawa, H. Concrete transformation of buildings in China and implications for the steel cycle. Resour. Conserv. Recycl. 103, 205–215 (2015).",Specific,Construction bill of materials
N-1616,"Wang, T., Tian, X., Hashimoto, S. & Tanikawa, H. Concrete transformation of buildings in China and implications for the steel cycle. Resour. Conserv. Recycl. 103, 205–215 (2015).",Specific,Construction bill of materials
N-1617,"Wang, T., Tian, X., Hashimoto, S. & Tanikawa, H. Concrete transformation of buildings in China and implications for the steel cycle. Resour. Conserv. Recycl. 103, 205–215 (2015).",Specific,Construction bill of materials
N-1618,"Wang, T., Tian, X., Hashimoto, S. & Tanikawa, H. Concrete transformation of buildings in China and implications for the steel cycle. Resour. Conserv. Recycl. 103, 205–215 (2015).",Specific,Construction bill of materials
N-1619,"Wang, T., Tian, X., Hashimoto, S. & Tanikawa, H. Concrete transformation of buildings in China and implications for the steel cycle. Resour. Conserv. Recycl. 103, 205–215 (2015).",Specific,Construction bill of materials
N-1620,"Wang, T., Tian, X., Hashimoto, S. & Tanikawa, H. Concrete transformation of buildings in China and implications for the steel cycle. Resour. Conserv. Recycl. 103, 205–215 (2015).",Specific,Construction bill of materials
N-1621,"Wang, T., Tian, X., Hashimoto, S. & Tanikawa, H. Concrete transformation of buildings in China and implications for the steel cycle. Resour. Conserv. Recycl. 103, 205–215 (2015).",Specific,Construction bill of materials
N-1622,"Wang, T., Tian, X., Hashimoto, S. & Tanikawa, H. Concrete transformation of buildings in China and implications for the steel cycle. Resour. Conserv. Recycl. 103, 205–215 (2015).",Specific,Construction bill of materials
N-1623,"Wang, T., Tian, X., Hashimoto, S. & Tanikawa, H. Concrete transformation of buildings in China and implications for the steel cycle. Resour. Conserv. Recycl. 103, 205–215 (2015).",Specific,Construction bill of materials
N-1624,"Wang, T., Tian, X., Hashimoto, S. & Tanikawa, H. Concrete transformation of buildings in China and implications for the steel cycle. Resour. Conserv. Recycl. 103, 205–215 (2015).",Specific,Construction bill of materials
N-1625,"Wang, T., Tian, X., Hashimoto, S. & Tanikawa, H. Concrete transformation of buildings in China and implications for the steel cycle. Resour. Conserv. Recycl. 103, 205–215 (2015).",Specific,Construction bill of materials
N-1626,"Wang, T., Tian, X., Hashimoto, S. & Tanikawa, H. Concrete transformation of buildings in China and implications for the steel cycle. Resour. Conserv. Recycl. 103, 205–215 (2015).",Specific,Construction bill of materials
N-1627,"Wang, T., Tian, X., Hashimoto, S. & Tanikawa, H. Concrete transformation of buildings in China and implications for the steel cycle. Resour. Conserv. Recycl. 103, 205–215 (2015).",Specific,Construction bill of materials
N-1628,"Wang, T., Tian, X., Hashimoto, S. & Tanikawa, H. Concrete transformation of buildings in China and implications for the steel cycle. Resour. Conserv. Recycl. 103, 205–215 (2015).",Specific,Construction bill of materials
N-1629,"Wang, T., Tian, X., Hashimoto, S. & Tanikawa, H. Concrete transformation of buildings in China and implications for the steel cycle. Resour. Conserv. Recycl. 103, 205–215 (2015).",Specific,Construction bill of materials
N-1630,"Wang, T., Tian, X., Hashimoto, S. & Tanikawa, H. Concrete transformation of buildings in China and implications for the steel cycle. Resour. Conserv. Recycl. 103, 205–215 (2015).",Specific,Construction bill of materials
N-1631,"Wang, T., Tian, X., Hashimoto, S. & Tanikawa, H. Concrete transformation of buildings in China and implications for the steel cycle. Resour. Conserv. Recycl. 103, 205–215 (2015).",Specific,Construction bill of materials
N-1632,"Wang, T., Tian, X., Hashimoto, S. & Tanikawa, H. Concrete transformation of buildings in China and implications for the steel cycle. Resour. Conserv. Recycl. 103, 205–215 (2015).",Specific,Construction bill of materials
N-1633,"Wang, T., Tian, X., Hashimoto, S. & Tanikawa, H. Concrete transformation of buildings in China and implications for the steel cycle. Resour. Conserv. Recycl. 103, 205–215 (2015).",Specific,Construction bill of materials
N-1634,"Wang, T., Tian, X., Hashimoto, S. & Tanikawa, H. Concrete transformation of buildings in China and implications for the steel cycle. Resour. Conserv. Recycl. 103, 205–215 (2015).",Specific,Construction bill of materials
N-1635,"Wang, T., Tian, X., Hashimoto, S. & Tanikawa, H. Concrete transformation of buildings in China and implications for the steel cycle. Resour. Conserv. Recycl. 103, 205–215 (2015).",Specific,Construction bill of materials
N-1636,"Wang, T., Tian, X., Hashimoto, S. & Tanikawa, H. Concrete transformation of buildings in China and implications for the steel cycle. Resour. Conserv. Recycl. 103, 205–215 (2015).",Specific,Construction bill of materials
N-1637,"Wang, T., Tian, X., Hashimoto, S. & Tanikawa, H. Concrete transformation of buildings in China and implications for the steel cycle. Resour. Conserv. Recycl. 103, 205–215 (2015).",Specific,Construction bill of materials
N-1638,"Wang, T., Tian, X., Hashimoto, S. & Tanikawa, H. Concrete transformation of buildings in China and implications for the steel cycle. Resour. Conserv. Recycl. 103, 205–215 (2015).",Specific,Construction bill of materials
N-1639,"Wang, T., Tian, X., Hashimoto, S. & Tanikawa, H. Concrete transformation of buildings in China and implications for the steel cycle. Resour. Conserv. Recycl. 103, 205–215 (2015).",Specific,Construction bill of materials
N-1640,"Wang, T., Tian, X., Hashimoto, S. & Tanikawa, H. Concrete transformation of buildings in China and implications for the steel cycle. Resour. Conserv. Recycl. 103, 205–215 (2015).",Specific,Construction bill of materials
N-1641,"Wang, T., Tian, X., Hashimoto, S. & Tanikawa, H. Concrete transformation of buildings in China and implications for the steel cycle. Resour. Conserv. Recycl. 103, 205–215 (2015).",Specific,Construction bill of materials
N-1642,"Wang, T., Tian, X., Hashimoto, S. & Tanikawa, H. Concrete transformation of buildings in China and implications for the steel cycle. Resour. Conserv. Recycl. 103, 205–215 (2015).",Specific,Construction bill of materials
N-1643,"Wang, T., Tian, X., Hashimoto, S. & Tanikawa, H. Concrete transformation of buildings in China and implications for the steel cycle. Resour. Conserv. Recycl. 103, 205–215 (2015).",Specific,Construction bill of materials
N-1644,"Wang, T., Tian, X., Hashimoto, S. & Tanikawa, H. Concrete transformation of buildings in China and implications for the steel cycle. Resour. Conserv. Recycl. 103, 205–215 (2015).",Specific,Construction bill of materials
N-1645,"Wang, T., Tian, X., Hashimoto, S. & Tanikawa, H. Concrete transformation of buildings in China and implications for the steel cycle. Resour. Conserv. Recycl. 103, 205–215 (2015).",Specific,Construction bill of materials
N-1646,"Wang, T., Tian, X., Hashimoto, S. & Tanikawa, H. Concrete transformation of buildings in China and implications for the steel cycle. Resour. Conserv. Recycl. 103, 205–215 (2015).",Specific,Construction bill of materials
N-1647,"Wang, T., Tian, X., Hashimoto, S. & Tanikawa, H. Concrete transformation of buildings in China and implications for the steel cycle. Resour. Conserv. Recycl. 103, 205–215 (2015).",Specific,Construction bill of materials
N-1648,"Wang, T., Tian, X., Hashimoto, S. & Tanikawa, H. Concrete transformation of buildings in China and implications for the steel cycle. Resour. Conserv. Recycl. 103, 205–215 (2015).",Specific,Construction bill of materials
N-1649,"Wang, T., Tian, X., Hashimoto, S. & Tanikawa, H. Concrete transformation of buildings in China and implications for the steel cycle. Resour. Conserv. Recycl. 103, 205–215 (2015).",Specific,Construction bill of materials
N-1650,"Wang, T., Tian, X., Hashimoto, S. & Tanikawa, H. Concrete transformation of buildings in China and implications for the steel cycle. Resour. Conserv. Recycl. 103, 205–215 (2015).",Specific,Construction bill of materials
N-1651,"Wang, T., Tian, X., Hashimoto, S. & Tanikawa, H. Concrete transformation of buildings in China and implications for the steel cycle. Resour. Conserv. Recycl. 103, 205–215 (2015).",Specific,Construction bill of materials
N-1652,"Wang, T., Tian, X., Hashimoto, S. & Tanikawa, H. Concrete transformation of buildings in China and implications for the steel cycle. Resour. Conserv. Recycl. 103, 205–215 (2015).",Specific,Construction bill of materials
N-1653,"Wang, T., Tian, X., Hashimoto, S. & Tanikawa, H. Concrete transformation of buildings in China and implications for the steel cycle. Resour. Conserv. Recycl. 103, 205–215 (2015).",Specific,Construction bill of materials
N-1654,"Wang, T., Tian, X., Hashimoto, S. & Tanikawa, H. Concrete transformation of buildings in China and implications for the steel cycle. Resour. Conserv. Recycl. 103, 205–215 (2015).",Specific,Construction bill of materials
N-1655,"Wang, T., Tian, X., Hashimoto, S. & Tanikawa, H. Concrete transformation of buildings in China and implications for the steel cycle. Resour. Conserv. Recycl. 103, 205–215 (2015).",Specific,Construction bill of materials
N-1656,"Wang, T., Tian, X., Hashimoto, S. & Tanikawa, H. Concrete transformation of buildings in China and implications for the steel cycle. Resour. Conserv. Recycl. 103, 205–215 (2015).",Specific,Construction bill of materials
N-1657,"Wang, T., Tian, X., Hashimoto, S. & Tanikawa, H. Concrete transformation of buildings in China and implications for the steel cycle. Resour. Conserv. Recycl. 103, 205–215 (2015).",Specific,Construction bill of materials
N-1658,"Project valuation information network, China Construction project Cost Management Association, http://www.ccost.com/f/costIndex?menuId=5",Specific,Construction bill of materials
N-1659,"Project valuation information network, China Construction project Cost Management Association, http://www.ccost.com/f/costIndex?menuId=5",Specific,Construction bill of materials
N-1660,"Project valuation information network, China Construction project Cost Management Association, http://www.ccost.com/f/costIndex?menuId=5",Specific,Construction bill of materials
N-1661,"Project valuation information network, China Construction project Cost Management Association, http://www.ccost.com/f/costIndex?menuId=5",Specific,Construction bill of materials
N-1662,"Project valuation information network, China Construction project Cost Management Association, http://www.ccost.com/f/costIndex?menuId=5",Specific,Construction bill of materials
N-1663,"Project valuation information network, China Construction project Cost Management Association, http://www.ccost.com/f/costIndex?menuId=5",Specific,Construction bill of materials
N-1664,"Project valuation information network, China Construction project Cost Management Association, http://www.ccost.com/f/costIndex?menuId=5",Specific,Construction bill of materials
N-1665,"Project valuation information network, China Construction project Cost Management Association, http://www.ccost.com/f/costIndex?menuId=5",Specific,Construction bill of materials
N-1666,"Project valuation information network, China Construction project Cost Management Association, http://www.ccost.com/f/costIndex?menuId=5",Specific,Construction bill of materials
N-1667,"Project valuation information network, China Construction project Cost Management Association, http://www.ccost.com/f/costIndex?menuId=5",Specific,Construction bill of materials
N-1668,"Project valuation information network, China Construction project Cost Management Association, http://www.ccost.com/f/costIndex?menuId=5",Specific,Construction bill of materials
N-1669,"Project valuation information network, China Construction project Cost Management Association, http://www.ccost.com/f/costIndex?menuId=5",Specific,Construction bill of materials
N-1670,"Project valuation information network, China Construction project Cost Management Association, http://www.ccost.com/f/costIndex?menuId=5",Specific,Construction bill of materials
N-1671,"Project valuation information network, China Construction project Cost Management Association, http://www.ccost.com/f/costIndex?menuId=5",Specific,Construction bill of materials
N-1672,"Project valuation information network, China Construction project Cost Management Association, http://www.ccost.com/f/costIndex?menuId=5",Specific,Construction bill of materials
N-1673,"Project valuation information network, China Construction project Cost Management Association, http://www.ccost.com/f/costIndex?menuId=5",Specific,Construction bill of materials
N-1674,"Project valuation information network, China Construction project Cost Management Association, http://www.ccost.com/f/costIndex?menuId=5",Specific,Construction bill of materials
N-1675,"Project valuation information network, China Construction project Cost Management Association, http://www.ccost.com/f/costIndex?menuId=5",Specific,Construction bill of materials
N-1676,"Project valuation information network, China Construction project Cost Management Association, http://www.ccost.com/f/costIndex?menuId=5",Specific,Construction bill of materials
N-1677,"Project valuation information network, China Construction project Cost Management Association, http://www.ccost.com/f/costIndex?menuId=5",Specific,Construction bill of materials
N-1678,"Project valuation information network, China Construction project Cost Management Association, http://www.ccost.com/f/costIndex?menuId=5",Specific,Construction bill of materials
N-1679,"Project valuation information network, China Construction project Cost Management Association, http://www.ccost.com/f/costIndex?menuId=5",Specific,Construction bill of materials
N-1680,"Project valuation information network, China Construction project Cost Management Association, http://www.ccost.com/f/costIndex?menuId=5",Specific,Construction bill of materials
N-1681,"Project valuation information network, China Construction project Cost Management Association, http://www.ccost.com/f/costIndex?menuId=5",Specific,Construction bill of materials
N-1682,"Project valuation information network, China Construction project Cost Management Association, http://www.ccost.com/f/costIndex?menuId=5",Specific,Construction bill of materials
N-1683,"Project valuation information network, China Construction project Cost Management Association, http://www.ccost.com/f/costIndex?menuId=5",Specific,Construction bill of materials
N-1684,"Project valuation information network, China Construction project Cost Management Association, http://www.ccost.com/f/costIndex?menuId=5",Specific,Construction bill of materials
N-1685,"Project valuation information network, China Construction project Cost Management Association, http://www.ccost.com/f/costIndex?menuId=5",Specific,Construction bill of materials
N-1686,"Project valuation information network, China Construction project Cost Management Association, http://www.ccost.com/f/costIndex?menuId=5",Specific,Construction bill of materials
N-1687,"Project valuation information network, China Construction project Cost Management Association, http://www.ccost.com/f/costIndex?menuId=5",Specific,Construction bill of materials
N-1688,"Project valuation information network, China Construction project Cost Management Association, http://www.ccost.com/f/costIndex?menuId=5",Specific,Construction bill of materials
N-1689,"Project valuation information network, China Construction project Cost Management Association, http://www.ccost.com/f/costIndex?menuId=5",Specific,Construction bill of materials
N-1690,"Project valuation information network, China Construction project Cost Management Association, http://www.ccost.com/f/costIndex?menuId=5",Specific,Construction bill of materials
N-1691,"Project valuation information network, China Construction project Cost Management Association, http://www.ccost.com/f/costIndex?menuId=5",Specific,Construction bill of materials
N-1692,"Project valuation information network, China Construction project Cost Management Association, http://www.ccost.com/f/costIndex?menuId=5",Specific,Construction bill of materials
N-1693,"Project valuation information network, China Construction project Cost Management Association, http://www.ccost.com/f/costIndex?menuId=5",Specific,Construction bill of materials
N-1694,"Project valuation information network, China Construction project Cost Management Association, http://www.ccost.com/f/costIndex?menuId=5",Specific,Construction bill of materials
N-1695,"Project valuation information network, China Construction project Cost Management Association, http://www.ccost.com/f/costIndex?menuId=5",Specific,Construction bill of materials
N-1696,"Project valuation information network, China Construction project Cost Management Association, http://www.ccost.com/f/costIndex?menuId=5",Specific,Construction bill of materials
N-1697,"Project valuation information network, China Construction project Cost Management Association, http://www.ccost.com/f/costIndex?menuId=5",Specific,Construction bill of materials
N-1698,"Project valuation information network, China Construction project Cost Management Association, http://www.ccost.com/f/costIndex?menuId=5",Specific,Construction bill of materials
N-1699,"Project valuation information network, China Construction project Cost Management Association, http://www.ccost.com/f/costIndex?menuId=5",Specific,Construction bill of materials
N-1700,"Project valuation information network, China Construction project Cost Management Association, http://www.ccost.com/f/costIndex?menuId=5",Specific,Construction bill of materials
N-1701,"Project valuation information network, China Construction project Cost Management Association, http://www.ccost.com/f/costIndex?menuId=5",Specific,Construction bill of materials
N-1702,"Project valuation information network, China Construction project Cost Management Association, http://www.ccost.com/f/costIndex?menuId=5",Specific,Construction bill of materials
N-1703,"Project valuation information network, China Construction project Cost Management Association, http://www.ccost.com/f/costIndex?menuId=5",Specific,Construction bill of materials
N-1704,"Project valuation information network, China Construction project Cost Management Association, http://www.ccost.com/f/costIndex?menuId=5",Specific,Construction bill of materials
N-1705,"Project valuation information network, China Construction project Cost Management Association, http://www.ccost.com/f/costIndex?menuId=5",Specific,Construction bill of materials
N-1706,"Project valuation information network, China Construction project Cost Management Association, http://www.ccost.com/f/costIndex?menuId=5",Specific,Construction bill of materials
N-1707,"Project valuation information network, China Construction project Cost Management Association, http://www.ccost.com/f/costIndex?menuId=5",Specific,Construction bill of materials
N-1708,"Project valuation information network, China Construction project Cost Management Association, http://www.ccost.com/f/costIndex?menuId=5",Specific,Construction bill of materials
N-1709,"Project valuation information network, China Construction project Cost Management Association, http://www.ccost.com/f/costIndex?menuId=5",Specific,Construction bill of materials
N-1710,"Project valuation information network, China Construction project Cost Management Association, http://www.ccost.com/f/costIndex?menuId=5",Specific,Construction bill of materials
N-1711,"Project valuation information network, China Construction project Cost Management Association, http://www.ccost.com/f/costIndex?menuId=5",Specific,Construction bill of materials
N-1712,"Project valuation information network, China Construction project Cost Management Association, http://www.ccost.com/f/costIndex?menuId=5",Specific,Construction bill of materials
N-1713,"Project valuation information network, China Construction project Cost Management Association, http://www.ccost.com/f/costIndex?menuId=5",Specific,Construction bill of materials
N-1714,"Project valuation information network, China Construction project Cost Management Association, http://www.ccost.com/f/costIndex?menuId=5",Specific,Construction bill of materials
N-1715,"Project valuation information network, China Construction project Cost Management Association, http://www.ccost.com/f/costIndex?menuId=5",Specific,Construction bill of materials
N-1716,"Project valuation information network, China Construction project Cost Management Association, http://www.ccost.com/f/costIndex?menuId=5",Specific,Construction bill of materials
N-1717,"Project valuation information network, China Construction project Cost Management Association, http://www.ccost.com/f/costIndex?menuId=5",Specific,Construction bill of materials
N-1718,"Project valuation information network, China Construction project Cost Management Association, http://www.ccost.com/f/costIndex?menuId=5",Specific,Construction bill of materials
N-1719,"Project valuation information network, China Construction project Cost Management Association, http://www.ccost.com/f/costIndex?menuId=5",Specific,Construction bill of materials
N-1720,"Project valuation information network, China Construction project Cost Management Association, http://www.ccost.com/f/costIndex?menuId=5",Specific,Construction bill of materials
N-1721,"Project valuation information network, China Construction project Cost Management Association, http://www.ccost.com/f/costIndex?menuId=5",Specific,Construction bill of materials
N-1722,"Project valuation information network, China Construction project Cost Management Association, http://www.ccost.com/f/costIndex?menuId=5",Specific,Construction bill of materials
N-1723,"Project valuation information network, China Construction project Cost Management Association, http://www.ccost.com/f/costIndex?menuId=5",Specific,Construction bill of materials
N-1724,"Project valuation information network, China Construction project Cost Management Association, http://www.ccost.com/f/costIndex?menuId=5",Specific,Construction bill of materials
N-1725,"Project valuation information network, China Construction project Cost Management Association, http://www.ccost.com/f/costIndex?menuId=5",Specific,Construction bill of materials
N-1726,"Project valuation information network, China Construction project Cost Management Association, http://www.ccost.com/f/costIndex?menuId=5",Specific,Construction bill of materials
N-1727,"Project valuation information network, China Construction project Cost Management Association, http://www.ccost.com/f/costIndex?menuId=5",Specific,Construction bill of materials
N-1728,"Project valuation information network, China Construction project Cost Management Association, http://www.ccost.com/f/costIndex?menuId=5",Specific,Construction bill of materials
N-1729,"Project valuation information network, China Construction project Cost Management Association, http://www.ccost.com/f/costIndex?menuId=5",Specific,Construction bill of materials
N-1730,"Project valuation information network, China Construction project Cost Management Association, http://www.ccost.com/f/costIndex?menuId=5",Specific,Construction bill of materials
N-1731,"Project valuation information network, China Construction project Cost Management Association, http://www.ccost.com/f/costIndex?menuId=5",Specific,Construction bill of materials
N-1732,"Project valuation information network, China Construction project Cost Management Association, http://www.ccost.com/f/costIndex?menuId=5",Specific,Construction bill of materials
N-1733,"Project valuation information network, China Construction project Cost Management Association, http://www.ccost.com/f/costIndex?menuId=5",Specific,Construction bill of materials
N-1734,"Project valuation information network, China Construction project Cost Management Association, http://www.ccost.com/f/costIndex?menuId=5",Specific,Construction bill of materials
N-1735,"Project valuation information network, China Construction project Cost Management Association, http://www.ccost.com/f/costIndex?menuId=5",Specific,Construction bill of materials
N-1736,"Project valuation information network, China Construction project Cost Management Association, http://www.ccost.com/f/costIndex?menuId=5",Specific,Construction bill of materials
N-1737,"Project valuation information network, China Construction project Cost Management Association, http://www.ccost.com/f/costIndex?menuId=5",Specific,Construction bill of materials
N-1738,"Project valuation information network, China Construction project Cost Management Association, http://www.ccost.com/f/costIndex?menuId=5",Specific,Construction bill of materials
N-1739,"Project valuation information network, China Construction project Cost Management Association, http://www.ccost.com/f/costIndex?menuId=5",Specific,Construction bill of materials
N-1740,"Project valuation information network, China Construction project Cost Management Association, http://www.ccost.com/f/costIndex?menuId=5",Specific,Construction bill of materials
N-1741,"Project valuation information network, China Construction project Cost Management Association, http://www.ccost.com/f/costIndex?menuId=5",Specific,Construction bill of materials
N-1742,"Project valuation information network, China Construction project Cost Management Association, http://www.ccost.com/f/costIndex?menuId=5",Specific,Construction bill of materials
N-1743,"Project valuation information network, China Construction project Cost Management Association, http://www.ccost.com/f/costIndex?menuId=5",Specific,Construction bill of materials
N-1744,"Project valuation information network, China Construction project Cost Management Association, http://www.ccost.com/f/costIndex?menuId=5",Specific,Construction bill of materials
N-1745,"Project valuation information network, China Construction project Cost Management Association, http://www.ccost.com/f/costIndex?menuId=5",Specific,Construction bill of materials
N-1746,"Project valuation information network, China Construction project Cost Management Association, http://www.ccost.com/f/costIndex?menuId=5",Specific,Construction bill of materials
N-1747,"Project valuation information network, China Construction project Cost Management Association, http://www.ccost.com/f/costIndex?menuId=5",Specific,Construction bill of materials
N-1748,"Project valuation information network, China Construction project Cost Management Association, http://www.ccost.com/f/costIndex?menuId=5",Specific,Construction bill of materials
N-1749,"Project valuation information network, China Construction project Cost Management Association, http://www.ccost.com/f/costIndex?menuId=5",Specific,Construction bill of materials
N-1750,"Project valuation information network, China Construction project Cost Management Association, http://www.ccost.com/f/costIndex?menuId=5",Specific,Construction bill of materials
N-1751,"Project valuation information network, China Construction project Cost Management Association, http://www.ccost.com/f/costIndex?menuId=5",Specific,Construction bill of materials
N-1752,"Project valuation information network, China Construction project Cost Management Association, http://www.ccost.com/f/costIndex?menuId=5",Specific,Construction bill of materials
N-1753,"Project valuation information network, China Construction project Cost Management Association, http://www.ccost.com/f/costIndex?menuId=5",Specific,Construction bill of materials
N-1754,"Project valuation information network, China Construction project Cost Management Association, http://www.ccost.com/f/costIndex?menuId=5",Specific,Construction bill of materials
N-1755,"Project valuation information network, China Construction project Cost Management Association, http://www.ccost.com/f/costIndex?menuId=5",Specific,Construction bill of materials
N-1756,"Project valuation information network, China Construction project Cost Management Association, http://www.ccost.com/f/costIndex?menuId=5",Specific,Construction bill of materials
N-1757,"Project valuation information network, China Construction project Cost Management Association, http://www.ccost.com/f/costIndex?menuId=5",Specific,Construction bill of materials
N-1758,"Project valuation information network, China Construction project Cost Management Association, http://www.ccost.com/f/costIndex?menuId=5",Specific,Construction bill of materials
N-1759,"Project valuation information network, China Construction project Cost Management Association, http://www.ccost.com/f/costIndex?menuId=5",Specific,Construction bill of materials
N-1760,"Project valuation information network, China Construction project Cost Management Association, http://www.ccost.com/f/costIndex?menuId=5",Specific,Construction bill of materials
N-1761,"Project valuation information network, China Construction project Cost Management Association, http://www.ccost.com/f/costIndex?menuId=5",Specific,Construction bill of materials
N-1762,"Project valuation information network, China Construction project Cost Management Association, http://www.ccost.com/f/costIndex?menuId=5",Specific,Construction bill of materials
N-1763,"Project valuation information network, China Construction project Cost Management Association, http://www.ccost.com/f/costIndex?menuId=5",Specific,Construction bill of materials
N-1764,"Project valuation information network, China Construction project Cost Management Association, http://www.ccost.com/f/costIndex?menuId=5",Specific,Construction bill of materials
N-1765,"Project valuation information network, China Construction project Cost Management Association, http://www.ccost.com/f/costIndex?menuId=5",Specific,Construction bill of materials
N-1766,"Project valuation information network, China Construction project Cost Management Association, http://www.ccost.com/f/costIndex?menuId=5",Specific,Construction bill of materials
N-1767,"Project valuation information network, China Construction project Cost Management Association, http://www.ccost.com/f/costIndex?menuId=5",Specific,Construction bill of materials
N-1768,"Project valuation information network, China Construction project Cost Management Association, http://www.ccost.com/f/costIndex?menuId=5",Specific,Construction bill of materials
N-1769,"Project valuation information network, China Construction project Cost Management Association, http://www.ccost.com/f/costIndex?menuId=5",Specific,Construction bill of materials
N-1770,"Project valuation information network, China Construction project Cost Management Association, http://www.ccost.com/f/costIndex?menuId=5",Specific,Construction bill of materials
N-1771,"Project valuation information network, China Construction project Cost Management Association, http://www.ccost.com/f/costIndex?menuId=5",Specific,Construction bill of materials
N-1772,"Project valuation information network, China Construction project Cost Management Association, http://www.ccost.com/f/costIndex?menuId=5",Specific,Construction bill of materials
N-1773,"Project valuation information network, China Construction project Cost Management Association, http://www.ccost.com/f/costIndex?menuId=5",Specific,Construction bill of materials
N-1774,"Project valuation information network, China Construction project Cost Management Association, http://www.ccost.com/f/costIndex?menuId=5",Specific,Construction bill of materials
N-1775,"Project valuation information network, China Construction project Cost Management Association, http://www.ccost.com/f/costIndex?menuId=5",Specific,Construction bill of materials
N-1776,"Project valuation information network, China Construction project Cost Management Association, http://www.ccost.com/f/costIndex?menuId=5",Specific,Construction bill of materials
N-1777,"Project valuation information network, China Construction project Cost Management Association, http://www.ccost.com/f/costIndex?menuId=5",Specific,Construction bill of materials
N-1778,"Project valuation information network, China Construction project Cost Management Association, http://www.ccost.com/f/costIndex?menuId=5",Specific,Construction bill of materials
N-1779,"Project valuation information network, China Construction project Cost Management Association, http://www.ccost.com/f/costIndex?menuId=5",Specific,Construction bill of materials
N-1780,"Project valuation information network, China Construction project Cost Management Association, http://www.ccost.com/f/costIndex?menuId=5",Specific,Construction bill of materials
N-1781,"Project valuation information network, China Construction project Cost Management Association, http://www.ccost.com/f/costIndex?menuId=5",Specific,Construction bill of materials
N-1782,"Project valuation information network, China Construction project Cost Management Association, http://www.ccost.com/f/costIndex?menuId=5",Specific,Construction bill of materials
N-1783,"Project valuation information network, China Construction project Cost Management Association, http://www.ccost.com/f/costIndex?menuId=5",Specific,Construction bill of materials
N-1784,"Project valuation information network, China Construction project Cost Management Association, http://www.ccost.com/f/costIndex?menuId=5",Specific,Construction bill of materials
N-1785,"Project valuation information network, China Construction project Cost Management Association, http://www.ccost.com/f/costIndex?menuId=5",Specific,Construction bill of materials
N-1786,"Project valuation information network, China Construction project Cost Management Association, http://www.ccost.com/f/costIndex?menuId=5",Specific,Construction bill of materials
N-1787,"Project valuation information network, China Construction project Cost Management Association, http://www.ccost.com/f/costIndex?menuId=5",Specific,Construction bill of materials
N-1788,"Project valuation information network, China Construction project Cost Management Association, http://www.ccost.com/f/costIndex?menuId=5",Specific,Construction bill of materials
N-1789,"Project valuation information network, China Construction project Cost Management Association, http://www.ccost.com/f/costIndex?menuId=5",Specific,Construction bill of materials
N-1790,"Project valuation information network, China Construction project Cost Management Association, http://www.ccost.com/f/costIndex?menuId=5",Specific,Construction bill of materials
N-1791,"Project valuation information network, China Construction project Cost Management Association, http://www.ccost.com/f/costIndex?menuId=5",Specific,Construction bill of materials
N-1792,"Project valuation information network, China Construction project Cost Management Association, http://www.ccost.com/f/costIndex?menuId=5",Specific,Construction bill of materials
N-1793,"Project valuation information network, China Construction project Cost Management Association, http://www.ccost.com/f/costIndex?menuId=5",Specific,Construction bill of materials
N-1794,"Project valuation information network, China Construction project Cost Management Association, http://www.ccost.com/f/costIndex?menuId=5",Specific,Construction bill of materials
N-1795,"Project valuation information network, China Construction project Cost Management Association, http://www.ccost.com/f/costIndex?menuId=5",Specific,Construction bill of materials
N-1796,"Project valuation information network, China Construction project Cost Management Association, http://www.ccost.com/f/costIndex?menuId=5",Specific,Construction bill of materials
N-1797,"Project valuation information network, China Construction project Cost Management Association, http://www.ccost.com/f/costIndex?menuId=5",Specific,Construction bill of materials
N-1798,"Project valuation information network, China Construction project Cost Management Association, http://www.ccost.com/f/costIndex?menuId=5",Specific,Construction bill of materials
N-1799,"Project valuation information network, China Construction project Cost Management Association, http://www.ccost.com/f/costIndex?menuId=5",Specific,Construction bill of materials
N-1800,"Project valuation information network, China Construction project Cost Management Association, http://www.ccost.com/f/costIndex?menuId=5",Specific,Construction bill of materials
N-1801,"Project valuation information network, China Construction project Cost Management Association, http://www.ccost.com/f/costIndex?menuId=5",Specific,Construction bill of materials
N-1802,"Project valuation information network, China Construction project Cost Management Association, http://www.ccost.com/f/costIndex?menuId=5",Specific,Construction bill of materials
N-1803,"Project valuation information network, China Construction project Cost Management Association, http://www.ccost.com/f/costIndex?menuId=5",Specific,Construction bill of materials
N-1804,"Project valuation information network, China Construction project Cost Management Association, http://www.ccost.com/f/costIndex?menuId=5",Specific,Construction bill of materials
N-1805,"Project valuation information network, China Construction project Cost Management Association, http://www.ccost.com/f/costIndex?menuId=5",Specific,Construction bill of materials
N-1806,"Project valuation information network, China Construction project Cost Management Association, http://www.ccost.com/f/costIndex?menuId=5",Specific,Construction bill of materials
N-1807,"Project valuation information network, China Construction project Cost Management Association, http://www.ccost.com/f/costIndex?menuId=5",Specific,Construction bill of materials
N-1808,"Project valuation information network, China Construction project Cost Management Association, http://www.ccost.com/f/costIndex?menuId=5",Specific,Construction bill of materials
N-1809,"Project valuation information network, China Construction project Cost Management Association, http://www.ccost.com/f/costIndex?menuId=5",Specific,Construction bill of materials
N-1810,"Project valuation information network, China Construction project Cost Management Association, http://www.ccost.com/f/costIndex?menuId=5",Specific,Construction bill of materials
N-1811,"Project valuation information network, China Construction project Cost Management Association, http://www.ccost.com/f/costIndex?menuId=5",Specific,Construction bill of materials
N-1812,"Project valuation information network, China Construction project Cost Management Association, http://www.ccost.com/f/costIndex?menuId=5",Specific,Construction bill of materials
N-1813,"Project valuation information network, China Construction project Cost Management Association, http://www.ccost.com/f/costIndex?menuId=5",Specific,Construction bill of materials
N-1814,"Project valuation information network, China Construction project Cost Management Association, http://www.ccost.com/f/costIndex?menuId=5",Specific,Construction bill of materials
N-1815,"Project valuation information network, China Construction project Cost Management Association, http://www.ccost.com/f/costIndex?menuId=5",Specific,Construction bill of materials
N-1816,"Project valuation information network, China Construction project Cost Management Association, http://www.ccost.com/f/costIndex?menuId=5",Specific,Construction bill of materials
N-1817,"Project valuation information network, China Construction project Cost Management Association, http://www.ccost.com/f/costIndex?menuId=5",Specific,Construction bill of materials
N-1818,"Project valuation information network, China Construction project Cost Management Association, http://www.ccost.com/f/costIndex?menuId=5",Specific,Construction bill of materials
N-1819,"Project valuation information network, China Construction project Cost Management Association, http://www.ccost.com/f/costIndex?menuId=5",Specific,Construction bill of materials
N-1820,"Project valuation information network, China Construction project Cost Management Association, http://www.ccost.com/f/costIndex?menuId=5",Specific,Construction bill of materials
N-1821,"Project valuation information network, China Construction project Cost Management Association, http://www.ccost.com/f/costIndex?menuId=5",Specific,Construction bill of materials
N-1822,"Project valuation information network, China Construction project Cost Management Association, http://www.ccost.com/f/costIndex?menuId=5",Specific,Construction bill of materials
N-1823,"Project valuation information network, China Construction project Cost Management Association, http://www.ccost.com/f/costIndex?menuId=5",Specific,Construction bill of materials
N-1824,"Project valuation information network, China Construction project Cost Management Association, http://www.ccost.com/f/costIndex?menuId=5",Specific,Construction bill of materials
N-1825,"Project valuation information network, China Construction project Cost Management Association, http://www.ccost.com/f/costIndex?menuId=5",Specific,Construction bill of materials
N-1826,"Project valuation information network, China Construction project Cost Management Association, http://www.ccost.com/f/costIndex?menuId=5",Specific,Construction bill of materials
N-1827,"Project valuation information network, China Construction project Cost Management Association, http://www.ccost.com/f/costIndex?menuId=5",Specific,Construction bill of materials
N-1828,"Project valuation information network, China Construction project Cost Management Association, http://www.ccost.com/f/costIndex?menuId=5",Specific,Construction bill of materials
N-1829,"Project valuation information network, China Construction project Cost Management Association, http://www.ccost.com/f/costIndex?menuId=5",Specific,Construction bill of materials
N-1830,"Project valuation information network, China Construction project Cost Management Association, http://www.ccost.com/f/costIndex?menuId=5",Specific,Construction bill of materials
N-1831,"Project valuation information network, China Construction project Cost Management Association, http://www.ccost.com/f/costIndex?menuId=5",Specific,Construction bill of materials
N-1832,"Project valuation information network, China Construction project Cost Management Association, http://www.ccost.com/f/costIndex?menuId=5",Specific,Construction bill of materials
N-1833,"Project valuation information network, China Construction project Cost Management Association, http://www.ccost.com/f/costIndex?menuId=5",Specific,Construction bill of materials
N-1834,"Project valuation information network, China Construction project Cost Management Association, http://www.ccost.com/f/costIndex?menuId=5",Specific,Construction bill of materials
N-1835,"Project valuation information network, China Construction project Cost Management Association, http://www.ccost.com/f/costIndex?menuId=5",Specific,Construction bill of materials
N-1836,"Project valuation information network, China Construction project Cost Management Association, http://www.ccost.com/f/costIndex?menuId=5",Specific,Construction bill of materials
N-1837,"Project valuation information network, China Construction project Cost Management Association, http://www.ccost.com/f/costIndex?menuId=5",Specific,Construction bill of materials
N-1838,"Project valuation information network, China Construction project Cost Management Association, http://www.ccost.com/f/costIndex?menuId=5",Specific,Construction bill of materials
N-1839,"Project valuation information network, China Construction project Cost Management Association, http://www.ccost.com/f/costIndex?menuId=5",Specific,Construction bill of materials
N-1840,"Project valuation information network, China Construction project Cost Management Association, http://www.ccost.com/f/costIndex?menuId=5",Specific,Construction bill of materials
N-1841,"Project valuation information network, China Construction project Cost Management Association, http://www.ccost.com/f/costIndex?menuId=5",Specific,Construction bill of materials
N-1842,"Project valuation information network, China Construction project Cost Management Association, http://www.ccost.com/f/costIndex?menuId=5",Specific,Construction bill of materials
N-1843,"Project valuation information network, China Construction project Cost Management Association, http://www.ccost.com/f/costIndex?menuId=5",Specific,Construction bill of materials
N-1844,"Project valuation information network, China Construction project Cost Management Association, http://www.ccost.com/f/costIndex?menuId=5",Specific,Construction bill of materials
N-1845,"Project valuation information network, China Construction project Cost Management Association, http://www.ccost.com/f/costIndex?menuId=5",Specific,Construction bill of materials
N-1846,"Project valuation information network, China Construction project Cost Management Association, http://www.ccost.com/f/costIndex?menuId=5",Specific,Construction bill of materials
N-1847,"Project valuation information network, China Construction project Cost Management Association, http://www.ccost.com/f/costIndex?menuId=5",Specific,Construction bill of materials
N-1848,"Project valuation information network, China Construction project Cost Management Association, http://www.ccost.com/f/costIndex?menuId=5",Specific,Construction bill of materials
N-1849,"Project valuation information network, China Construction project Cost Management Association, http://www.ccost.com/f/costIndex?menuId=5",Specific,Construction bill of materials
N-1850,"Project valuation information network, China Construction project Cost Management Association, http://www.ccost.com/f/costIndex?menuId=5",Specific,Construction bill of materials
N-1851,"Project valuation information network, China Construction project Cost Management Association, http://www.ccost.com/f/costIndex?menuId=5",Specific,Construction bill of materials
N-1852,"Project valuation information network, China Construction project Cost Management Association, http://www.ccost.com/f/costIndex?menuId=5",Specific,Construction bill of materials
N-1853,"Project valuation information network, China Construction project Cost Management Association, http://www.ccost.com/f/costIndex?menuId=5",Specific,Construction bill of materials
N-1854,"Project valuation information network, China Construction project Cost Management Association, http://www.ccost.com/f/costIndex?menuId=5",Specific,Construction bill of materials
N-1855,"Project valuation information network, China Construction project Cost Management Association, http://www.ccost.com/f/costIndex?menuId=5",Specific,Construction bill of materials
N-1856,"Project valuation information network, China Construction project Cost Management Association, http://www.ccost.com/f/costIndex?menuId=5",Specific,Construction bill of materials
N-1857,"Project valuation information network, China Construction project Cost Management Association, http://www.ccost.com/f/costIndex?menuId=5",Specific,Construction bill of materials
N-1858,"Project valuation information network, China Construction project Cost Management Association, http://www.ccost.com/f/costIndex?menuId=5",Specific,Construction bill of materials
N-1859,"Project valuation information network, China Construction project Cost Management Association, http://www.ccost.com/f/costIndex?menuId=5",Specific,Construction bill of materials
N-1860,"Project valuation information network, China Construction project Cost Management Association, http://www.ccost.com/f/costIndex?menuId=5",Specific,Construction bill of materials
N-1861,"Project valuation information network, China Construction project Cost Management Association, http://www.ccost.com/f/costIndex?menuId=5",Specific,Construction bill of materials
N-1862,"Project valuation information network, China Construction project Cost Management Association, http://www.ccost.com/f/costIndex?menuId=5",Specific,Construction bill of materials
N-1863,"Project valuation information network, China Construction project Cost Management Association, http://www.ccost.com/f/costIndex?menuId=5",Specific,Construction bill of materials
N-1864,"Project valuation information network, China Construction project Cost Management Association, http://www.ccost.com/f/costIndex?menuId=5",Specific,Construction bill of materials
N-1865,"Project valuation information network, China Construction project Cost Management Association, http://www.ccost.com/f/costIndex?menuId=5",Specific,Construction bill of materials
N-1866,"Project valuation information network, China Construction project Cost Management Association, http://www.ccost.com/f/costIndex?menuId=5",Specific,Construction bill of materials
N-1867,"Project valuation information network, China Construction project Cost Management Association, http://www.ccost.com/f/costIndex?menuId=5",Specific,Construction bill of materials
N-1868,"Project valuation information network, China Construction project Cost Management Association, http://www.ccost.com/f/costIndex?menuId=5",Specific,Construction bill of materials
N-1869,"Project valuation information network, China Construction project Cost Management Association, http://www.ccost.com/f/costIndex?menuId=5",Specific,Construction bill of materials
N-1870,"Project valuation information network, China Construction project Cost Management Association, http://www.ccost.com/f/costIndex?menuId=5",Specific,Construction bill of materials
N-1871,"Project valuation information network, China Construction project Cost Management Association, http://www.ccost.com/f/costIndex?menuId=5",Specific,Construction bill of materials
N-1872,"Project valuation information network, China Construction project Cost Management Association, http://www.ccost.com/f/costIndex?menuId=5",Specific,Construction bill of materials
N-1873,"Project valuation information network, China Construction project Cost Management Association, http://www.ccost.com/f/costIndex?menuId=5",Specific,Construction bill of materials
N-1874,"Project valuation information network, China Construction project Cost Management Association, http://www.ccost.com/f/costIndex?menuId=5",Specific,Construction bill of materials
N-1875,"Project valuation information network, China Construction project Cost Management Association, http://www.ccost.com/f/costIndex?menuId=5",Specific,Construction bill of materials
N-1876,"Project valuation information network, China Construction project Cost Management Association, http://www.ccost.com/f/costIndex?menuId=5",Specific,Construction bill of materials
N-1877,"Project valuation information network, China Construction project Cost Management Association, http://www.ccost.com/f/costIndex?menuId=5",Specific,Construction bill of materials
N-1878,"Project valuation information network, China Construction project Cost Management Association, http://www.ccost.com/f/costIndex?menuId=5",Specific,Construction bill of materials
N-1879,"Project valuation information network, China Construction project Cost Management Association, http://www.ccost.com/f/costIndex?menuId=5",Specific,Construction bill of materials
N-1880,"Project valuation information network, China Construction project Cost Management Association, http://www.ccost.com/f/costIndex?menuId=5",Specific,Construction bill of materials
N-1881,"Project valuation information network, China Construction project Cost Management Association, http://www.ccost.com/f/costIndex?menuId=5",Specific,Construction bill of materials
N-1882,"Project valuation information network, China Construction project Cost Management Association, http://www.ccost.com/f/costIndex?menuId=5",Specific,Construction bill of materials
N-1883,"Project valuation information network, China Construction project Cost Management Association, http://www.ccost.com/f/costIndex?menuId=5",Specific,Construction bill of materials
N-1884,"Project valuation information network, China Construction project Cost Management Association, http://www.ccost.com/f/costIndex?menuId=5",Specific,Construction bill of materials
N-1885,"Project valuation information network, China Construction project Cost Management Association, http://www.ccost.com/f/costIndex?menuId=5",Specific,Construction bill of materials
N-1886,"Project valuation information network, China Construction project Cost Management Association, http://www.ccost.com/f/costIndex?menuId=5",Specific,Construction bill of materials
N-1887,"Project valuation information network, China Construction project Cost Management Association, http://www.ccost.com/f/costIndex?menuId=5",Specific,Construction bill of materials
N-1888,"Project valuation information network, China Construction project Cost Management Association, http://www.ccost.com/f/costIndex?menuId=5",Specific,Construction bill of materials
N-1889,"Project valuation information network, China Construction project Cost Management Association, http://www.ccost.com/f/costIndex?menuId=5",Specific,Construction bill of materials
N-1890,"Project valuation information network, China Construction project Cost Management Association, http://www.ccost.com/f/costIndex?menuId=5",Specific,Construction bill of materials
N-1891,"Project valuation information network, China Construction project Cost Management Association, http://www.ccost.com/f/costIndex?menuId=5",Specific,Construction bill of materials
N-1892,"Project valuation information network, China Construction project Cost Management Association, http://www.ccost.com/f/costIndex?menuId=5",Specific,Construction bill of materials
N-1893,"Project valuation information network, China Construction project Cost Management Association, http://www.ccost.com/f/costIndex?menuId=5",Specific,Construction bill of materials
N-1894,"Project valuation information network, China Construction project Cost Management Association, http://www.ccost.com/f/costIndex?menuId=5",Specific,Construction bill of materials
N-1895,"Project valuation information network, China Construction project Cost Management Association, http://www.ccost.com/f/costIndex?menuId=5",Specific,Construction bill of materials
N-1896,"Project valuation information network, China Construction project Cost Management Association, http://www.ccost.com/f/costIndex?menuId=5",Specific,Construction bill of materials
N-1897,"Project valuation information network, China Construction project Cost Management Association, http://www.ccost.com/f/costIndex?menuId=5",Specific,Construction bill of materials
N-1898,"Project valuation information network, China Construction project Cost Management Association, http://www.ccost.com/f/costIndex?menuId=5",Specific,Construction bill of materials
N-1899,"Project valuation information network, China Construction project Cost Management Association, http://www.ccost.com/f/costIndex?menuId=5",Specific,Construction bill of materials
N-1900,"Project valuation information network, China Construction project Cost Management Association, http://www.ccost.com/f/costIndex?menuId=5",Specific,Construction bill of materials
N-1901,"Project valuation information network, China Construction project Cost Management Association, http://www.ccost.com/f/costIndex?menuId=5",Specific,Construction bill of materials
N-1902,"Project valuation information network, China Construction project Cost Management Association, http://www.ccost.com/f/costIndex?menuId=5",Specific,Construction bill of materials
N-1903,"Project valuation information network, China Construction project Cost Management Association, http://www.ccost.com/f/costIndex?menuId=5",Specific,Construction bill of materials
N-1904,"Project valuation information network, China Construction project Cost Management Association, http://www.ccost.com/f/costIndex?menuId=5",Specific,Construction bill of materials
N-1905,"Project valuation information network, China Construction project Cost Management Association, http://www.ccost.com/f/costIndex?menuId=5",Specific,Construction bill of materials
N-1906,"Project valuation information network, China Construction project Cost Management Association, http://www.ccost.com/f/costIndex?menuId=5",Specific,Construction bill of materials
N-1907,"Project valuation information network, China Construction project Cost Management Association, http://www.ccost.com/f/costIndex?menuId=5",Specific,Construction bill of materials
N-1908,"Project valuation information network, China Construction project Cost Management Association, http://www.ccost.com/f/costIndex?menuId=5",Specific,Construction bill of materials
N-1909,"Project valuation information network, China Construction project Cost Management Association, http://www.ccost.com/f/costIndex?menuId=5",Specific,Construction bill of materials
N-1910,"Project valuation information network, China Construction project Cost Management Association, http://www.ccost.com/f/costIndex?menuId=5",Specific,Construction bill of materials
N-1911,"Project valuation information network, China Construction project Cost Management Association, http://www.ccost.com/f/costIndex?menuId=5",Specific,Construction bill of materials
N-1912,"Project valuation information network, China Construction project Cost Management Association, http://www.ccost.com/f/costIndex?menuId=5",Specific,Construction bill of materials
N-1913,"Project valuation information network, China Construction project Cost Management Association, http://www.ccost.com/f/costIndex?menuId=5",Specific,Construction bill of materials
N-1914,"Project valuation information network, China Construction project Cost Management Association, http://www.ccost.com/f/costIndex?menuId=5",Specific,Construction bill of materials
N-1915,"Project valuation information network, China Construction project Cost Management Association, http://www.ccost.com/f/costIndex?menuId=5",Specific,Construction bill of materials
N-1916,"Project valuation information network, China Construction project Cost Management Association, http://www.ccost.com/f/costIndex?menuId=5",Specific,Construction bill of materials
N-1917,"Project valuation information network, China Construction project Cost Management Association, http://www.ccost.com/f/costIndex?menuId=5",Specific,Construction bill of materials
N-1918,"Project valuation information network, China Construction project Cost Management Association, http://www.ccost.com/f/costIndex?menuId=5",Specific,Construction bill of materials
N-1919,"Project valuation information network, China Construction project Cost Management Association, http://www.ccost.com/f/costIndex?menuId=5",Specific,Construction bill of materials
N-1920,"Project valuation information network, China Construction project Cost Management Association, http://www.ccost.com/f/costIndex?menuId=5",Specific,Construction bill of materials
N-1921,"Project valuation information network, China Construction project Cost Management Association, http://www.ccost.com/f/costIndex?menuId=5",Specific,Construction bill of materials
N-1922,"Project valuation information network, China Construction project Cost Management Association, http://www.ccost.com/f/costIndex?menuId=5",Specific,Construction bill of materials
N-1923,"Project valuation information network, China Construction project Cost Management Association, http://www.ccost.com/f/costIndex?menuId=5",Specific,Construction bill of materials
N-1924,"Project valuation information network, China Construction project Cost Management Association, http://www.ccost.com/f/costIndex?menuId=5",Specific,Construction bill of materials
N-1925,"Project valuation information network, China Construction project Cost Management Association, http://www.ccost.com/f/costIndex?menuId=5",Specific,Construction bill of materials
N-1926,"Project valuation information network, China Construction project Cost Management Association, http://www.ccost.com/f/costIndex?menuId=5",Specific,Construction bill of materials
N-1927,"Project valuation information network, China Construction project Cost Management Association, http://www.ccost.com/f/costIndex?menuId=5",Specific,Construction bill of materials
N-1928,"Project valuation information network, China Construction project Cost Management Association, http://www.ccost.com/f/costIndex?menuId=5",Specific,Construction bill of materials
N-1929,"Project valuation information network, China Construction project Cost Management Association, http://www.ccost.com/f/costIndex?menuId=5",Specific,Construction bill of materials
N-1930,"Project valuation information network, China Construction project Cost Management Association, http://www.ccost.com/f/costIndex?menuId=5",Specific,Construction bill of materials
N-1931,"Project valuation information network, China Construction project Cost Management Association, http://www.ccost.com/f/costIndex?menuId=5",Specific,Construction bill of materials
N-1932,"Project valuation information network, China Construction project Cost Management Association, http://www.ccost.com/f/costIndex?menuId=5",Specific,Construction bill of materials
N-1933,"Project valuation information network, China Construction project Cost Management Association, http://www.ccost.com/f/costIndex?menuId=5",Specific,Construction bill of materials
N-1934,"Project valuation information network, China Construction project Cost Management Association, http://www.ccost.com/f/costIndex?menuId=5",Specific,Construction bill of materials
N-1935,"Project valuation information network, China Construction project Cost Management Association, http://www.ccost.com/f/costIndex?menuId=5",Specific,Construction bill of materials
N-1936,"Project valuation information network, China Construction project Cost Management Association, http://www.ccost.com/f/costIndex?menuId=5",Specific,Construction bill of materials
N-1937,"Project valuation information network, China Construction project Cost Management Association, http://www.ccost.com/f/costIndex?menuId=5",Specific,Construction bill of materials
N-1938,"Project valuation information network, China Construction project Cost Management Association, http://www.ccost.com/f/costIndex?menuId=5",Specific,Construction bill of materials
N-1939,"Project valuation information network, China Construction project Cost Management Association, http://www.ccost.com/f/costIndex?menuId=5",Specific,Construction bill of materials
N-1940,"Project valuation information network, China Construction project Cost Management Association, http://www.ccost.com/f/costIndex?menuId=5",Specific,Construction bill of materials
N-1941,"Project valuation information network, China Construction project Cost Management Association, http://www.ccost.com/f/costIndex?menuId=5",Specific,Construction bill of materials
N-1942,"Project valuation information network, China Construction project Cost Management Association, http://www.ccost.com/f/costIndex?menuId=5",Specific,Construction bill of materials
N-1943,"Project valuation information network, China Construction project Cost Management Association, http://www.ccost.com/f/costIndex?menuId=5",Specific,Construction bill of materials
N-1944,"Project valuation information network, China Construction project Cost Management Association, http://www.ccost.com/f/costIndex?menuId=5",Specific,Construction bill of materials
N-1945,"Yu H, Li GJ. Construction project investment estimation handbook. Beijing: China Architecture & Building Press; 1999.",Specific,Construction bill of materials
N-1946,"Yu H, Li GJ. Construction project investment estimation handbook. Beijing: China Architecture & Building Press; 1999.",Specific,Construction bill of materials
N-1947,"Yu H, Li GJ. Construction project investment estimation handbook. Beijing: China Architecture & Building Press; 1999.",Specific,Construction bill of materials
N-1948,"Yu H, Li GJ. Construction project investment estimation handbook. Beijing: China Architecture & Building Press; 1999.",Specific,Construction bill of materials
N-1949,"Yu H, Li GJ. Construction project investment estimation handbook. Beijing: China Architecture & Building Press; 1999.",Specific,Construction bill of materials
N-1950,"Yu H, Li GJ. Construction project investment estimation handbook. Beijing: China Architecture & Building Press; 1999.",Specific,Construction bill of materials
N-1951,"Yu H, Li GJ. Construction project investment estimation handbook. Beijing: China Architecture & Building Press; 1999.",Specific,Construction bill of materials
N-1952,"Yu H, Li GJ. Construction project investment estimation handbook. Beijing: China Architecture & Building Press; 1999.",Specific,Construction bill of materials
N-1953,"Yu H, Li GJ. Construction project investment estimation handbook. Beijing: China Architecture & Building Press; 1999.",Specific,Construction bill of materials
N-1954,"Yu H, Li GJ. Construction project investment estimation handbook. Beijing: China Architecture & Building Press; 1999.",Specific,Construction bill of materials
N-1955,"Yu H, Li GJ. Construction project investment estimation handbook. Beijing: China Architecture & Building Press; 1999.",Specific,Construction bill of materials
N-1956,"Yu H, Li GJ. Construction project investment estimation handbook. Beijing: China Architecture & Building Press; 1999.",Specific,Construction bill of materials
N-1957,"Yu H, Li GJ. Construction project investment estimation handbook. Beijing: China Architecture & Building Press; 1999.",Specific,Construction bill of materials
N-1958,"Yu H, Li GJ. Construction project investment estimation handbook. Beijing: China Architecture & Building Press; 1999.",Specific,Construction bill of materials
N-1959,"Yu H, Li GJ. Construction project investment estimation handbook. Beijing: China Architecture & Building Press; 1999.",Specific,Construction bill of materials
N-1960,"Yu H, Li GJ. Construction project investment estimation handbook. Beijing: China Architecture & Building Press; 1999.",Specific,Construction bill of materials
N-1961,"Yu H, Li GJ. Construction project investment estimation handbook. Beijing: China Architecture & Building Press; 1999.",Specific,Construction bill of materials
N-1962,"Yu H, Li GJ. Construction project investment estimation handbook. Beijing: China Architecture & Building Press; 1999.",Specific,Construction bill of materials
N-1963,"Yu H, Li GJ. Construction project investment estimation handbook. Beijing: China Architecture & Building Press; 1999.",Specific,Construction bill of materials
N-1964,"Yu H, Li GJ. Construction project investment estimation handbook. Beijing: China Architecture & Building Press; 1999.",Specific,Construction bill of materials
N-1965,"Yu H, Li GJ. Construction project investment estimation handbook. Beijing: China Architecture & Building Press; 1999.",Specific,Construction bill of materials
N-1966,"Yu H, Li GJ. Construction project investment estimation handbook. Beijing: China Architecture & Building Press; 1999.",Specific,Construction bill of materials
N-1967,"Yu H, Li GJ. Construction project investment estimation handbook. Beijing: China Architecture & Building Press; 1999.",Specific,Construction bill of materials
N-1968,"Yu H, Li GJ. Construction project investment estimation handbook. Beijing: China Architecture & Building Press; 1999.",Specific,Construction bill of materials
N-1969,"Yu H, Li GJ. Construction project investment estimation handbook. Beijing: China Architecture & Building Press; 1999.",Specific,Construction bill of materials
N-1970,"Yu H, Li GJ. Construction project investment estimation handbook. Beijing: China Architecture & Building Press; 1999.",Specific,Construction bill of materials
N-1971,"Yu H, Li GJ. Construction project investment estimation handbook. Beijing: China Architecture & Building Press; 1999.",Specific,Construction bill of materials
N-1972,"Yu H, Li GJ. Construction project investment estimation handbook. Beijing: China Architecture & Building Press; 1999.",Specific,Construction bill of materials
N-1973,"Yu H, Li GJ. Construction project investment estimation handbook. Beijing: China Architecture & Building Press; 1999.",Specific,Construction bill of materials
N-1974,"Yu H, Li GJ. Construction project investment estimation handbook. Beijing: China Architecture & Building Press; 1999.",Specific,Construction bill of materials
N-1975,"Yu H, Li GJ. Construction project investment estimation handbook. Beijing: China Architecture & Building Press; 1999.",Specific,Construction bill of materials
N-1976,"Yu H, Li GJ. Construction project investment estimation handbook. Beijing: China Architecture & Building Press; 1999.",Specific,Construction bill of materials
N-1977,"Yu H, Li GJ. Construction project investment estimation handbook. Beijing: China Architecture & Building Press; 1999.",Specific,Construction bill of materials
N-1978,"Yu H, Li GJ. Construction project investment estimation handbook. Beijing: China Architecture & Building Press; 1999.",Specific,Construction bill of materials
N-1979,"Yu H, Li GJ. Construction project investment estimation handbook. Beijing: China Architecture & Building Press; 1999.",Specific,Construction bill of materials
N-1980,"Yu H, Li GJ. Construction project investment estimation handbook. Beijing: China Architecture & Building Press; 1999.",Specific,Construction bill of materials
N-1981,"Yu H, Li GJ. Construction project investment estimation handbook. Beijing: China Architecture & Building Press; 1999.",Specific,Construction bill of materials
N-1982,"Yu H, Li GJ. Construction project investment estimation handbook. Beijing: China Architecture & Building Press; 1999.",Specific,Construction bill of materials
N-1983,"Yu H, Li GJ. Construction project investment estimation handbook. Beijing: China Architecture & Building Press; 1999.",Specific,Construction bill of materials
N-1984,"Yu H, Li GJ. Construction project investment estimation handbook. Beijing: China Architecture & Building Press; 1999.",Specific,Construction bill of materials
N-1985,"Yu H, Li GJ. Construction project investment estimation handbook. Beijing: China Architecture & Building Press; 1999.",Specific,Construction bill of materials
N-1986,"Yu H, Li GJ. Construction project investment estimation handbook. Beijing: China Architecture & Building Press; 1999.",Specific,Construction bill of materials
N-1987,"Yu H, Li GJ. Construction project investment estimation handbook. Beijing: China Architecture & Building Press; 1999.",Specific,Construction bill of materials
N-1988,"Yu H, Li GJ. Construction project investment estimation handbook. Beijing: China Architecture & Building Press; 1999.",Specific,Construction bill of materials
N-1989,"Yu H, Li GJ. Construction project investment estimation handbook. Beijing: China Architecture & Building Press; 1999.",Specific,Construction bill of materials
N-1990,"Yu H, Li GJ. Construction project investment estimation handbook. Beijing: China Architecture & Building Press; 1999.",Specific,Construction bill of materials
N-1991,"Yu H, Li GJ. Construction project investment estimation handbook. Beijing: China Architecture & Building Press; 1999.",Specific,Construction bill of materials
N-1992,"Yu H, Li GJ. Construction project investment estimation handbook. Beijing: China Architecture & Building Press; 1999.",Specific,Construction bill of materials
N-1993,"Yu H, Li GJ. Construction project investment estimation handbook. Beijing: China Architecture & Building Press; 1999.",Specific,Construction bill of materials
N-1994,"Yu H, Li GJ. Construction project investment estimation handbook. Beijing: China Architecture & Building Press; 1999.",Specific,Construction bill of materials
N-1995,"Yu H, Li GJ. Construction project investment estimation handbook. Beijing: China Architecture & Building Press; 1999.",Specific,Construction bill of materials
N-1996,"Yu H, Li GJ. Construction project investment estimation handbook. Beijing: China Architecture & Building Press; 1999.",Specific,Construction bill of materials
N-1997,"Yu H, Li GJ. Construction project investment estimation handbook. Beijing: China Architecture & Building Press; 1999.",Specific,Construction bill of materials
N-1998,"Yu H, Li GJ. Construction project investment estimation handbook. Beijing: China Architecture & Building Press; 1999.",Specific,Construction bill of materials
N-1999,"Yu H, Li GJ. Construction project investment estimation handbook. Beijing: China Architecture & Building Press; 1999.",Specific,Construction bill of materials
N-2000,"Yu H, Li GJ. Construction project investment estimation handbook. Beijing: China Architecture & Building Press; 1999.",Specific,Construction bill of materials
N-2001,"Yu H, Li GJ. Construction project investment estimation handbook. Beijing: China Architecture & Building Press; 1999.",Specific,Construction bill of materials
N-2002,"Yu H, Li GJ. Construction project investment estimation handbook. Beijing: China Architecture & Building Press; 1999.",Specific,Construction bill of materials
N-2003,"Yu H, Li GJ. Construction project investment estimation handbook. Beijing: China Architecture & Building Press; 1999.",Specific,Construction bill of materials
N-2004,"Yu H, Li GJ. Construction project investment estimation handbook. Beijing: China Architecture & Building Press; 1999.",Specific,Construction bill of materials
N-2005,"Yu H, Li GJ. Construction project investment estimation handbook. Beijing: China Architecture & Building Press; 1999.",Specific,Construction bill of materials
N-2006,"Yu H, Li GJ. Construction project investment estimation handbook. Beijing: China Architecture & Building Press; 1999.",Specific,Construction bill of materials
N-2007,"Yu H, Li GJ. Construction project investment estimation handbook. Beijing: China Architecture & Building Press; 1999.",Specific,Construction bill of materials
N-2008,"Yu H, Li GJ. Construction project investment estimation handbook. Beijing: China Architecture & Building Press; 1999.",Specific,Construction bill of materials
N-2009,"Yu H, Li GJ. Construction project investment estimation handbook. Beijing: China Architecture & Building Press; 1999.",Specific,Construction bill of materials
N-2010,"Yu H, Li GJ. Construction project investment estimation handbook. Beijing: China Architecture & Building Press; 1999.",Specific,Construction bill of materials
N-2011,"Yu H, Li GJ. Construction project investment estimation handbook. Beijing: China Architecture & Building Press; 1999.",Specific,Construction bill of materials
N-2012,"Yu H, Li GJ. Construction project investment estimation handbook. Beijing: China Architecture & Building Press; 1999.",Specific,Construction bill of materials
N-2013,"Yu H, Li GJ. Construction project investment estimation handbook. Beijing: China Architecture & Building Press; 1999.",Specific,Construction bill of materials
N-2014,"Yu H, Li GJ. Construction project investment estimation handbook. Beijing: China Architecture & Building Press; 1999.",Specific,Construction bill of materials
N-2015,"Yu H, Li GJ. Construction project investment estimation handbook. Beijing: China Architecture & Building Press; 1999.",Specific,Construction bill of materials
N-2016,"Yu H, Li GJ. Construction project investment estimation handbook. Beijing: China Architecture & Building Press; 1999.",Specific,Construction bill of materials
N-2017,"Yu H, Li GJ. Construction project investment estimation handbook. Beijing: China Architecture & Building Press; 1999.",Specific,Construction bill of materials
N-2018,"Yu H, Li GJ. Construction project investment estimation handbook. Beijing: China Architecture & Building Press; 1999.",Specific,Construction bill of materials
N-2019,"Yu H, Li GJ. Construction project investment estimation handbook. Beijing: China Architecture & Building Press; 1999.",Specific,Construction bill of materials
N-2020,"Yu H, Li GJ. Construction project investment estimation handbook. Beijing: China Architecture & Building Press; 1999.",Specific,Construction bill of materials
N-2021,"Yu H, Li GJ. Construction project investment estimation handbook. Beijing: China Architecture & Building Press; 1999.",Specific,Construction bill of materials
N-2022,"Yu H, Li GJ. Construction project investment estimation handbook. Beijing: China Architecture & Building Press; 1999.",Specific,Construction bill of materials
N-2023,"Yu H, Li GJ. Construction project investment estimation handbook. Beijing: China Architecture & Building Press; 1999.",Specific,Construction bill of materials
N-2024,"Yu H, Li GJ. Construction project investment estimation handbook. Beijing: China Architecture & Building Press; 1999.",Specific,Construction bill of materials
N-2025,"Yu H, Li GJ. Construction project investment estimation handbook. Beijing: China Architecture & Building Press; 1999.",Specific,Construction bill of materials
N-2026,"Yu H, Li GJ. Construction project investment estimation handbook. Beijing: China Architecture & Building Press; 1999.",Specific,Construction bill of materials
N-2027,"Yu H, Li GJ. Construction project investment estimation handbook. Beijing: China Architecture & Building Press; 1999.",Specific,Construction bill of materials
N-2028,"Yu H, Li GJ. Construction project investment estimation handbook. Beijing: China Architecture & Building Press; 1999.",Specific,Construction bill of materials
N-2029,"Yu H, Li GJ. Construction project investment estimation handbook. Beijing: China Architecture & Building Press; 1999.",Specific,Construction bill of materials
N-2030,"Yu H, Li GJ. Construction project investment estimation handbook. Beijing: China Architecture & Building Press; 1999.",Specific,Construction bill of materials
N-2031,"Yu H, Li GJ. Construction project investment estimation handbook. Beijing: China Architecture & Building Press; 1999.",Specific,Construction bill of materials
N-2032,"Yu H, Li GJ. Construction project investment estimation handbook. Beijing: China Architecture & Building Press; 1999.",Specific,Construction bill of materials
N-2033,"Yu H, Li GJ. Construction project investment estimation handbook. Beijing: China Architecture & Building Press; 1999.",Specific,Construction bill of materials
N-2034,"Yu H, Li GJ. Construction project investment estimation handbook. Beijing: China Architecture & Building Press; 1999.",Specific,Construction bill of materials
N-2035,"Yu H, Li GJ. Construction project investment estimation handbook. Beijing: China Architecture & Building Press; 1999.",Specific,Construction bill of materials
N-2036,"Yu H, Li GJ. Construction project investment estimation handbook. Beijing: China Architecture & Building Press; 1999.",Specific,Construction bill of materials
N-2037,"Yu H, Li GJ. Construction project investment estimation handbook. Beijing: China Architecture & Building Press; 1999.",Specific,Construction bill of materials
N-2038,"Yu H, Li GJ. Construction project investment estimation handbook. Beijing: China Architecture & Building Press; 1999.",Specific,Construction bill of materials
N-2039,"Yu H, Li GJ. Construction project investment estimation handbook. Beijing: China Architecture & Building Press; 1999.",Specific,Construction bill of materials
N-2040,"Yu H, Li GJ. Construction project investment estimation handbook. Beijing: China Architecture & Building Press; 1999.",Specific,Construction bill of materials
N-2041,"Yu H, Li GJ. Construction project investment estimation handbook. Beijing: China Architecture & Building Press; 1999.",Specific,Construction bill of materials
N-2042,"Yu H, Li GJ. Construction project investment estimation handbook. Beijing: China Architecture & Building Press; 1999.",Specific,Construction bill of materials
N-2043,"Yu H, Li GJ. Construction project investment estimation handbook. Beijing: China Architecture & Building Press; 1999.",Specific,Construction bill of materials
N-2044,"Yu H, Li GJ. Construction project investment estimation handbook. Beijing: China Architecture & Building Press; 1999.",Specific,Construction bill of materials
N-2045,"Yu H, Li GJ. Construction project investment estimation handbook. Beijing: China Architecture & Building Press; 1999.",Specific,Construction bill of materials
N-2046,"Yu H, Li GJ. Construction project investment estimation handbook. Beijing: China Architecture & Building Press; 1999.",Specific,Construction bill of materials
N-2047,"Yu H, Li GJ. Construction project investment estimation handbook. Beijing: China Architecture & Building Press; 1999.",Specific,Construction bill of materials
N-2048,"Yu H, Li GJ. Construction project investment estimation handbook. Beijing: China Architecture & Building Press; 1999.",Specific,Construction bill of materials
N-2049,"Yu H, Li GJ. Construction project investment estimation handbook. Beijing: China Architecture & Building Press; 1999.",Specific,Construction bill of materials
N-2050,"Yu H, Li GJ. Construction project investment estimation handbook. Beijing: China Architecture & Building Press; 1999.",Specific,Construction bill of materials
N-2051,"Yu H, Li GJ. Construction project investment estimation handbook. Beijing: China Architecture & Building Press; 1999.",Specific,Construction bill of materials
N-2052,"Yu H, Li GJ. Construction project investment estimation handbook. Beijing: China Architecture & Building Press; 1999.",Specific,Construction bill of materials
N-2053,"Yu H, Li GJ. Construction project investment estimation handbook. Beijing: China Architecture & Building Press; 1999.",Specific,Construction bill of materials
N-2054,"Yu H, Li GJ. Construction project investment estimation handbook. Beijing: China Architecture & Building Press; 1999.",Specific,Construction bill of materials
N-2055,"Yu H, Li GJ. Construction project investment estimation handbook. Beijing: China Architecture & Building Press; 1999.",Specific,Construction bill of materials
N-2056,"Yu H, Li GJ. Construction project investment estimation handbook. Beijing: China Architecture & Building Press; 1999.",Specific,Construction bill of materials
N-2057,"Yu H, Li GJ. Construction project investment estimation handbook. Beijing: China Architecture & Building Press; 1999.",Specific,Construction bill of materials
N-2058,"Yu H, Li GJ. Construction project investment estimation handbook. Beijing: China Architecture & Building Press; 1999.",Specific,Construction bill of materials
N-2059,"Yu H, Li GJ. Construction project investment estimation handbook. Beijing: China Architecture & Building Press; 1999.",Specific,Construction bill of materials
N-2060,"Yu H, Li GJ. Construction project investment estimation handbook. Beijing: China Architecture & Building Press; 1999.",Specific,Construction bill of materials
N-2061,"Yu H, Li GJ. Construction project investment estimation handbook. Beijing: China Architecture & Building Press; 1999.",Specific,Construction bill of materials
N-2062,"Yu H, Li GJ. Construction project investment estimation handbook. Beijing: China Architecture & Building Press; 1999.",Specific,Construction bill of materials
N-2063,"Yu H, Li GJ. Construction project investment estimation handbook. Beijing: China Architecture & Building Press; 1999.",Specific,Construction bill of materials
N-2064,"Yu H, Li GJ. Construction project investment estimation handbook. Beijing: China Architecture & Building Press; 1999.",Specific,Construction bill of materials
N-2065,"Yu H, Li GJ. Construction project investment estimation handbook. Beijing: China Architecture & Building Press; 1999.",Specific,Construction bill of materials
N-2066,"Yu H, Li GJ. Construction project investment estimation handbook. Beijing: China Architecture & Building Press; 1999.",Specific,Construction bill of materials
N-2067,"Yu H, Li GJ. Construction project investment estimation handbook. Beijing: China Architecture & Building Press; 1999.",Specific,Construction bill of materials
N-2068,"Yu H, Li GJ. Construction project investment estimation handbook. Beijing: China Architecture & Building Press; 1999.",Specific,Construction bill of materials
N-2069,"Yu H, Li GJ. Construction project investment estimation handbook. Beijing: China Architecture & Building Press; 1999.",Specific,Construction bill of materials
N-2070,"Yu H, Li GJ. Construction project investment estimation handbook. Beijing: China Architecture & Building Press; 1999.",Specific,Construction bill of materials
N-2071,"Yu H, Li GJ. Construction project investment estimation handbook. Beijing: China Architecture & Building Press; 1999.",Specific,Construction bill of materials
N-2072,"Yu H, Li GJ. Construction project investment estimation handbook. Beijing: China Architecture & Building Press; 1999.",Specific,Construction bill of materials
N-2073,"Yu H, Li GJ. Construction project investment estimation handbook. Beijing: China Architecture & Building Press; 1999.",Specific,Construction bill of materials
N-2074,"Yu H, Li GJ. Construction project investment estimation handbook. Beijing: China Architecture & Building Press; 1999.",Specific,Construction bill of materials
N-2075,"Yu H, Li GJ. Construction project investment estimation handbook. Beijing: China Architecture & Building Press; 1999.",Specific,Construction bill of materials
N-2076,"Yu H, Li GJ. Construction project investment estimation handbook. Beijing: China Architecture & Building Press; 1999.",Specific,Construction bill of materials
N-2077,"Yu H, Li GJ. Construction project investment estimation handbook. Beijing: China Architecture & Building Press; 1999.",Specific,Construction bill of materials
N-2078,"Yu H, Li GJ. Construction project investment estimation handbook. Beijing: China Architecture & Building Press; 1999.",Specific,Construction bill of materials
N-2079,"Yu H, Li GJ. Construction project investment estimation handbook. Beijing: China Architecture & Building Press; 1999.",Specific,Construction bill of materials
N-2080,"Yu H, Li GJ. Construction project investment estimation handbook. Beijing: China Architecture & Building Press; 1999.",Specific,Construction bill of materials
N-2081,"Yu H, Li GJ. Construction project investment estimation handbook. Beijing: China Architecture & Building Press; 1999.",Specific,Construction bill of materials
N-2082,"Yu H, Li GJ. Construction project investment estimation handbook. Beijing: China Architecture & Building Press; 1999.",Specific,Construction bill of materials
N-2083,"Yu H, Li GJ. Construction project investment estimation handbook. Beijing: China Architecture & Building Press; 1999.",Specific,Construction bill of materials
N-2084,"Yu H, Li GJ. Construction project investment estimation handbook. Beijing: China Architecture & Building Press; 1999.",Specific,Construction bill of materials
N-2085,"Yu H, Li GJ. Construction project investment estimation handbook. Beijing: China Architecture & Building Press; 1999.",Specific,Construction bill of materials
N-2086,"Yu H, Li GJ. Construction project investment estimation handbook. Beijing: China Architecture & Building Press; 1999.",Specific,Construction bill of materials
N-2087,"Yu H, Li GJ. Construction project investment estimation handbook. Beijing: China Architecture & Building Press; 1999.",Specific,Construction bill of materials
N-2088,"Yu H, Li GJ. Construction project investment estimation handbook. Beijing: China Architecture & Building Press; 1999.",Specific,Construction bill of materials
N-2089,"Yu H, Li GJ. Construction project investment estimation handbook. Beijing: China Architecture & Building Press; 1999.",Specific,Construction bill of materials
N-2090,"Yu H, Li GJ. Construction project investment estimation handbook. Beijing: China Architecture & Building Press; 1999.",Specific,Construction bill of materials
N-2091,"Yu H, Li GJ. Construction project investment estimation handbook. Beijing: China Architecture & Building Press; 1999.",Specific,Construction bill of materials
N-2092,"Yu H, Li GJ. Construction project investment estimation handbook. Beijing: China Architecture & Building Press; 1999.",Specific,Construction bill of materials
N-2093,"Yu H, Li GJ. Construction project investment estimation handbook. Beijing: China Architecture & Building Press; 1999.",Specific,Construction bill of materials
N-2094,"Yu H, Li GJ. Construction project investment estimation handbook. Beijing: China Architecture & Building Press; 1999.",Specific,Construction bill of materials
N-2095,"Yu H, Li GJ. Construction project investment estimation handbook. Beijing: China Architecture & Building Press; 1999.",Specific,Construction bill of materials
N-2096,"Yu H, Li GJ. Construction project investment estimation handbook. Beijing: China Architecture & Building Press; 1999.",Specific,Construction bill of materials
N-2097,"Yu H, Li GJ. Construction project investment estimation handbook. Beijing: China Architecture & Building Press; 1999.",Specific,Construction bill of materials
N-2098,"Yu H, Li GJ. Construction project investment estimation handbook. Beijing: China Architecture & Building Press; 1999.",Specific,Construction bill of materials
N-2099,"Yu H, Li GJ. Construction project investment estimation handbook. Beijing: China Architecture & Building Press; 1999.",Specific,Construction bill of materials
N-2100,"Yu H, Li GJ. Construction project investment estimation handbook. Beijing: China Architecture & Building Press; 1999.",Specific,Construction bill of materials
N-2101,"Yu H, Li GJ. Construction project investment estimation handbook. Beijing: China Architecture & Building Press; 1999.",Specific,Construction bill of materials
N-2102,"Yu H, Li GJ. Construction project investment estimation handbook. Beijing: China Architecture & Building Press; 1999.",Specific,Construction bill of materials
N-2103,"Yu H, Li GJ. Construction project investment estimation handbook. Beijing: China Architecture & Building Press; 1999.",Specific,Construction bill of materials
N-2104,"Yu H, Li GJ. Construction project investment estimation handbook. Beijing: China Architecture & Building Press; 1999.",Specific,Construction bill of materials
N-2105,"Yu H, Li GJ. Construction project investment estimation handbook. Beijing: China Architecture & Building Press; 1999.",Specific,Construction bill of materials
N-2106,"Yu H, Li GJ. Construction project investment estimation handbook. Beijing: China Architecture & Building Press; 1999.",Specific,Construction bill of materials
N-2107,"Yu H, Li GJ. Construction project investment estimation handbook. Beijing: China Architecture & Building Press; 1999.",Specific,Construction bill of materials
N-2108,"Yu H, Li GJ. Construction project investment estimation handbook. Beijing: China Architecture & Building Press; 1999.",Specific,Construction bill of materials
N-2109,"Yu H, Li GJ. Construction project investment estimation handbook. Beijing: China Architecture & Building Press; 1999.",Specific,Construction bill of materials
N-2110,"Yu H, Li GJ. Construction project investment estimation handbook. Beijing: China Architecture & Building Press; 1999.",Specific,Construction bill of materials
N-2111,"Yu H, Li GJ. Construction project investment estimation handbook. Beijing: China Architecture & Building Press; 1999.",Specific,Construction bill of materials
N-2112,"Yu H, Li GJ. Construction project investment estimation handbook. Beijing: China Architecture & Building Press; 1999.",Specific,Construction bill of materials
N-2113,"Yu H, Li GJ. Construction project investment estimation handbook. Beijing: China Architecture & Building Press; 1999.",Specific,Construction bill of materials
N-2114,"Yu H, Li GJ. Construction project investment estimation handbook. Beijing: China Architecture & Building Press; 1999.",Specific,Construction bill of materials
N-2115,"Yu H, Li GJ. Construction project investment estimation handbook. Beijing: China Architecture & Building Press; 1999.",Specific,Construction bill of materials
N-2116,"Yu H, Li GJ. Construction project investment estimation handbook. Beijing: China Architecture & Building Press; 1999.",Specific,Construction bill of materials
N-2117,"Yu H, Li GJ. Construction project investment estimation handbook. Beijing: China Architecture & Building Press; 1999.",Specific,Construction bill of materials
N-2118,"Yu H, Li GJ. Construction project investment estimation handbook. Beijing: China Architecture & Building Press; 1999.",Specific,Construction bill of materials
N-2119,"Yu H, Li GJ. Construction project investment estimation handbook. Beijing: China Architecture & Building Press; 1999.",Specific,Construction bill of materials
N-2120,"Yu H, Li GJ. Construction project investment estimation handbook. Beijing: China Architecture & Building Press; 1999.",Specific,Construction bill of materials
N-2121,"Yu H, Li GJ. Construction project investment estimation handbook. Beijing: China Architecture & Building Press; 1999.",Specific,Construction bill of materials
N-2122,"Yu H, Li GJ. Construction project investment estimation handbook. Beijing: China Architecture & Building Press; 1999.",Specific,Construction bill of materials
N-2123,"Yu H, Li GJ. Construction project investment estimation handbook. Beijing: China Architecture & Building Press; 1999.",Specific,Construction bill of materials
N-2124,"Yu H, Li GJ. Construction project investment estimation handbook. Beijing: China Architecture & Building Press; 1999.",Specific,Construction bill of materials
N-2125,"Yu H, Li GJ. Construction project investment estimation handbook. Beijing: China Architecture & Building Press; 1999.",Specific,Construction bill of materials
N-2126,"Yu H, Li GJ. Construction project investment estimation handbook. Beijing: China Architecture & Building Press; 1999.",Specific,Construction bill of materials
N-2127,"Yu H, Li GJ. Construction project investment estimation handbook. Beijing: China Architecture & Building Press; 1999.",Specific,Construction bill of materials
N-2128,"Yu H, Li GJ. Construction project investment estimation handbook. Beijing: China Architecture & Building Press; 1999.",Specific,Construction bill of materials
N-2129,"Yu H, Li GJ. Construction project investment estimation handbook. Beijing: China Architecture & Building Press; 1999.",Specific,Construction bill of materials
N-2130,"Yu H, Li GJ. Construction project investment estimation handbook. Beijing: China Architecture & Building Press; 1999.",Specific,Construction bill of materials
N-2131,"Yu H, Li GJ. Construction project investment estimation handbook. Beijing: China Architecture & Building Press; 1999.",Specific,Construction bill of materials
N-2132,"Yu H, Li GJ. Construction project investment estimation handbook. Beijing: China Architecture & Building Press; 1999.",Specific,Construction bill of materials
N-2133,"Yu H, Li GJ. Construction project investment estimation handbook. Beijing: China Architecture & Building Press; 1999.",Specific,Construction bill of materials
N-2134,"Yu H, Li GJ. Construction project investment estimation handbook. Beijing: China Architecture & Building Press; 1999.",Specific,Construction bill of materials
N-2135,"Yu H, Li GJ. Construction project investment estimation handbook. Beijing: China Architecture & Building Press; 1999.",Specific,Construction bill of materials
N-2136,"Yu H, Li GJ. Construction project investment estimation handbook. Beijing: China Architecture & Building Press; 1999.",Specific,Construction bill of materials
N-2137,"Yu H, Li GJ. Construction project investment estimation handbook. Beijing: China Architecture & Building Press; 1999.",Specific,Construction bill of materials
N-2138,"Yu H, Li GJ. Construction project investment estimation handbook. Beijing: China Architecture & Building Press; 1999.",Specific,Construction bill of materials
N-2139,"Yu H, Li GJ. Construction project investment estimation handbook. Beijing: China Architecture & Building Press; 1999.",Specific,Construction bill of materials
N-2140,"Yu H, Li GJ. Construction project investment estimation handbook. Beijing: China Architecture & Building Press; 1999.",Specific,Construction bill of materials
N-2141,"Yu H, Li GJ. Construction project investment estimation handbook. Beijing: China Architecture & Building Press; 1999.",Specific,Construction bill of materials
N-2142,"Yu H, Li GJ. Construction project investment estimation handbook. Beijing: China Architecture & Building Press; 1999.",Specific,Construction bill of materials
N-2143,"Yu H, Li GJ. Construction project investment estimation handbook. Beijing: China Architecture & Building Press; 1999.",Specific,Construction bill of materials
N-2144,"Yu H, Li GJ. Construction project investment estimation handbook. Beijing: China Architecture & Building Press; 1999.",Specific,Construction bill of materials
N-2145,"Yu H, Li GJ. Construction project investment estimation handbook. Beijing: China Architecture & Building Press; 1999.",Specific,Construction bill of materials
N-2146,"Yu H, Li GJ. Construction project investment estimation handbook. Beijing: China Architecture & Building Press; 1999.",Specific,Construction bill of materials
N-2147,"Yu H, Li GJ. Construction project investment estimation handbook. Beijing: China Architecture & Building Press; 1999.",Specific,Construction bill of materials
N-2148,"Yu H, Li GJ. Construction project investment estimation handbook. Beijing: China Architecture & Building Press; 1999.",Specific,Construction bill of materials
N-2149,"Yu H, Li GJ. Construction project investment estimation handbook. Beijing: China Architecture & Building Press; 1999.",Specific,Construction bill of materials
N-2150,"Yu H, Li GJ. Construction project investment estimation handbook. Beijing: China Architecture & Building Press; 1999.",Specific,Construction bill of materials
N-2151,"Yu H, Li GJ. Construction project investment estimation handbook. Beijing: China Architecture & Building Press; 1999.",Specific,Construction bill of materials
N-2152,"Yu H, Li GJ. Construction project investment estimation handbook. Beijing: China Architecture & Building Press; 1999.",Specific,Construction bill of materials
N-2153,"Yu H, Li GJ. Construction project investment estimation handbook. Beijing: China Architecture & Building Press; 1999.",Specific,Construction bill of materials
N-2154,"Yu H, Li GJ. Construction project investment estimation handbook. Beijing: China Architecture & Building Press; 1999.",Specific,Construction bill of materials
N-2155,"Yu H, Li GJ. Construction project investment estimation handbook. Beijing: China Architecture & Building Press; 1999.",Specific,Construction bill of materials
N-2156,"Yu H, Li GJ. Construction project investment estimation handbook. Beijing: China Architecture & Building Press; 1999.",Specific,Construction bill of materials
N-2157,"Yu H, Li GJ. Construction project investment estimation handbook. Beijing: China Architecture & Building Press; 1999.",Specific,Construction bill of materials
N-2158,"Yu H, Li GJ. Construction project investment estimation handbook. Beijing: China Architecture & Building Press; 1999.",Specific,Construction bill of materials
N-2159,"Yu H, Li GJ. Construction project investment estimation handbook. Beijing: China Architecture & Building Press; 1999.",Specific,Construction bill of materials
N-2160,"Yu H, Li GJ. Construction project investment estimation handbook. Beijing: China Architecture & Building Press; 1999.",Specific,Construction bill of materials
N-2161,"Yu H, Li GJ. Construction project investment estimation handbook. Beijing: China Architecture & Building Press; 1999.",Specific,Construction bill of materials
N-2162,"Yu H, Li GJ. Construction project investment estimation handbook. Beijing: China Architecture & Building Press; 1999.",Specific,Construction bill of materials
N-2163,"Yu H, Li GJ. Construction project investment estimation handbook. Beijing: China Architecture & Building Press; 1999.",Specific,Construction bill of materials
N-2164,"Yu H, Li GJ. Construction project investment estimation handbook. Beijing: China Architecture & Building Press; 1999.",Specific,Construction bill of materials
N-2165,"Yu H, Li GJ. Construction project investment estimation handbook. Beijing: China Architecture & Building Press; 1999.",Specific,Construction bill of materials
N-2166,"Yu H, Li GJ. Construction project investment estimation handbook. Beijing: China Architecture & Building Press; 1999.",Specific,Construction bill of materials
N-2167,"Yu H, Li GJ. Construction project investment estimation handbook. Beijing: China Architecture & Building Press; 1999.",Specific,Construction bill of materials
N-2168,"Yu H, Li GJ. Construction project investment estimation handbook. Beijing: China Architecture & Building Press; 1999.",Specific,Construction bill of materials
N-2169,"Yu H, Li GJ. Construction project investment estimation handbook. Beijing: China Architecture & Building Press; 1999.",Specific,Construction bill of materials
N-2170,"Yu H, Li GJ. Construction project investment estimation handbook. Beijing: China Architecture & Building Press; 1999.",Specific,Construction bill of materials
N-2171,"Yu H, Li GJ. Construction project investment estimation handbook. Beijing: China Architecture & Building Press; 1999.",Specific,Construction bill of materials
N-2172,"Yu H, Li GJ. Construction project investment estimation handbook. Beijing: China Architecture & Building Press; 1999.",Specific,Construction bill of materials
N-2173,"Yu H, Li GJ. Construction project investment estimation handbook. Beijing: China Architecture & Building Press; 1999.",Specific,Construction bill of materials
N-2174,"Yu H, Li GJ. Construction project investment estimation handbook. Beijing: China Architecture & Building Press; 1999.",Specific,Construction bill of materials
N-2175,"Yu H, Li GJ. Construction project investment estimation handbook. Beijing: China Architecture & Building Press; 1999.",Specific,Construction bill of materials
N-2176,"Yu H, Li GJ. Construction project investment estimation handbook. Beijing: China Architecture & Building Press; 1999.",Specific,Construction bill of materials
N-2177,"Yu H, Li GJ. Construction project investment estimation handbook. Beijing: China Architecture & Building Press; 1999.",Specific,Construction bill of materials
N-2178,"Yu H, Li GJ. Construction project investment estimation handbook. Beijing: China Architecture & Building Press; 1999.",Specific,Construction bill of materials
N-2179,"Yu H, Li GJ. Construction project investment estimation handbook. Beijing: China Architecture & Building Press; 1999.",Specific,Construction bill of materials
N-2180,"Yu H, Li GJ. Construction project investment estimation handbook. Beijing: China Architecture & Building Press; 1999.",Specific,Construction bill of materials
N-2181,"Yu H, Li GJ. Construction project investment estimation handbook. Beijing: China Architecture & Building Press; 1999.",Specific,Construction bill of materials
N-2182,"Yu H, Li GJ. Construction project investment estimation handbook. Beijing: China Architecture & Building Press; 1999.",Specific,Construction bill of materials
N-2183,"Yu H, Li GJ. Construction project investment estimation handbook. Beijing: China Architecture & Building Press; 1999.",Specific,Construction bill of materials
N-2184,"Yu H, Li GJ. Construction project investment estimation handbook. Beijing: China Architecture & Building Press; 1999.",Specific,Construction bill of materials
N-2185,"Yu H, Li GJ. Construction project investment estimation handbook. Beijing: China Architecture & Building Press; 1999.",Specific,Construction bill of materials
N-2186,"Yu H, Li GJ. Construction project investment estimation handbook. Beijing: China Architecture & Building Press; 1999.",Specific,Construction bill of materials
N-2187,"Yu H, Li GJ. Construction project investment estimation handbook. Beijing: China Architecture & Building Press; 1999.",Specific,Construction bill of materials
N-2188,"Yu H, Li GJ. Construction project investment estimation handbook. Beijing: China Architecture & Building Press; 1999.",Specific,Construction bill of materials
N-2189,"Yu H, Li GJ. Construction project investment estimation handbook. Beijing: China Architecture & Building Press; 1999.",Specific,Construction bill of materials
N-2190,"Yu H, Li GJ. Construction project investment estimation handbook. Beijing: China Architecture & Building Press; 1999.",Specific,Construction bill of materials
N-2191,"Yu H, Li GJ. Construction project investment estimation handbook. Beijing: China Architecture & Building Press; 1999.",Specific,Construction bill of materials
N-2192,"Yu H, Li GJ. Construction project investment estimation handbook. Beijing: China Architecture & Building Press; 1999.",Specific,Construction bill of materials
N-2193,"Yu H, Li GJ. Construction project investment estimation handbook. Beijing: China Architecture & Building Press; 1999.",Specific,Construction bill of materials
N-2194,"Yu H, Li GJ. Construction project investment estimation handbook. Beijing: China Architecture & Building Press; 1999.",Specific,Construction bill of materials
N-2195,"Yu H, Li GJ. Construction project investment estimation handbook. Beijing: China Architecture & Building Press; 1999.",Specific,Construction bill of materials
N-2196,"Yu H, Li GJ. Construction project investment estimation handbook. Beijing: China Architecture & Building Press; 1999.",Specific,Construction bill of materials
N-2197,"Yu H, Li GJ. Construction project investment estimation handbook. Beijing: China Architecture & Building Press; 1999.",Specific,Construction bill of materials
N-2198,"Yu H, Li GJ. Construction project investment estimation handbook. Beijing: China Architecture & Building Press; 1999.",Specific,Construction bill of materials
N-2199,"Yu H, Li GJ. Construction project investment estimation handbook. Beijing: China Architecture & Building Press; 1999.",Specific,Construction bill of materials
N-2200,"Yu H, Li GJ. Construction project investment estimation handbook. Beijing: China Architecture & Building Press; 1999.",Specific,Construction bill of materials
N-2201,"Yu H, Li GJ. Construction project investment estimation handbook. Beijing: China Architecture & Building Press; 1999.",Specific,Construction bill of materials
N-2202,"Yu H, Li GJ. Construction project investment estimation handbook. Beijing: China Architecture & Building Press; 1999.",Specific,Construction bill of materials
N-2203,"Yu H, Li GJ. Construction project investment estimation handbook. Beijing: China Architecture & Building Press; 1999.",Specific,Construction bill of materials
N-2204,"Yu H, Li GJ. Construction project investment estimation handbook. Beijing: China Architecture & Building Press; 1999.",Specific,Construction bill of materials
N-2205,"Yu H, Li GJ. Construction project investment estimation handbook. Beijing: China Architecture & Building Press; 1999.",Specific,Construction bill of materials
N-2206,"Yu H, Li GJ. Construction project investment estimation handbook. Beijing: China Architecture & Building Press; 1999.",Specific,Construction bill of materials
N-2207,"Yu H, Li GJ. Construction project investment estimation handbook. Beijing: China Architecture & Building Press; 1999.",Specific,Construction bill of materials
N-2208,"Yu H, Li GJ. Construction project investment estimation handbook. Beijing: China Architecture & Building Press; 1999.",Specific,Construction bill of materials
N-2209,"Yu H, Li GJ. Construction project investment estimation handbook. Beijing: China Architecture & Building Press; 1999.",Specific,Construction bill of materials
N-2210,"Yu H, Li GJ. Construction project investment estimation handbook. Beijing: China Architecture & Building Press; 1999.",Specific,Construction bill of materials
N-2211,"Yu H, Li GJ. Construction project investment estimation handbook. Beijing: China Architecture & Building Press; 1999.",Specific,Construction bill of materials
N-2212,"Yu H, Li GJ. Construction project investment estimation handbook. Beijing: China Architecture & Building Press; 1999.",Specific,Construction bill of materials
N-2213,"Yu H, Li GJ. Construction project investment estimation handbook. Beijing: China Architecture & Building Press; 1999.",Specific,Construction bill of materials
N-2214,"Yu H, Li GJ. Construction project investment estimation handbook. Beijing: China Architecture & Building Press; 1999.",Specific,Construction bill of materials
N-2215,"Yu H, Li GJ. Construction project investment estimation handbook. Beijing: China Architecture & Building Press; 1999.",Specific,Construction bill of materials
N-2216,"Yu H, Li GJ. Construction project investment estimation handbook. Beijing: China Architecture & Building Press; 1999.",Specific,Construction bill of materials
N-2217,"Yu H, Li GJ. Construction project investment estimation handbook. Beijing: China Architecture & Building Press; 1999.",Specific,Construction bill of materials
N-2218,"Yu H, Li GJ. Construction project investment estimation handbook. Beijing: China Architecture & Building Press; 1999.",Specific,Construction bill of materials
N-2219,"Yu H, Li GJ. Construction project investment estimation handbook. Beijing: China Architecture & Building Press; 1999.",Specific,Construction bill of materials
N-2220,"Yu H, Li GJ. Construction project investment estimation handbook. Beijing: China Architecture & Building Press; 1999.",Specific,Construction bill of materials
N-2221,"Yu H, Li GJ. Construction project investment estimation handbook. Beijing: China Architecture & Building Press; 1999.",Specific,Construction bill of materials
N-2222,"Yu H, Li GJ. Construction project investment estimation handbook. Beijing: China Architecture & Building Press; 1999.",Specific,Construction bill of materials
N-2223,"Yu H, Li GJ. Construction project investment estimation handbook. Beijing: China Architecture & Building Press; 1999.",Specific,Construction bill of materials
N-2224,"Yu H, Li GJ. Construction project investment estimation handbook. Beijing: China Architecture & Building Press; 1999.",Specific,Construction bill of materials
N-2225,"Yu H, Li GJ. Construction project investment estimation handbook. Beijing: China Architecture & Building Press; 1999.",Specific,Construction bill of materials
N-2226,"Yu H, Li GJ. Construction project investment estimation handbook. Beijing: China Architecture & Building Press; 1999.",Specific,Construction bill of materials
N-2227,"Yu H, Li GJ. Construction project investment estimation handbook. Beijing: China Architecture & Building Press; 1999.",Specific,Construction bill of materials
N-2228,"Yu H, Li GJ. Construction project investment estimation handbook. Beijing: China Architecture & Building Press; 1999.",Specific,Construction bill of materials
N-2229,"Yu H, Li GJ. Construction project investment estimation handbook. Beijing: China Architecture & Building Press; 1999.",Specific,Construction bill of materials
N-2230,"Yu H, Li GJ. Construction project investment estimation handbook. Beijing: China Architecture & Building Press; 1999.",Specific,Construction bill of materials
N-2231,"Yu H, Li GJ. Construction project investment estimation handbook. Beijing: China Architecture & Building Press; 1999.",Specific,Construction bill of materials
N-2232,"Yu H, Li GJ. Construction project investment estimation handbook. Beijing: China Architecture & Building Press; 1999.",Specific,Construction bill of materials
N-2233,"Yu H, Li GJ. Construction project investment estimation handbook. Beijing: China Architecture & Building Press; 1999.",Specific,Construction bill of materials
N-2234,"Yu H, Li GJ. Construction project investment estimation handbook. Beijing: China Architecture & Building Press; 1999.",Specific,Construction bill of materials
N-2235,"Yu H, Li GJ. Construction project investment estimation handbook. Beijing: China Architecture & Building Press; 1999.",Specific,Construction bill of materials
N-2236,"Yu H, Li GJ. Construction project investment estimation handbook. Beijing: China Architecture & Building Press; 1999.",Specific,Construction bill of materials
N-2237,"Yu H, Li GJ. Construction project investment estimation handbook. Beijing: China Architecture & Building Press; 1999.",Specific,Construction bill of materials
N-2238,"Yu H, Li GJ. Construction project investment estimation handbook. Beijing: China Architecture & Building Press; 1999.",Specific,Construction bill of materials
N-2239,"Yu H, Li GJ. Construction project investment estimation handbook. Beijing: China Architecture & Building Press; 1999.",Specific,Construction bill of materials
N-2240,"Yu H, Li GJ. Construction project investment estimation handbook. Beijing: China Architecture & Building Press; 1999.",Specific,Construction bill of materials
N-2241,"Yu H, Li GJ. Construction project investment estimation handbook. Beijing: China Architecture & Building Press; 1999.",Specific,Construction bill of materials
N-2242,"Yu H, Li GJ. Construction project investment estimation handbook. Beijing: China Architecture & Building Press; 1999.",Specific,Construction bill of materials
N-2243,"Yu H, Li GJ. Construction project investment estimation handbook. Beijing: China Architecture & Building Press; 1999.",Specific,Construction bill of materials
N-2244,"Yu H, Li GJ. Construction project investment estimation handbook. Beijing: China Architecture & Building Press; 1999.",Specific,Construction bill of materials
N-2245,"Yu H, Li GJ. Construction project investment estimation handbook. Beijing: China Architecture & Building Press; 1999.",Specific,Construction bill of materials
N-2246,"Yu H, Li GJ. Construction project investment estimation handbook. Beijing: China Architecture & Building Press; 1999.",Specific,Construction bill of materials
N-2247,"Yu H, Li GJ. Construction project investment estimation handbook. Beijing: China Architecture & Building Press; 1999.",Specific,Construction bill of materials
N-2248,"Yu H, Li GJ. Construction project investment estimation handbook. Beijing: China Architecture & Building Press; 1999.",Specific,Construction bill of materials
N-2249,"Yu H, Li GJ. Construction project investment estimation handbook. Beijing: China Architecture & Building Press; 1999.",Specific,Construction bill of materials
N-2250,"Yu H, Li GJ. Construction project investment estimation handbook. Beijing: China Architecture & Building Press; 1999.",Specific,Construction bill of materials
N-2251,Li Ling.Latest housing construction valuation handbook. Beijing: China Statistics Press; 2002.,Specific,Construction bill of materials
N-2252,Li Ling.Latest housing construction valuation handbook. Beijing: China Statistics Press; 2002.,Specific,Construction bill of materials
N-2253,Li Ling.Latest housing construction valuation handbook. Beijing: China Statistics Press; 2002.,Specific,Construction bill of materials
N-2254,Li Ling.Latest housing construction valuation handbook. Beijing: China Statistics Press; 2002.,Specific,Construction bill of materials
N-2255,Li Ling.Latest housing construction valuation handbook. Beijing: China Statistics Press; 2002.,Specific,Construction bill of materials
N-2256,Li Ling.Latest housing construction valuation handbook. Beijing: China Statistics Press; 2002.,Specific,Construction bill of materials
N-2257,Li Ling.Latest housing construction valuation handbook. Beijing: China Statistics Press; 2002.,Specific,Construction bill of materials
N-2258,Li Ling.Latest housing construction valuation handbook. Beijing: China Statistics Press; 2002.,Specific,Construction bill of materials
N-2259,Li Ling.Latest housing construction valuation handbook. Beijing: China Statistics Press; 2002.,Specific,Construction bill of materials
N-2260,Li Ling.Latest housing construction valuation handbook. Beijing: China Statistics Press; 2002.,Specific,Construction bill of materials
N-2261,Li Ling.Latest housing construction valuation handbook. Beijing: China Statistics Press; 2002.,Specific,Construction bill of materials
N-2262,Li Ling.Latest housing construction valuation handbook. Beijing: China Statistics Press; 2002.,Specific,Construction bill of materials
N-2263,Li Ling.Latest housing construction valuation handbook. Beijing: China Statistics Press; 2002.,Specific,Construction bill of materials
N-2264,Li Ling.Latest housing construction valuation handbook. Beijing: China Statistics Press; 2002.,Specific,Construction bill of materials
N-2265,Li Ling.Latest housing construction valuation handbook. Beijing: China Statistics Press; 2002.,Specific,Construction bill of materials
N-2266,Li Ling.Latest housing construction valuation handbook. Beijing: China Statistics Press; 2002.,Specific,Construction bill of materials
N-2267,Li Ling.Latest housing construction valuation handbook. Beijing: China Statistics Press; 2002.,Specific,Construction bill of materials
N-2268,Li Ling.Latest housing construction valuation handbook. Beijing: China Statistics Press; 2002.,Specific,Construction bill of materials
N-2269,Li Ling.Latest housing construction valuation handbook. Beijing: China Statistics Press; 2002.,Specific,Construction bill of materials
N-2270,Li Ling.Latest housing construction valuation handbook. Beijing: China Statistics Press; 2002.,Specific,Construction bill of materials
N-2271,Li Ling.Latest housing construction valuation handbook. Beijing: China Statistics Press; 2002.,Specific,Construction bill of materials
N-2272,Li Ling.Latest housing construction valuation handbook. Beijing: China Statistics Press; 2002.,Specific,Construction bill of materials
N-2273,Li Ling.Latest housing construction valuation handbook. Beijing: China Statistics Press; 2002.,Specific,Construction bill of materials
N-2274,Li Ling.Latest housing construction valuation handbook. Beijing: China Statistics Press; 2002.,Specific,Construction bill of materials
N-2275,Li Ling.Latest housing construction valuation handbook. Beijing: China Statistics Press; 2002.,Specific,Construction bill of materials
N-2276,Li Ling.Latest housing construction valuation handbook. Beijing: China Statistics Press; 2002.,Specific,Construction bill of materials
N-2277,Li Ling.Latest housing construction valuation handbook. Beijing: China Statistics Press; 2002.,Specific,Construction bill of materials
N-2278,Li Ling.Latest housing construction valuation handbook. Beijing: China Statistics Press; 2002.,Specific,Construction bill of materials
N-2279,Li Ling.Latest housing construction valuation handbook. Beijing: China Statistics Press; 2002.,Specific,Construction bill of materials
N-2280,Li Ling.Latest housing construction valuation handbook. Beijing: China Statistics Press; 2002.,Specific,Construction bill of materials
N-2281,Li Ling.Latest housing construction valuation handbook. Beijing: China Statistics Press; 2002.,Specific,Construction bill of materials
N-2282,Li Ling.Latest housing construction valuation handbook. Beijing: China Statistics Press; 2002.,Specific,Construction bill of materials
N-2283,Li Ling.Latest housing construction valuation handbook. Beijing: China Statistics Press; 2002.,Specific,Construction bill of materials
N-2284,Li Ling.Latest housing construction valuation handbook. Beijing: China Statistics Press; 2002.,Specific,Construction bill of materials
N-2285,Li Ling.Latest housing construction valuation handbook. Beijing: China Statistics Press; 2002.,Specific,Construction bill of materials
N-2286,Li Ling.Latest housing construction valuation handbook. Beijing: China Statistics Press; 2002.,Specific,Construction bill of materials
N-2287,Li Ling.Latest housing construction valuation handbook. Beijing: China Statistics Press; 2002.,Specific,Construction bill of materials
N-2288,Li Ling.Latest housing construction valuation handbook. Beijing: China Statistics Press; 2002.,Specific,Construction bill of materials
N-2289,Li Ling.Latest housing construction valuation handbook. Beijing: China Statistics Press; 2002.,Specific,Construction bill of materials
N-2290,Li Ling.Latest housing construction valuation handbook. Beijing: China Statistics Press; 2002.,Specific,Construction bill of materials
N-2291,Li Ling.Latest housing construction valuation handbook. Beijing: China Statistics Press; 2002.,Specific,Construction bill of materials
N-2292,Li Ling.Latest housing construction valuation handbook. Beijing: China Statistics Press; 2002.,Specific,Construction bill of materials
N-2293,Li Ling.Latest housing construction valuation handbook. Beijing: China Statistics Press; 2002.,Specific,Construction bill of materials
N-2294,Li Ling.Latest housing construction valuation handbook. Beijing: China Statistics Press; 2002.,Specific,Construction bill of materials
N-2295,Li Ling.Latest housing construction valuation handbook. Beijing: China Statistics Press; 2002.,Specific,Construction bill of materials
N-2296,Li Ling.Latest housing construction valuation handbook. Beijing: China Statistics Press; 2002.,Specific,Construction bill of materials
N-2297,Li Ling.Latest housing construction valuation handbook. Beijing: China Statistics Press; 2002.,Specific,Construction bill of materials
N-2298,Li Ling.Latest housing construction valuation handbook. Beijing: China Statistics Press; 2002.,Specific,Construction bill of materials
N-2299,Li Ling.Latest housing construction valuation handbook. Beijing: China Statistics Press; 2002.,Specific,Construction bill of materials
N-2300,Li Ling.Latest housing construction valuation handbook. Beijing: China Statistics Press; 2002.,Specific,Construction bill of materials
N-2301,Li Ling.Latest housing construction valuation handbook. Beijing: China Statistics Press; 2002.,Specific,Construction bill of materials
N-2302,Li Ling.Latest housing construction valuation handbook. Beijing: China Statistics Press; 2002.,Specific,Construction bill of materials
N-2303,Li Ling.Latest housing construction valuation handbook. Beijing: China Statistics Press; 2002.,Specific,Construction bill of materials
N-2304,Li Ling.Latest housing construction valuation handbook. Beijing: China Statistics Press; 2002.,Specific,Construction bill of materials
N-2305,Li Ling.Latest housing construction valuation handbook. Beijing: China Statistics Press; 2002.,Specific,Construction bill of materials
N-2306,Li Ling.Latest housing construction valuation handbook. Beijing: China Statistics Press; 2002.,Specific,Construction bill of materials
N-2307,Li Ling.Latest housing construction valuation handbook. Beijing: China Statistics Press; 2002.,Specific,Construction bill of materials
N-2308,Li Ling.Latest housing construction valuation handbook. Beijing: China Statistics Press; 2002.,Specific,Construction bill of materials
N-2309,Li Ling.Latest housing construction valuation handbook. Beijing: China Statistics Press; 2002.,Specific,Construction bill of materials
N-2310,Li Ling.Latest housing construction valuation handbook. Beijing: China Statistics Press; 2002.,Specific,Construction bill of materials
N-2311,Li Ling.Latest housing construction valuation handbook. Beijing: China Statistics Press; 2002.,Specific,Construction bill of materials
N-2312,Li Ling.Latest housing construction valuation handbook. Beijing: China Statistics Press; 2002.,Specific,Construction bill of materials
N-2313,Li Ling.Latest housing construction valuation handbook. Beijing: China Statistics Press; 2002.,Specific,Construction bill of materials
N-2314,Li Ling.Latest housing construction valuation handbook. Beijing: China Statistics Press; 2002.,Specific,Construction bill of materials
N-2315,Li Ling.Latest housing construction valuation handbook. Beijing: China Statistics Press; 2002.,Specific,Construction bill of materials
N-2316,Li Ling.Latest housing construction valuation handbook. Beijing: China Statistics Press; 2002.,Specific,Construction bill of materials
N-2317,Li Ling.Latest housing construction valuation handbook. Beijing: China Statistics Press; 2002.,Specific,Construction bill of materials
N-2318,Li Ling.Latest housing construction valuation handbook. Beijing: China Statistics Press; 2002.,Specific,Construction bill of materials
N-2319,Li Ling.Latest housing construction valuation handbook. Beijing: China Statistics Press; 2002.,Specific,Construction bill of materials
N-2320,Li Ling.Latest housing construction valuation handbook. Beijing: China Statistics Press; 2002.,Specific,Construction bill of materials
N-2321,Li Ling.Latest housing construction valuation handbook. Beijing: China Statistics Press; 2002.,Specific,Construction bill of materials
N-2322,Li Ling.Latest housing construction valuation handbook. Beijing: China Statistics Press; 2002.,Specific,Construction bill of materials
N-2323,Li Ling.Latest housing construction valuation handbook. Beijing: China Statistics Press; 2002.,Specific,Construction bill of materials
N-2324,Li Ling.Latest housing construction valuation handbook. Beijing: China Statistics Press; 2002.,Specific,Construction bill of materials
N-2325,Li Ling.Latest housing construction valuation handbook. Beijing: China Statistics Press; 2002.,Specific,Construction bill of materials
N-2326,Li Ling.Latest housing construction valuation handbook. Beijing: China Statistics Press; 2002.,Specific,Construction bill of materials
N-2327,Li Ling.Latest housing construction valuation handbook. Beijing: China Statistics Press; 2002.,Specific,Construction bill of materials
N-2328,Li Ling.Latest housing construction valuation handbook. Beijing: China Statistics Press; 2002.,Specific,Construction bill of materials
N-2329,Li Ling.Latest housing construction valuation handbook. Beijing: China Statistics Press; 2002.,Specific,Construction bill of materials
N-2330,Li Ling.Latest housing construction valuation handbook. Beijing: China Statistics Press; 2002.,Specific,Construction bill of materials
N-2331,Li Ling.Latest housing construction valuation handbook. Beijing: China Statistics Press; 2002.,Specific,Construction bill of materials
N-2332,Li Ling.Latest housing construction valuation handbook. Beijing: China Statistics Press; 2002.,Specific,Construction bill of materials
N-2333,Li Ling.Latest housing construction valuation handbook. Beijing: China Statistics Press; 2002.,Specific,Construction bill of materials
N-2334,Li Ling.Latest housing construction valuation handbook. Beijing: China Statistics Press; 2002.,Specific,Construction bill of materials
N-2335,Li Ling.Latest housing construction valuation handbook. Beijing: China Statistics Press; 2002.,Specific,Construction bill of materials
N-2336,Li Ling.Latest housing construction valuation handbook. Beijing: China Statistics Press; 2002.,Specific,Construction bill of materials
N-2337,Li Ling.Latest housing construction valuation handbook. Beijing: China Statistics Press; 2002.,Specific,Construction bill of materials
N-2338,Li Ling.Latest housing construction valuation handbook. Beijing: China Statistics Press; 2002.,Specific,Construction bill of materials
N-2339,Li Ling.Latest housing construction valuation handbook. Beijing: China Statistics Press; 2002.,Specific,Construction bill of materials
N-2340,Li Ling.Latest housing construction valuation handbook. Beijing: China Statistics Press; 2002.,Specific,Construction bill of materials
N-2341,Li Ling.Latest housing construction valuation handbook. Beijing: China Statistics Press; 2002.,Specific,Construction bill of materials
N-2342,Li Ling.Latest housing construction valuation handbook. Beijing: China Statistics Press; 2002.,Specific,Construction bill of materials
N-2343,Li Ling.Latest housing construction valuation handbook. Beijing: China Statistics Press; 2002.,Specific,Construction bill of materials
N-2344,Li Ling.Latest housing construction valuation handbook. Beijing: China Statistics Press; 2002.,Specific,Construction bill of materials
N-2345,Li Ling.Latest housing construction valuation handbook. Beijing: China Statistics Press; 2002.,Specific,Construction bill of materials
N-2346,Li Ling.Latest housing construction valuation handbook. Beijing: China Statistics Press; 2002.,Specific,Construction bill of materials
N-2347,Li Ling.Latest housing construction valuation handbook. Beijing: China Statistics Press; 2002.,Specific,Construction bill of materials
N-2348,Li Ling.Latest housing construction valuation handbook. Beijing: China Statistics Press; 2002.,Specific,Construction bill of materials
N-2349,Li Ling.Latest housing construction valuation handbook. Beijing: China Statistics Press; 2002.,Specific,Construction bill of materials
N-2350,Li Ling.Latest housing construction valuation handbook. Beijing: China Statistics Press; 2002.,Specific,Construction bill of materials
N-2351,Li Ling.Latest housing construction valuation handbook. Beijing: China Statistics Press; 2002.,Specific,Construction bill of materials
N-2352,Li Ling.Latest housing construction valuation handbook. Beijing: China Statistics Press; 2002.,Specific,Construction bill of materials
N-2353,Li Ling.Latest housing construction valuation handbook. Beijing: China Statistics Press; 2002.,Specific,Construction bill of materials
N-2354,Li Ling.Latest housing construction valuation handbook. Beijing: China Statistics Press; 2002.,Specific,Construction bill of materials
N-2355,Li Ling.Latest housing construction valuation handbook. Beijing: China Statistics Press; 2002.,Specific,Construction bill of materials
N-2356,Li Ling.Latest housing construction valuation handbook. Beijing: China Statistics Press; 2002.,Specific,Construction bill of materials
N-2357,Li Ling.Latest housing construction valuation handbook. Beijing: China Statistics Press; 2002.,Specific,Construction bill of materials
N-2358,Li Ling.Latest housing construction valuation handbook. Beijing: China Statistics Press; 2002.,Specific,Construction bill of materials
N-2359,Li Ling.Latest housing construction valuation handbook. Beijing: China Statistics Press; 2002.,Specific,Construction bill of materials
N-2360,Li Ling.Latest housing construction valuation handbook. Beijing: China Statistics Press; 2002.,Specific,Construction bill of materials
N-2361,Li Ling.Latest housing construction valuation handbook. Beijing: China Statistics Press; 2002.,Specific,Construction bill of materials
N-2362,Li Ling.Latest housing construction valuation handbook. Beijing: China Statistics Press; 2002.,Specific,Construction bill of materials
N-2363,Li Ling.Latest housing construction valuation handbook. Beijing: China Statistics Press; 2002.,Specific,Construction bill of materials
N-2364,Li Ling.Latest housing construction valuation handbook. Beijing: China Statistics Press; 2002.,Specific,Construction bill of materials
N-2365,Li Ling.Latest housing construction valuation handbook. Beijing: China Statistics Press; 2002.,Specific,Construction bill of materials
N-2366,Li Ling.Latest housing construction valuation handbook. Beijing: China Statistics Press; 2002.,Specific,Construction bill of materials
N-2367,Li Ling.Latest housing construction valuation handbook. Beijing: China Statistics Press; 2002.,Specific,Construction bill of materials
N-2368,Li Ling.Latest housing construction valuation handbook. Beijing: China Statistics Press; 2002.,Specific,Construction bill of materials
N-2369,Li Ling.Latest housing construction valuation handbook. Beijing: China Statistics Press; 2002.,Specific,Construction bill of materials
N-2370,Li Ling.Latest housing construction valuation handbook. Beijing: China Statistics Press; 2002.,Specific,Construction bill of materials
N-2371,Li Ling.Latest housing construction valuation handbook. Beijing: China Statistics Press; 2002.,Specific,Construction bill of materials
N-2372,Li Ling.Latest housing construction valuation handbook. Beijing: China Statistics Press; 2002.,Specific,Construction bill of materials
N-2373,Li Ling.Latest housing construction valuation handbook. Beijing: China Statistics Press; 2002.,Specific,Construction bill of materials
N-2374,Li Ling.Latest housing construction valuation handbook. Beijing: China Statistics Press; 2002.,Specific,Construction bill of materials
N-2375,Li Ling.Latest housing construction valuation handbook. Beijing: China Statistics Press; 2002.,Specific,Construction bill of materials
N-2376,Li Ling.Latest housing construction valuation handbook. Beijing: China Statistics Press; 2002.,Specific,Construction bill of materials
N-2377,Li Ling.Latest housing construction valuation handbook. Beijing: China Statistics Press; 2002.,Specific,Construction bill of materials
N-2378,Li Ling.Latest housing construction valuation handbook. Beijing: China Statistics Press; 2002.,Specific,Construction bill of materials
N-2379,Li Ling.Latest housing construction valuation handbook. Beijing: China Statistics Press; 2002.,Specific,Construction bill of materials
N-2380,Li Ling.Latest housing construction valuation handbook. Beijing: China Statistics Press; 2002.,Specific,Construction bill of materials
N-2381,Li Ling.Latest housing construction valuation handbook. Beijing: China Statistics Press; 2002.,Specific,Construction bill of materials
N-2382,Li Ling.Latest housing construction valuation handbook. Beijing: China Statistics Press; 2002.,Specific,Construction bill of materials
N-2383,Li Ling.Latest housing construction valuation handbook. Beijing: China Statistics Press; 2002.,Specific,Construction bill of materials
N-2384,Li Ling.Latest housing construction valuation handbook. Beijing: China Statistics Press; 2002.,Specific,Construction bill of materials
N-2385,Li Ling.Latest housing construction valuation handbook. Beijing: China Statistics Press; 2002.,Specific,Construction bill of materials
N-2386,Li Ling.Latest housing construction valuation handbook. Beijing: China Statistics Press; 2002.,Specific,Construction bill of materials
N-2387,Li Ling.Latest housing construction valuation handbook. Beijing: China Statistics Press; 2002.,Specific,Construction bill of materials
N-2388,Li Ling.Latest housing construction valuation handbook. Beijing: China Statistics Press; 2002.,Specific,Construction bill of materials
N-2389,Li Ling.Latest housing construction valuation handbook. Beijing: China Statistics Press; 2002.,Specific,Construction bill of materials
N-2390,Li Ling.Latest housing construction valuation handbook. Beijing: China Statistics Press; 2002.,Specific,Construction bill of materials
N-2391,Li Ling.Latest housing construction valuation handbook. Beijing: China Statistics Press; 2002.,Specific,Construction bill of materials
N-2392,Li Ling.Latest housing construction valuation handbook. Beijing: China Statistics Press; 2002.,Specific,Construction bill of materials
N-2393,Li Ling.Latest housing construction valuation handbook. Beijing: China Statistics Press; 2002.,Specific,Construction bill of materials
N-2394,Li Ling.Latest housing construction valuation handbook. Beijing: China Statistics Press; 2002.,Specific,Construction bill of materials
N-2395,Li Ling.Latest housing construction valuation handbook. Beijing: China Statistics Press; 2002.,Specific,Construction bill of materials
N-2396,Li Ling.Latest housing construction valuation handbook. Beijing: China Statistics Press; 2002.,Specific,Construction bill of materials
N-2397,Li Ling.Latest housing construction valuation handbook. Beijing: China Statistics Press; 2002.,Specific,Construction bill of materials
N-2398,Li Ling.Latest housing construction valuation handbook. Beijing: China Statistics Press; 2002.,Specific,Construction bill of materials
N-2399,Li Ling.Latest housing construction valuation handbook. Beijing: China Statistics Press; 2002.,Specific,Construction bill of materials
N-2400,Li Ling.Latest housing construction valuation handbook. Beijing: China Statistics Press; 2002.,Specific,Construction bill of materials
N-2401,Li Ling.Latest housing construction valuation handbook. Beijing: China Statistics Press; 2002.,Specific,Construction bill of materials
N-2402,Li Ling.Latest housing construction valuation handbook. Beijing: China Statistics Press; 2002.,Specific,Construction bill of materials
N-2403,Li Ling.Latest housing construction valuation handbook. Beijing: China Statistics Press; 2002.,Specific,Construction bill of materials
N-2404,Li Ling.Latest housing construction valuation handbook. Beijing: China Statistics Press; 2002.,Specific,Construction bill of materials
N-2405,Li Ling.Latest housing construction valuation handbook. Beijing: China Statistics Press; 2002.,Specific,Construction bill of materials
N-2406,Li Ling.Latest housing construction valuation handbook. Beijing: China Statistics Press; 2002.,Specific,Construction bill of materials
N-2407,Li Ling.Latest housing construction valuation handbook. Beijing: China Statistics Press; 2002.,Specific,Construction bill of materials
N-2408,Li Ling.Latest housing construction valuation handbook. Beijing: China Statistics Press; 2002.,Specific,Construction bill of materials
N-2409,Li Ling.Latest housing construction valuation handbook. Beijing: China Statistics Press; 2002.,Specific,Construction bill of materials
N-2410,Li Ling.Latest housing construction valuation handbook. Beijing: China Statistics Press; 2002.,Specific,Construction bill of materials
N-2411,Li Ling.Latest housing construction valuation handbook. Beijing: China Statistics Press; 2002.,Specific,Construction bill of materials
N-2412,Li Ling.Latest housing construction valuation handbook. Beijing: China Statistics Press; 2002.,Specific,Construction bill of materials
N-2413,Li Ling.Latest housing construction valuation handbook. Beijing: China Statistics Press; 2002.,Specific,Construction bill of materials
N-2414,Li Ling.Latest housing construction valuation handbook. Beijing: China Statistics Press; 2002.,Specific,Construction bill of materials
N-2415,Li Ling.Latest housing construction valuation handbook. Beijing: China Statistics Press; 2002.,Specific,Construction bill of materials
N-2416,Li Ling.Latest housing construction valuation handbook. Beijing: China Statistics Press; 2002.,Specific,Construction bill of materials
N-2417,Li Ling.Latest housing construction valuation handbook. Beijing: China Statistics Press; 2002.,Specific,Construction bill of materials
N-2418,Li Ling.Latest housing construction valuation handbook. Beijing: China Statistics Press; 2002.,Specific,Construction bill of materials
N-2419,Li Ling.Latest housing construction valuation handbook. Beijing: China Statistics Press; 2002.,Specific,Construction bill of materials
N-2420,Li Ling.Latest housing construction valuation handbook. Beijing: China Statistics Press; 2002.,Specific,Construction bill of materials
N-2421,Li Ling.Latest housing construction valuation handbook. Beijing: China Statistics Press; 2002.,Specific,Construction bill of materials
N-2422,Li Ling.Latest housing construction valuation handbook. Beijing: China Statistics Press; 2002.,Specific,Construction bill of materials
N-2423,Li Ling.Latest housing construction valuation handbook. Beijing: China Statistics Press; 2002.,Specific,Construction bill of materials
N-2424,Li Ling.Latest housing construction valuation handbook. Beijing: China Statistics Press; 2002.,Specific,Construction bill of materials
N-2425,Li Ling.Latest housing construction valuation handbook. Beijing: China Statistics Press; 2002.,Specific,Construction bill of materials
N-2426,Li Ling.Latest housing construction valuation handbook. Beijing: China Statistics Press; 2002.,Specific,Construction bill of materials
N-2427,Li Ling.Latest housing construction valuation handbook. Beijing: China Statistics Press; 2002.,Specific,Construction bill of materials
N-2428,Li Ling.Latest housing construction valuation handbook. Beijing: China Statistics Press; 2002.,Specific,Construction bill of materials
N-2429,Li Ling.Latest housing construction valuation handbook. Beijing: China Statistics Press; 2002.,Specific,Construction bill of materials
N-2430,Li Ling.Latest housing construction valuation handbook. Beijing: China Statistics Press; 2002.,Specific,Construction bill of materials
N-2431,Li Ling.Latest housing construction valuation handbook. Beijing: China Statistics Press; 2002.,Specific,Construction bill of materials
N-2432,Li Ling.Latest housing construction valuation handbook. Beijing: China Statistics Press; 2002.,Specific,Construction bill of materials
N-2433,Li Ling.Latest housing construction valuation handbook. Beijing: China Statistics Press; 2002.,Specific,Construction bill of materials
N-2434,Li Ling.Latest housing construction valuation handbook. Beijing: China Statistics Press; 2002.,Specific,Construction bill of materials
N-2435,Li Ling.Latest housing construction valuation handbook. Beijing: China Statistics Press; 2002.,Specific,Construction bill of materials
N-2436,Li Ling.Latest housing construction valuation handbook. Beijing: China Statistics Press; 2002.,Specific,Construction bill of materials
N-2437,Li Ling.Latest housing construction valuation handbook. Beijing: China Statistics Press; 2002.,Specific,Construction bill of materials
N-2438,Li Ling.Latest housing construction valuation handbook. Beijing: China Statistics Press; 2002.,Specific,Construction bill of materials
N-2439,Li Ling.Latest housing construction valuation handbook. Beijing: China Statistics Press; 2002.,Specific,Construction bill of materials
N-2440,Li Ling.Latest housing construction valuation handbook. Beijing: China Statistics Press; 2002.,Specific,Construction bill of materials
N-2441,Li Ling.Latest housing construction valuation handbook. Beijing: China Statistics Press; 2002.,Specific,Construction bill of materials
N-2442,Li Ling.Latest housing construction valuation handbook. Beijing: China Statistics Press; 2002.,Specific,Construction bill of materials
N-2443,Li Ling.Latest housing construction valuation handbook. Beijing: China Statistics Press; 2002.,Specific,Construction bill of materials
N-2444,Li Ling.Latest housing construction valuation handbook. Beijing: China Statistics Press; 2002.,Specific,Construction bill of materials
N-2445,Li Ling.Latest housing construction valuation handbook. Beijing: China Statistics Press; 2002.,Specific,Construction bill of materials
N-2446,Li Ling.Latest housing construction valuation handbook. Beijing: China Statistics Press; 2002.,Specific,Construction bill of materials
N-2447,Li Ling.Latest housing construction valuation handbook. Beijing: China Statistics Press; 2002.,Specific,Construction bill of materials
N-2448,Li Ling.Latest housing construction valuation handbook. Beijing: China Statistics Press; 2002.,Specific,Construction bill of materials
N-2449,Li Ling.Latest housing construction valuation handbook. Beijing: China Statistics Press; 2002.,Specific,Construction bill of materials
N-2450,Li Ling.Latest housing construction valuation handbook. Beijing: China Statistics Press; 2002.,Specific,Construction bill of materials
N-2451,Li Ling.Latest housing construction valuation handbook. Beijing: China Statistics Press; 2002.,Specific,Construction bill of materials
N-2452,Li Ling.Latest housing construction valuation handbook. Beijing: China Statistics Press; 2002.,Specific,Construction bill of materials
N-2453,Li Ling.Latest housing construction valuation handbook. Beijing: China Statistics Press; 2002.,Specific,Construction bill of materials
N-2454,Li Ling.Latest housing construction valuation handbook. Beijing: China Statistics Press; 2002.,Specific,Construction bill of materials
N-2455,Li Ling.Latest housing construction valuation handbook. Beijing: China Statistics Press; 2002.,Specific,Construction bill of materials
N-2456,Li Ling.Latest housing construction valuation handbook. Beijing: China Statistics Press; 2002.,Specific,Construction bill of materials
N-2457,Li Ling.Latest housing construction valuation handbook. Beijing: China Statistics Press; 2002.,Specific,Construction bill of materials
N-2458,Li Ling.Latest housing construction valuation handbook. Beijing: China Statistics Press; 2002.,Specific,Construction bill of materials
N-2459,Li Ling.Latest housing construction valuation handbook. Beijing: China Statistics Press; 2002.,Specific,Construction bill of materials
N-2460,Li Ling.Latest housing construction valuation handbook. Beijing: China Statistics Press; 2002.,Specific,Construction bill of materials
N-2461,Li Ling.Latest housing construction valuation handbook. Beijing: China Statistics Press; 2002.,Specific,Construction bill of materials
N-2462,Li Ling.Latest housing construction valuation handbook. Beijing: China Statistics Press; 2002.,Specific,Construction bill of materials
N-2463,Li Ling.Latest housing construction valuation handbook. Beijing: China Statistics Press; 2002.,Specific,Construction bill of materials
N-2464,Li Ling.Latest housing construction valuation handbook. Beijing: China Statistics Press; 2002.,Specific,Construction bill of materials
N-2465,Li Ling.Latest housing construction valuation handbook. Beijing: China Statistics Press; 2002.,Specific,Construction bill of materials
N-2466,Li Ling.Latest housing construction valuation handbook. Beijing: China Statistics Press; 2002.,Specific,Construction bill of materials
N-2467,Li Ling.Latest housing construction valuation handbook. Beijing: China Statistics Press; 2002.,Specific,Construction bill of materials
N-2468,Li Ling.Latest housing construction valuation handbook. Beijing: China Statistics Press; 2002.,Specific,Construction bill of materials
N-2469,Li Ling.Latest housing construction valuation handbook. Beijing: China Statistics Press; 2002.,Specific,Construction bill of materials
N-2470,Li Ling.Latest housing construction valuation handbook. Beijing: China Statistics Press; 2002.,Specific,Construction bill of materials
N-2471,Li Ling.Latest housing construction valuation handbook. Beijing: China Statistics Press; 2002.,Specific,Construction bill of materials
N-2472,Li Ling.Latest housing construction valuation handbook. Beijing: China Statistics Press; 2002.,Specific,Construction bill of materials
N-2473,Li Ling.Latest housing construction valuation handbook. Beijing: China Statistics Press; 2002.,Specific,Construction bill of materials
N-2474,Li Ling.Latest housing construction valuation handbook. Beijing: China Statistics Press; 2002.,Specific,Construction bill of materials
N-2475,Li Ling.Latest housing construction valuation handbook. Beijing: China Statistics Press; 2002.,Specific,Construction bill of materials
N-2476,Li Ling.Latest housing construction valuation handbook. Beijing: China Statistics Press; 2002.,Specific,Construction bill of materials
N-2477,Li Ling.Latest housing construction valuation handbook. Beijing: China Statistics Press; 2002.,Specific,Construction bill of materials
N-2478,Li Ling.Latest housing construction valuation handbook. Beijing: China Statistics Press; 2002.,Specific,Construction bill of materials
N-2479,Li Ling.Latest housing construction valuation handbook. Beijing: China Statistics Press; 2002.,Specific,Construction bill of materials
N-2480,Li Ling.Latest housing construction valuation handbook. Beijing: China Statistics Press; 2002.,Specific,Construction bill of materials
N-2481,Li Ling.Latest housing construction valuation handbook. Beijing: China Statistics Press; 2002.,Specific,Construction bill of materials
N-2482,Li Ling.Latest housing construction valuation handbook. Beijing: China Statistics Press; 2002.,Specific,Construction bill of materials
N-2483,Li Ling.Latest housing construction valuation handbook. Beijing: China Statistics Press; 2002.,Specific,Construction bill of materials
N-2484,Li Ling.Latest housing construction valuation handbook. Beijing: China Statistics Press; 2002.,Specific,Construction bill of materials
N-2485,Li Ling.Latest housing construction valuation handbook. Beijing: China Statistics Press; 2002.,Specific,Construction bill of materials
N-2486,Li Ling.Latest housing construction valuation handbook. Beijing: China Statistics Press; 2002.,Specific,Construction bill of materials
N-2487,Li Ling.Latest housing construction valuation handbook. Beijing: China Statistics Press; 2002.,Specific,Construction bill of materials
N-2488,Li Ling.Latest housing construction valuation handbook. Beijing: China Statistics Press; 2002.,Specific,Construction bill of materials
N-2489,Li Ling.Latest housing construction valuation handbook. Beijing: China Statistics Press; 2002.,Specific,Construction bill of materials
N-2490,Li Ling.Latest housing construction valuation handbook. Beijing: China Statistics Press; 2002.,Specific,Construction bill of materials
N-2491,Li Ling.Latest housing construction valuation handbook. Beijing: China Statistics Press; 2002.,Specific,Construction bill of materials
N-2492,Li Ling.Latest housing construction valuation handbook. Beijing: China Statistics Press; 2002.,Specific,Construction bill of materials
N-2493,Li Ling.Latest housing construction valuation handbook. Beijing: China Statistics Press; 2002.,Specific,Construction bill of materials
N-2494,Li Ling.Latest housing construction valuation handbook. Beijing: China Statistics Press; 2002.,Specific,Construction bill of materials
N-2495,Li Ling.Latest housing construction valuation handbook. Beijing: China Statistics Press; 2002.,Specific,Construction bill of materials
N-2496,Li Ling.Latest housing construction valuation handbook. Beijing: China Statistics Press; 2002.,Specific,Construction bill of materials
N-2497,Li Ling.Latest housing construction valuation handbook. Beijing: China Statistics Press; 2002.,Specific,Construction bill of materials
N-2498,Li Ling.Latest housing construction valuation handbook. Beijing: China Statistics Press; 2002.,Specific,Construction bill of materials
N-2499,Li Ling.Latest housing construction valuation handbook. Beijing: China Statistics Press; 2002.,Specific,Construction bill of materials
N-2500,Li Ling.Latest housing construction valuation handbook. Beijing: China Statistics Press; 2002.,Specific,Construction bill of materials
N-2501,Li Ling.Latest housing construction valuation handbook. Beijing: China Statistics Press; 2002.,Specific,Construction bill of materials
N-2502,Li Ling.Latest housing construction valuation handbook. Beijing: China Statistics Press; 2002.,Specific,Construction bill of materials
N-2503,Li Ling.Latest housing construction valuation handbook. Beijing: China Statistics Press; 2002.,Specific,Construction bill of materials
N-2504,Li Ling.Latest housing construction valuation handbook. Beijing: China Statistics Press; 2002.,Specific,Construction bill of materials
N-2505,Li Ling.Latest housing construction valuation handbook. Beijing: China Statistics Press; 2002.,Specific,Construction bill of materials
N-2506,Li Ling.Latest housing construction valuation handbook. Beijing: China Statistics Press; 2002.,Specific,Construction bill of materials
N-2507,Li Ling.Latest housing construction valuation handbook. Beijing: China Statistics Press; 2002.,Specific,Construction bill of materials
N-2508,Li Ling.Latest housing construction valuation handbook. Beijing: China Statistics Press; 2002.,Specific,Construction bill of materials
N-2509,Li Ling.Latest housing construction valuation handbook. Beijing: China Statistics Press; 2002.,Specific,Construction bill of materials
N-2510,Li Ling.Latest housing construction valuation handbook. Beijing: China Statistics Press; 2002.,Specific,Construction bill of materials
N-2511,Li Ling.Latest housing construction valuation handbook. Beijing: China Statistics Press; 2002.,Specific,Construction bill of materials
N-2512,Li Ling.Latest housing construction valuation handbook. Beijing: China Statistics Press; 2002.,Specific,Construction bill of materials
N-2513,Li Ling.Latest housing construction valuation handbook. Beijing: China Statistics Press; 2002.,Specific,Construction bill of materials
N-2514,Li Ling.Latest housing construction valuation handbook. Beijing: China Statistics Press; 2002.,Specific,Construction bill of materials
N-2515,Li Ling.Latest housing construction valuation handbook. Beijing: China Statistics Press; 2002.,Specific,Construction bill of materials
N-2516,Li Ling.Latest housing construction valuation handbook. Beijing: China Statistics Press; 2002.,Specific,Construction bill of materials
N-2517,Li Ling.Latest housing construction valuation handbook. Beijing: China Statistics Press; 2002.,Specific,Construction bill of materials
N-2518,Li Ling.Latest housing construction valuation handbook. Beijing: China Statistics Press; 2002.,Specific,Construction bill of materials
N-2519,"Kleemann, F., Lederer, J., Rechberger, H. & Fellner, J. GIS-based Analysis of Vienna’s Material Stock in Buildings. J. Ind. Ecol. 21, 368–380 (2017).",Specific,Field survey
N-2520,"Kleemann, F., Lederer, J., Rechberger, H. & Fellner, J. GIS-based Analysis of Vienna’s Material Stock in Buildings. J. Ind. Ecol. 21, 368–380 (2017).",Specific,Construction bill of materials
N-2521,"Kleemann, F., Lederer, J., Rechberger, H. & Fellner, J. GIS-based Analysis of Vienna’s Material Stock in Buildings. J. Ind. Ecol. 21, 368–380 (2017).",Specific,Construction bill of materials
N-2522,"Kleemann, F., Lederer, J., Rechberger, H. & Fellner, J. GIS-based Analysis of Vienna’s Material Stock in Buildings. J. Ind. Ecol. 21, 368–380 (2017).",Specific,Construction bill of materials
N-2523,"Kleemann, F., Lederer, J., Rechberger, H. & Fellner, J. GIS-based Analysis of Vienna’s Material Stock in Buildings. J. Ind. Ecol. 21, 368–380 (2017).",Specific,Construction bill of materials
N-2524,"Kleemann, F., Lederer, J., Rechberger, H. & Fellner, J. GIS-based Analysis of Vienna’s Material Stock in Buildings. J. Ind. Ecol. 21, 368–380 (2017).",Specific,Construction bill of materials
N-2525,"Kleemann, F., Lederer, J., Rechberger, H. & Fellner, J. GIS-based Analysis of Vienna’s Material Stock in Buildings. J. Ind. Ecol. 21, 368–380 (2017).",Specific,Construction bill of materials
N-2526,"Kleemann, F., Lederer, J., Rechberger, H. & Fellner, J. GIS-based Analysis of Vienna’s Material Stock in Buildings. J. Ind. Ecol. 21, 368–380 (2017).",Specific,Construction bill of materials
N-2527,"Kleemann, F., Lederer, J., Rechberger, H. & Fellner, J. GIS-based Analysis of Vienna’s Material Stock in Buildings. J. Ind. Ecol. 21, 368–380 (2017).",Specific,Construction bill of materials
N-2528,"Kleemann, F., Lederer, J., Rechberger, H. & Fellner, J. GIS-based Analysis of Vienna’s Material Stock in Buildings. J. Ind. Ecol. 21, 368–380 (2017).",Specific,Construction bill of materials
N-2529,"Kleemann, F., Lederer, J., Rechberger, H. & Fellner, J. GIS-based Analysis of Vienna’s Material Stock in Buildings. J. Ind. Ecol. 21, 368–380 (2017).",Specific,Construction bill of materials
N-2530,"Kleemann, F., Lederer, J., Rechberger, H. & Fellner, J. GIS-based Analysis of Vienna’s Material Stock in Buildings. J. Ind. Ecol. 21, 368–380 (2017).",Specific,Field survey
N-2531,"Kleemann, F., Lederer, J., Rechberger, H. & Fellner, J. GIS-based Analysis of Vienna’s Material Stock in Buildings. J. Ind. Ecol. 21, 368–380 (2017).",Specific,Field survey
N-2532,"Kleemann, F., Lederer, J., Rechberger, H. & Fellner, J. GIS-based Analysis of Vienna’s Material Stock in Buildings. J. Ind. Ecol. 21, 368–380 (2017).",Specific,Construction bill of materials
N-2533,"Kleemann, F., Lederer, J., Rechberger, H. & Fellner, J. GIS-based Analysis of Vienna’s Material Stock in Buildings. J. Ind. Ecol. 21, 368–380 (2017).",Specific,Construction bill of materials
N-2534,"Kleemann, F., Lederer, J., Rechberger, H. & Fellner, J. GIS-based Analysis of Vienna’s Material Stock in Buildings. J. Ind. Ecol. 21, 368–380 (2017).",Specific,Construction bill of materials
N-2535,"Kleemann, F., Lederer, J., Rechberger, H. & Fellner, J. GIS-based Analysis of Vienna’s Material Stock in Buildings. J. Ind. Ecol. 21, 368–380 (2017).",Specific,Construction bill of materials
N-2536,"Kleemann, F., Lederer, J., Rechberger, H. & Fellner, J. GIS-based Analysis of Vienna’s Material Stock in Buildings. J. Ind. Ecol. 21, 368–380 (2017).",Specific,Field survey
N-2537,"Kleemann, F., Lederer, J., Rechberger, H. & Fellner, J. GIS-based Analysis of Vienna’s Material Stock in Buildings. J. Ind. Ecol. 21, 368–380 (2017).",Specific,Field survey
N-2538,"Kleemann, F., Lederer, J., Rechberger, H. & Fellner, J. GIS-based Analysis of Vienna’s Material Stock in Buildings. J. Ind. Ecol. 21, 368–380 (2017).",Specific,Field survey
N-2539,"Kleemann, F., Lederer, J., Rechberger, H. & Fellner, J. GIS-based Analysis of Vienna’s Material Stock in Buildings. J. Ind. Ecol. 21, 368–380 (2017).",Specific,Construction bill of materials
N-2540,"Kleemann, F., Lederer, J., Rechberger, H. & Fellner, J. GIS-based Analysis of Vienna’s Material Stock in Buildings. J. Ind. Ecol. 21, 368–380 (2017).",Specific,Construction bill of materials
N-2541,"Kleemann, F., Lederer, J., Rechberger, H. & Fellner, J. GIS-based Analysis of Vienna’s Material Stock in Buildings. J. Ind. Ecol. 21, 368–380 (2017).",Specific,Construction bill of materials
N-2542,"Kleemann, F., Lederer, J., Rechberger, H. & Fellner, J. GIS-based Analysis of Vienna’s Material Stock in Buildings. J. Ind. Ecol. 21, 368–380 (2017).",Specific,Construction bill of materials
N-2543,"Kleemann, F., Lederer, J., Rechberger, H. & Fellner, J. GIS-based Analysis of Vienna’s Material Stock in Buildings. J. Ind. Ecol. 21, 368–380 (2017).",Specific,Construction bill of materials
N-2544,"Kleemann, F., Lederer, J., Rechberger, H. & Fellner, J. GIS-based Analysis of Vienna’s Material Stock in Buildings. J. Ind. Ecol. 21, 368–380 (2017).",Specific,Construction bill of materials
N-2545,"Kleemann, F., Lederer, J., Rechberger, H. & Fellner, J. GIS-based Analysis of Vienna’s Material Stock in Buildings. J. Ind. Ecol. 21, 368–380 (2017).",Specific,Construction bill of materials
N-2546,"Kleemann, F., Lederer, J., Rechberger, H. & Fellner, J. GIS-based Analysis of Vienna’s Material Stock in Buildings. J. Ind. Ecol. 21, 368–380 (2017).",Specific,Construction bill of materials
N-2547,"Kleemann, F., Lederer, J., Rechberger, H. & Fellner, J. GIS-based Analysis of Vienna’s Material Stock in Buildings. J. Ind. Ecol. 21, 368–380 (2017).",Specific,Construction bill of materials
N-2548,"Kleemann, F., Lederer, J., Rechberger, H. & Fellner, J. GIS-based Analysis of Vienna’s Material Stock in Buildings. J. Ind. Ecol. 21, 368–380 (2017).",Specific,Construction bill of materials
N-2549,"Kleemann, F., Lederer, J., Rechberger, H. & Fellner, J. GIS-based Analysis of Vienna’s Material Stock in Buildings. J. Ind. Ecol. 21, 368–380 (2017).",Specific,Construction bill of materials
N-2550,"Kleemann, F., Lederer, J., Rechberger, H. & Fellner, J. GIS-based Analysis of Vienna’s Material Stock in Buildings. J. Ind. Ecol. 21, 368–380 (2017).",Specific,Construction bill of materials
N-2551,"Kleemann, F., Lederer, J., Rechberger, H. & Fellner, J. GIS-based Analysis of Vienna’s Material Stock in Buildings. J. Ind. Ecol. 21, 368–380 (2017).",Specific,Construction bill of materials
N-2552,"Kleemann, F., Lederer, J., Rechberger, H. & Fellner, J. GIS-based Analysis of Vienna’s Material Stock in Buildings. J. Ind. Ecol. 21, 368–380 (2017).",Specific,Construction bill of materials
N-2553,"Kleemann, F., Lederer, J., Rechberger, H. & Fellner, J. GIS-based Analysis of Vienna’s Material Stock in Buildings. J. Ind. Ecol. 21, 368–380 (2017).",Specific,Construction bill of materials
N-2554,"Kleemann, F., Lederer, J., Rechberger, H. & Fellner, J. GIS-based Analysis of Vienna’s Material Stock in Buildings. J. Ind. Ecol. 21, 368–380 (2017).",Specific,Construction bill of materials
N-2555,"Kleemann, F., Lederer, J., Rechberger, H. & Fellner, J. GIS-based Analysis of Vienna’s Material Stock in Buildings. J. Ind. Ecol. 21, 368–380 (2017).",Specific,Construction bill of materials
N-2556,"Kleemann, F., Lederer, J., Rechberger, H. & Fellner, J. GIS-based Analysis of Vienna’s Material Stock in Buildings. J. Ind. Ecol. 21, 368–380 (2017).",Specific,Construction bill of materials
N-2557,"Kleemann, F., Lederer, J., Rechberger, H. & Fellner, J. GIS-based Analysis of Vienna’s Material Stock in Buildings. J. Ind. Ecol. 21, 368–380 (2017).",Specific,unspecified
N-2558,"Kleemann, F., Lederer, J., Rechberger, H. & Fellner, J. GIS-based Analysis of Vienna’s Material Stock in Buildings. J. Ind. Ecol. 21, 368–380 (2017).",Specific,Database
N-2559,"Kleemann, F., Lederer, J., Rechberger, H. & Fellner, J. GIS-based Analysis of Vienna’s Material Stock in Buildings. J. Ind. Ecol. 21, 368–380 (2017).",Specific,Database
N-2560,"Kleemann, F., Lederer, J., Rechberger, H. & Fellner, J. GIS-based Analysis of Vienna’s Material Stock in Buildings. J. Ind. Ecol. 21, 368–380 (2017).",Specific,Database
N-2561,"Kleemann, F., Lederer, J., Rechberger, H. & Fellner, J. GIS-based Analysis of Vienna’s Material Stock in Buildings. J. Ind. Ecol. 21, 368–380 (2017).",Specific,Database
N-2562,"Kleemann, F., Lederer, J., Rechberger, H. & Fellner, J. GIS-based Analysis of Vienna’s Material Stock in Buildings. J. Ind. Ecol. 21, 368–380 (2017).",Specific,Database
N-2563,"Kleemann, F., Lederer, J., Rechberger, H. & Fellner, J. GIS-based Analysis of Vienna’s Material Stock in Buildings. J. Ind. Ecol. 21, 368–380 (2017).",Specific,Database
N-2564,"Kleemann, F., Lederer, J., Rechberger, H. & Fellner, J. GIS-based Analysis of Vienna’s Material Stock in Buildings. J. Ind. Ecol. 21, 368–380 (2017).",Specific,Database
N-2565,"Kleemann, F., Lederer, J., Rechberger, H. & Fellner, J. GIS-based Analysis of Vienna’s Material Stock in Buildings. J. Ind. Ecol. 21, 368–380 (2017).",Specific,Database
N-2566,"Kleemann, F., Lederer, J., Rechberger, H. & Fellner, J. GIS-based Analysis of Vienna’s Material Stock in Buildings. J. Ind. Ecol. 21, 368–380 (2017).",Specific,Database
N-2567,"Kleemann, F., Lederer, J., Rechberger, H. & Fellner, J. GIS-based Analysis of Vienna’s Material Stock in Buildings. J. Ind. Ecol. 21, 368–380 (2017).",Specific,Database
N-2568,"Kleemann, F., Lederer, J., Rechberger, H. & Fellner, J. GIS-based Analysis of Vienna’s Material Stock in Buildings. J. Ind. Ecol. 21, 368–380 (2017).",Specific,Database
N-2569,"Kleemann, F., Lederer, J., Rechberger, H. & Fellner, J. GIS-based Analysis of Vienna’s Material Stock in Buildings. J. Ind. Ecol. 21, 368–380 (2017).",Specific,Field survey
N-2570,"Kleemann, F., Lederer, J., Rechberger, H. & Fellner, J. GIS-based Analysis of Vienna’s Material Stock in Buildings. J. Ind. Ecol. 21, 368–380 (2017).",Specific,Field survey
N-2571,"Kleemann, F., Lederer, J., Rechberger, H. & Fellner, J. GIS-based Analysis of Vienna’s Material Stock in Buildings. J. Ind. Ecol. 21, 368–380 (2017).",Specific,Field survey
N-2572,"Kleemann, F., Lederer, J., Rechberger, H. & Fellner, J. GIS-based Analysis of Vienna’s Material Stock in Buildings. J. Ind. Ecol. 21, 368–380 (2017).",Specific,Field survey
N-2573,"Kleemann, F., Lederer, J., Rechberger, H. & Fellner, J. GIS-based Analysis of Vienna’s Material Stock in Buildings. J. Ind. Ecol. 21, 368–380 (2017).",Specific,Field survey
N-2574,"Kleemann, F., Lederer, J., Rechberger, H. & Fellner, J. GIS-based Analysis of Vienna’s Material Stock in Buildings. J. Ind. Ecol. 21, 368–380 (2017).",Specific,Construction bill of materials
N-2575,"Kleemann, F., Lederer, J., Rechberger, H. & Fellner, J. GIS-based Analysis of Vienna’s Material Stock in Buildings. J. Ind. Ecol. 21, 368–380 (2017).",Specific,Construction bill of materials
N-2576,"Kleemann, F., Lederer, J., Rechberger, H. & Fellner, J. GIS-based Analysis of Vienna’s Material Stock in Buildings. J. Ind. Ecol. 21, 368–380 (2017).",Specific,Construction bill of materials
N-2577,"Kleemann, F., Lederer, J., Rechberger, H. & Fellner, J. GIS-based Analysis of Vienna’s Material Stock in Buildings. J. Ind. Ecol. 21, 368–380 (2017).",Specific,Construction bill of materials
N-2578,"Kleemann, F., Lederer, J., Rechberger, H. & Fellner, J. GIS-based Analysis of Vienna’s Material Stock in Buildings. J. Ind. Ecol. 21, 368–380 (2017).",Specific,Field survey
N-2579,"Kleemann, F., Lederer, J., Rechberger, H. & Fellner, J. GIS-based Analysis of Vienna’s Material Stock in Buildings. J. Ind. Ecol. 21, 368–380 (2017).",Specific,Field survey
N-2580,"Kleemann, F., Lederer, J., Rechberger, H. & Fellner, J. GIS-based Analysis of Vienna’s Material Stock in Buildings. J. Ind. Ecol. 21, 368–380 (2017).",Specific,Construction bill of materials
N-2581,"Kleemann, F., Lederer, J., Rechberger, H. & Fellner, J. GIS-based Analysis of Vienna’s Material Stock in Buildings. J. Ind. Ecol. 21, 368–380 (2017).",Specific,Field survey
N-2582,"Kleemann, F., Lederer, J., Rechberger, H. & Fellner, J. GIS-based Analysis of Vienna’s Material Stock in Buildings. J. Ind. Ecol. 21, 368–380 (2017).",Specific,Construction bill of materials
N-2583,"Kleemann, F., Lederer, J., Rechberger, H. & Fellner, J. GIS-based Analysis of Vienna’s Material Stock in Buildings. J. Ind. Ecol. 21, 368–380 (2017).",Specific,Construction bill of materials
N-2584,"Kleemann, F., Lederer, J., Rechberger, H. & Fellner, J. GIS-based Analysis of Vienna’s Material Stock in Buildings. J. Ind. Ecol. 21, 368–380 (2017).",Specific,Construction bill of materials
N-2585,"Kleemann, F., Lederer, J., Rechberger, H. & Fellner, J. GIS-based Analysis of Vienna’s Material Stock in Buildings. J. Ind. Ecol. 21, 368–380 (2017).",Specific,Field survey
N-2586,"Kleemann, F., Lederer, J., Rechberger, H. & Fellner, J. GIS-based Analysis of Vienna’s Material Stock in Buildings. J. Ind. Ecol. 21, 368–380 (2017).",Specific,Construction bill of materials
N-2587,"Gruhler, K., Böhm, R., Deilmann, C. & Schiller, G. Stofflich-energetische Gebäudesteckbriefe - Gebäudevergleiche und Hochrechnungen für Bebauungsstrukturen. 38, 318 (2002).",Specific,Construction bill of materials
N-2588,"Gruhler, K., Böhm, R., Deilmann, C. & Schiller, G. Stofflich-energetische Gebäudesteckbriefe - Gebäudevergleiche und Hochrechnungen für Bebauungsstrukturen. 38, 318 (2002).",Specific,Construction bill of materials
N-2589,"Gruhler, K., Böhm, R., Deilmann, C. & Schiller, G. Stofflich-energetische Gebäudesteckbriefe - Gebäudevergleiche und Hochrechnungen für Bebauungsstrukturen. 38, 318 (2002).",Specific,Construction bill of materials
N-2590,"Gruhler, K., Böhm, R., Deilmann, C. & Schiller, G. Stofflich-energetische Gebäudesteckbriefe - Gebäudevergleiche und Hochrechnungen für Bebauungsstrukturen. 38, 318 (2002).",Specific,Construction bill of materials
N-2591,"Gruhler, K., Böhm, R., Deilmann, C. & Schiller, G. Stofflich-energetische Gebäudesteckbriefe - Gebäudevergleiche und Hochrechnungen für Bebauungsstrukturen. 38, 318 (2002).",Specific,Construction bill of materials
N-2592,"Gruhler, K., Böhm, R., Deilmann, C. & Schiller, G. Stofflich-energetische Gebäudesteckbriefe - Gebäudevergleiche und Hochrechnungen für Bebauungsstrukturen. 38, 318 (2002).",Specific,Construction bill of materials
N-2593,"Gruhler, K., Böhm, R., Deilmann, C. & Schiller, G. Stofflich-energetische Gebäudesteckbriefe - Gebäudevergleiche und Hochrechnungen für Bebauungsstrukturen. 38, 318 (2002).",Specific,Construction bill of materials
N-2594,"Gruhler, K., Böhm, R., Deilmann, C. & Schiller, G. Stofflich-energetische Gebäudesteckbriefe - Gebäudevergleiche und Hochrechnungen für Bebauungsstrukturen. 38, 318 (2002).",Specific,Construction bill of materials
N-2595,"Gruhler, K., Böhm, R., Deilmann, C. & Schiller, G. Stofflich-energetische Gebäudesteckbriefe - Gebäudevergleiche und Hochrechnungen für Bebauungsstrukturen. 38, 318 (2002).",Specific,Construction bill of materials
N-2596,"Gruhler, K., Böhm, R., Deilmann, C. & Schiller, G. Stofflich-energetische Gebäudesteckbriefe - Gebäudevergleiche und Hochrechnungen für Bebauungsstrukturen. 38, 318 (2002).",Specific,Construction bill of materials
N-2597,"Gruhler, K., Böhm, R., Deilmann, C. & Schiller, G. Stofflich-energetische Gebäudesteckbriefe - Gebäudevergleiche und Hochrechnungen für Bebauungsstrukturen. 38, 318 (2002).",Specific,Construction bill of materials
N-2598,"Gruhler, K., Böhm, R., Deilmann, C. & Schiller, G. Stofflich-energetische Gebäudesteckbriefe - Gebäudevergleiche und Hochrechnungen für Bebauungsstrukturen. 38, 318 (2002).",Specific,Construction bill of materials
N-2599,"Gruhler, K., Böhm, R., Deilmann, C. & Schiller, G. Stofflich-energetische Gebäudesteckbriefe - Gebäudevergleiche und Hochrechnungen für Bebauungsstrukturen. 38, 318 (2002).",Specific,Construction bill of materials
N-2600,"Gruhler, K., Böhm, R., Deilmann, C. & Schiller, G. Stofflich-energetische Gebäudesteckbriefe - Gebäudevergleiche und Hochrechnungen für Bebauungsstrukturen. 38, 318 (2002).",Specific,Construction bill of materials
N-2601,"Gruhler, K., Böhm, R., Deilmann, C. & Schiller, G. Stofflich-energetische Gebäudesteckbriefe - Gebäudevergleiche und Hochrechnungen für Bebauungsstrukturen. 38, 318 (2002).",Specific,Construction bill of materials
N-2602,"Gruhler, K., Böhm, R., Deilmann, C. & Schiller, G. Stofflich-energetische Gebäudesteckbriefe - Gebäudevergleiche und Hochrechnungen für Bebauungsstrukturen. 38, 318 (2002).",Specific,Construction bill of materials
N-2603,"Gruhler, K., Böhm, R., Deilmann, C. & Schiller, G. Stofflich-energetische Gebäudesteckbriefe - Gebäudevergleiche und Hochrechnungen für Bebauungsstrukturen. 38, 318 (2002).",Specific,Construction bill of materials
N-2604,"Gruhler, K., Böhm, R., Deilmann, C. & Schiller, G. Stofflich-energetische Gebäudesteckbriefe - Gebäudevergleiche und Hochrechnungen für Bebauungsstrukturen. 38, 318 (2002).",Specific,Construction bill of materials
N-2605,"Ortlepp, R., Gruhler, K. & Schiller, G. Materials in Germany’s domestic building stock: calculation model and uncertainties. Build. Res. Inf. 46, 164–178 (2016).",General,Field survey
N-2606,"Ortlepp, R., Gruhler, K. & Schiller, G. Materials in Germany’s domestic building stock: calculation model and uncertainties. Build. Res. Inf. 46, 164–178 (2016).",General,Field survey
N-2607,"Ortlepp, R., Gruhler, K. & Schiller, G. Materials in Germany’s domestic building stock: calculation model and uncertainties. Build. Res. Inf. 46, 164–178 (2016).",General,Field survey
N-2608,"Ortlepp, R., Gruhler, K. & Schiller, G. Materials in Germany’s domestic building stock: calculation model and uncertainties. Build. Res. Inf. 46, 164–178 (2016).",General,Field survey
N-2609,"Ortlepp, R., Gruhler, K. & Schiller, G. Materials in Germany’s domestic building stock: calculation model and uncertainties. Build. Res. Inf. 46, 164–178 (2016).",General,Field survey
N-2610,"Ortlepp, R., Gruhler, K. & Schiller, G. Material stocks in Germany’s non-domestic buildings: a new quantification method. Build. Res. Inf. 44, 840–862 (2016).",General,Database
N-2611,"Blengini, G. A. Life cycle of buildings, demolition and recycling potential: A case study in Turin, Italy. Build. Environ. 44, 319–330 (2009).",General,Report/Literature
N-2612,"Mastrucci, A., Marvuglia, A., Popovici, E., Leopold, U. & Benetto, E. Geospatial characterization of building material stocks for the life cycle assessment of end-of-life scenarios at the urban scale. Resour. Conserv. Recycl. 123, 54–66 (2017).",General,Report/Literature
N-2613,"Mastrucci, A., Marvuglia, A., Popovici, E., Leopold, U. & Benetto, E. Geospatial characterization of building material stocks for the life cycle assessment of end-of-life scenarios at the urban scale. Resour. Conserv. Recycl. 123, 54–66 (2017).",General,Report/Literature
N-2614,"Mastrucci, A., Marvuglia, A., Popovici, E., Leopold, U. & Benetto, E. Geospatial characterization of building material stocks for the life cycle assessment of end-of-life scenarios at the urban scale. Resour. Conserv. Recycl. 123, 54–66 (2017).",General,Report/Literature
N-2615,"Mastrucci, A., Marvuglia, A., Popovici, E., Leopold, U. & Benetto, E. Geospatial characterization of building material stocks for the life cycle assessment of end-of-life scenarios at the urban scale. Resour. Conserv. Recycl. 123, 54–66 (2017).",General,Report/Literature
N-2616,"Mastrucci, A., Marvuglia, A., Popovici, E., Leopold, U. & Benetto, E. Geospatial characterization of building material stocks for the life cycle assessment of end-of-life scenarios at the urban scale. Resour. Conserv. Recycl. 123, 54–66 (2017).",General,Report/Literature
N-2617,"Mastrucci, A., Marvuglia, A., Popovici, E., Leopold, U. & Benetto, E. Geospatial characterization of building material stocks for the life cycle assessment of end-of-life scenarios at the urban scale. Resour. Conserv. Recycl. 123, 54–66 (2017).",General,Report/Literature
N-2618,"Mastrucci, A., Marvuglia, A., Popovici, E., Leopold, U. & Benetto, E. Geospatial characterization of building material stocks for the life cycle assessment of end-of-life scenarios at the urban scale. Resour. Conserv. Recycl. 123, 54–66 (2017).",General,Report/Literature
N-2619,"Mastrucci, A., Marvuglia, A., Popovici, E., Leopold, U. & Benetto, E. Geospatial characterization of building material stocks for the life cycle assessment of end-of-life scenarios at the urban scale. Resour. Conserv. Recycl. 123, 54–66 (2017).",General,Report/Literature
N-2620,"Müller, D. B. Stock dynamics for forecasting material flows—Case study for housing in The Netherlands. Ecol. Econ. 59, 142–156 (2006).",General,Report/Literature
N-2621,"Bergsdal, H., Brattebø, H., Bohne, R. A. & Müller, D. B. Dynamic material flow analysis for Norway’s dwelling stock. Build. Res. Inf. 35, 557–570 (2007).",General,Report/Literature
N-2622,"Bergsdal, H., Brattebø, H., Bohne, R. A. & Müller, D. B. Dynamic material flow analysis for Norway’s dwelling stock. Build. Res. Inf. 35, 557–570 (2007).",General,Report/Literature
N-2623,"Bergsdal, H., Brattebø, H., Bohne, R. A. & Müller, D. B. Dynamic material flow analysis for Norway’s dwelling stock. Build. Res. Inf. 35, 557–570 (2007).",General,Report/Literature
N-2624,"Bergsdal, H., Brattebø, H., Bohne, R. A. & Müller, D. B. Dynamic material flow analysis for Norway’s dwelling stock. Build. Res. Inf. 35, 557–570 (2007).",General,Report/Literature
N-2625,"Bergsdal, H., Brattebø, H., Bohne, R. A. & Müller, D. B. Dynamic material flow analysis for Norway’s dwelling stock. Build. Res. Inf. 35, 557–570 (2007).",General,Report/Literature
N-2626,"Bergsdal, H., Brattebø, H., Bohne, R. A. & Müller, D. B. Dynamic material flow analysis for Norway’s dwelling stock. Build. Res. Inf. 35, 557–570 (2007).",General,Report/Literature
N-2627,"Bergsdal, H., Brattebø, H., Bohne, R. A. & Müller, D. B. Dynamic material flow analysis for Norway’s dwelling stock. Build. Res. Inf. 35, 557–570 (2007).",General,Report/Literature
N-2628,"Bergsdal, H., Brattebø, H., Bohne, R. A. & Müller, D. B. Dynamic material flow analysis for Norway’s dwelling stock. Build. Res. Inf. 35, 557–570 (2007).",General,Report/Literature
N-2629,"Bergsdal, H., Brattebø, H., Bohne, R. A. & Müller, D. B. Dynamic material flow analysis for Norway’s dwelling stock. Build. Res. Inf. 35, 557–570 (2007).",General,Report/Literature
N-2630,"Bergsdal, H., Brattebø, H., Bohne, R. A. & Müller, D. B. Dynamic material flow analysis for Norway’s dwelling stock. Build. Res. Inf. 35, 557–570 (2007).",General,Report/Literature
N-2631,"Bergsdal, H., Brattebø, H., Bohne, R. A. & Müller, D. B. Dynamic material flow analysis for Norway’s dwelling stock. Build. Res. Inf. 35, 557–570 (2007).",General,Report/Literature
N-2632,"Bergsdal, H., Brattebø, H., Bohne, R. A. & Müller, D. B. Dynamic material flow analysis for Norway’s dwelling stock. Build. Res. Inf. 35, 557–570 (2007).",General,Report/Literature
N-2633,"Bergsdal, H., Brattebø, H., Bohne, R. A. & Müller, D. B. Dynamic material flow analysis for Norway’s dwelling stock. Build. Res. Inf. 35, 557–570 (2007).",General,Report/Literature
N-2634,"Bergsdal, H., Brattebø, H., Bohne, R. A. & Müller, D. B. Dynamic material flow analysis for Norway’s dwelling stock. Build. Res. Inf. 35, 557–570 (2007).",General,Report/Literature
N-2635,"Bergsdal, H., Brattebø, H., Bohne, R. A. & Müller, D. B. Dynamic material flow analysis for Norway’s dwelling stock. Build. Res. Inf. 35, 557–570 (2007).",General,Report/Literature
N-2636,"Bergsdal, H., Brattebø, H., Bohne, R. A. & Müller, D. B. Dynamic material flow analysis for Norway’s dwelling stock. Build. Res. Inf. 35, 557–570 (2007).",General,Report/Literature
N-2637,"Bergsdal, H., Brattebø, H., Bohne, R. A. & Müller, D. B. Dynamic material flow analysis for Norway’s dwelling stock. Build. Res. Inf. 35, 557–570 (2007).",General,Report/Literature
N-2638,"Bergsdal, H., Brattebø, H., Bohne, R. A. & Müller, D. B. Dynamic material flow analysis for Norway’s dwelling stock. Build. Res. Inf. 35, 557–570 (2007).",General,Report/Literature
N-2639,"Bergsdal, H., Brattebø, H., Bohne, R. A. & Müller, D. B. Dynamic material flow analysis for Norway’s dwelling stock. Build. Res. Inf. 35, 557–570 (2007).",General,Report/Literature
N-2640,"Bergsdal, H., Brattebø, H., Bohne, R. A. & Müller, D. B. Dynamic material flow analysis for Norway’s dwelling stock. Build. Res. Inf. 35, 557–570 (2007).",General,Report/Literature
N-2641,"Bergsdal, H., Brattebø, H., Bohne, R. A. & Müller, D. B. Dynamic material flow analysis for Norway’s dwelling stock. Build. Res. Inf. 35, 557–570 (2007).",General,Report/Literature
N-2642,"Bergsdal, H., Brattebø, H., Bohne, R. A. & Müller, D. B. Dynamic material flow analysis for Norway’s dwelling stock. Build. Res. Inf. 35, 557–570 (2007).",General,Report/Literature
N-2643,"Bergsdal, H., Brattebø, H., Bohne, R. A. & Müller, D. B. Dynamic material flow analysis for Norway’s dwelling stock. Build. Res. Inf. 35, 557–570 (2007).",General,Report/Literature
N-2644,"Bergsdal, H., Brattebø, H., Bohne, R. A. & Müller, D. B. Dynamic material flow analysis for Norway’s dwelling stock. Build. Res. Inf. 35, 557–570 (2007).",General,Report/Literature
N-2645,"Bergsdal, H., Brattebø, H., Bohne, R. A. & Müller, D. B. Dynamic material flow analysis for Norway’s dwelling stock. Build. Res. Inf. 35, 557–570 (2007).",General,Report/Literature
N-2646,"Gontia, P., Nägeli, C., Rosado, L., Kalmykova, Y. & Österbring, M. Material-intensity database of residential buildings: A case-study of Sweden in the international context. Resour. Conserv. Recycl. 130, 228–239 (2018).",General,Construction bill of materials & Database
N-2647,"Gontia, P., Nägeli, C., Rosado, L., Kalmykova, Y. & Österbring, M. Material-intensity database of residential buildings: A case-study of Sweden in the international context. Resour. Conserv. Recycl. 130, 228–239 (2018).",General,Construction bill of materials & Database
N-2648,"Gontia, P., Nägeli, C., Rosado, L., Kalmykova, Y. & Österbring, M. Material-intensity database of residential buildings: A case-study of Sweden in the international context. Resour. Conserv. Recycl. 130, 228–239 (2018).",General,Construction bill of materials & Database
N-2649,"Gontia, P., Nägeli, C., Rosado, L., Kalmykova, Y. & Österbring, M. Material-intensity database of residential buildings: A case-study of Sweden in the international context. Resour. Conserv. Recycl. 130, 228–239 (2018).",General,Construction bill of materials & Database
N-2650,"Gontia, P., Nägeli, C., Rosado, L., Kalmykova, Y. & Österbring, M. Material-intensity database of residential buildings: A case-study of Sweden in the international context. Resour. Conserv. Recycl. 130, 228–239 (2018).",General,Construction bill of materials & Database
N-2651,"Gontia, P., Nägeli, C., Rosado, L., Kalmykova, Y. & Österbring, M. Material-intensity database of residential buildings: A case-study of Sweden in the international context. Resour. Conserv. Recycl. 130, 228–239 (2018).",General,Construction bill of materials & Database
N-2652,"Gontia, P., Nägeli, C., Rosado, L., Kalmykova, Y. & Österbring, M. Material-intensity database of residential buildings: A case-study of Sweden in the international context. Resour. Conserv. Recycl. 130, 228–239 (2018).",General,Construction bill of materials & Database
N-2653,"Gontia, P., Nägeli, C., Rosado, L., Kalmykova, Y. & Österbring, M. Material-intensity database of residential buildings: A case-study of Sweden in the international context. Resour. Conserv. Recycl. 130, 228–239 (2018).",General,Construction bill of materials & Database
N-2654,"Gontia, P., Nägeli, C., Rosado, L., Kalmykova, Y. & Österbring, M. Material-intensity database of residential buildings: A case-study of Sweden in the international context. Resour. Conserv. Recycl. 130, 228–239 (2018).",General,Construction bill of materials & Database
N-2655,"Gontia, P., Nägeli, C., Rosado, L., Kalmykova, Y. & Österbring, M. Material-intensity database of residential buildings: A case-study of Sweden in the international context. Resour. Conserv. Recycl. 130, 228–239 (2018).",General,Construction bill of materials & Database
N-2656,"Gontia, P., Nägeli, C., Rosado, L., Kalmykova, Y. & Österbring, M. Material-intensity database of residential buildings: A case-study of Sweden in the international context. Resour. Conserv. Recycl. 130, 228–239 (2018).",General,Construction bill of materials & Database
N-2657,"Gontia, P., Nägeli, C., Rosado, L., Kalmykova, Y. & Österbring, M. Material-intensity database of residential buildings: A case-study of Sweden in the international context. Resour. Conserv. Recycl. 130, 228–239 (2018).",General,Construction bill of materials & Database
N-2658,"Gontia, P., Nägeli, C., Rosado, L., Kalmykova, Y. & Österbring, M. Material-intensity database of residential buildings: A case-study of Sweden in the international context. Resour. Conserv. Recycl. 130, 228–239 (2018).",General,Construction bill of materials & Database
N-2659,"Gontia, P., Nägeli, C., Rosado, L., Kalmykova, Y. & Österbring, M. Material-intensity database of residential buildings: A case-study of Sweden in the international context. Resour. Conserv. Recycl. 130, 228–239 (2018).",General,Construction bill of materials & Database
N-2660,"Gontia, P., Nägeli, C., Rosado, L., Kalmykova, Y. & Österbring, M. Material-intensity database of residential buildings: A case-study of Sweden in the international context. Resour. Conserv. Recycl. 130, 228–239 (2018).",General,Construction bill of materials & Database
N-2661,"Gontia, P., Nägeli, C., Rosado, L., Kalmykova, Y. & Österbring, M. Material-intensity database of residential buildings: A case-study of Sweden in the international context. Resour. Conserv. Recycl. 130, 228–239 (2018).",General,Construction bill of materials & Database
N-2662,"Gontia, P., Nägeli, C., Rosado, L., Kalmykova, Y. & Österbring, M. Material-intensity database of residential buildings: A case-study of Sweden in the international context. Resour. Conserv. Recycl. 130, 228–239 (2018).",General,Construction bill of materials & Database
N-2663,"Gontia, P., Nägeli, C., Rosado, L., Kalmykova, Y. & Österbring, M. Material-intensity database of residential buildings: A case-study of Sweden in the international context. Resour. Conserv. Recycl. 130, 228–239 (2018).",General,Construction bill of materials & Database
N-2664,"Gontia, P., Nägeli, C., Rosado, L., Kalmykova, Y. & Österbring, M. Material-intensity database of residential buildings: A case-study of Sweden in the international context. Resour. Conserv. Recycl. 130, 228–239 (2018).",General,Construction bill of materials & Database
N-2665,"Gontia, P., Nägeli, C., Rosado, L., Kalmykova, Y. & Österbring, M. Material-intensity database of residential buildings: A case-study of Sweden in the international context. Resour. Conserv. Recycl. 130, 228–239 (2018).",General,Construction bill of materials & Database
N-2666,"Gontia, P., Nägeli, C., Rosado, L., Kalmykova, Y. & Österbring, M. Material-intensity database of residential buildings: A case-study of Sweden in the international context. Resour. Conserv. Recycl. 130, 228–239 (2018).",General,Construction bill of materials & Database
N-2667,"Gontia, P., Nägeli, C., Rosado, L., Kalmykova, Y. & Österbring, M. Material-intensity database of residential buildings: A case-study of Sweden in the international context. Resour. Conserv. Recycl. 130, 228–239 (2018).",General,Construction bill of materials & Database
N-2668,"Gontia, P., Nägeli, C., Rosado, L., Kalmykova, Y. & Österbring, M. Material-intensity database of residential buildings: A case-study of Sweden in the international context. Resour. Conserv. Recycl. 130, 228–239 (2018).",General,Construction bill of materials & Database
N-2669,"Gontia, P., Nägeli, C., Rosado, L., Kalmykova, Y. & Österbring, M. Material-intensity database of residential buildings: A case-study of Sweden in the international context. Resour. Conserv. Recycl. 130, 228–239 (2018).",General,Construction bill of materials & Database
N-2670,"Gontia, P., Nägeli, C., Rosado, L., Kalmykova, Y. & Österbring, M. Material-intensity database of residential buildings: A case-study of Sweden in the international context. Resour. Conserv. Recycl. 130, 228–239 (2018).",General,Construction bill of materials & Database
N-2671,"Gontia, P., Nägeli, C., Rosado, L., Kalmykova, Y. & Österbring, M. Material-intensity database of residential buildings: A case-study of Sweden in the international context. Resour. Conserv. Recycl. 130, 228–239 (2018).",General,Construction bill of materials & Database
N-2672,"Gontia, P., Nägeli, C., Rosado, L., Kalmykova, Y. & Österbring, M. Material-intensity database of residential buildings: A case-study of Sweden in the international context. Resour. Conserv. Recycl. 130, 228–239 (2018).",General,Construction bill of materials & Database
N-2673,"Gontia, P., Nägeli, C., Rosado, L., Kalmykova, Y. & Österbring, M. Material-intensity database of residential buildings: A case-study of Sweden in the international context. Resour. Conserv. Recycl. 130, 228–239 (2018).",General,Construction bill of materials & Database
N-2674,"Gontia, P., Nägeli, C., Rosado, L., Kalmykova, Y. & Österbring, M. Material-intensity database of residential buildings: A case-study of Sweden in the international context. Resour. Conserv. Recycl. 130, 228–239 (2018).",General,Construction bill of materials & Database
N-2675,"Gontia, P., Nägeli, C., Rosado, L., Kalmykova, Y. & Österbring, M. Material-intensity database of residential buildings: A case-study of Sweden in the international context. Resour. Conserv. Recycl. 130, 228–239 (2018).",General,Construction bill of materials & Database
N-2676,"Gontia, P., Nägeli, C., Rosado, L., Kalmykova, Y. & Österbring, M. Material-intensity database of residential buildings: A case-study of Sweden in the international context. Resour. Conserv. Recycl. 130, 228–239 (2018).",General,Construction bill of materials & Database
N-2677,"Gontia, P., Nägeli, C., Rosado, L., Kalmykova, Y. & Österbring, M. Material-intensity database of residential buildings: A case-study of Sweden in the international context. Resour. Conserv. Recycl. 130, 228–239 (2018).",General,Construction bill of materials & Database
N-2678,"Gontia, P., Nägeli, C., Rosado, L., Kalmykova, Y. & Österbring, M. Material-intensity database of residential buildings: A case-study of Sweden in the international context. Resour. Conserv. Recycl. 130, 228–239 (2018).",General,Construction bill of materials & Database
N-2679,"Gontia, P., Nägeli, C., Rosado, L., Kalmykova, Y. & Österbring, M. Material-intensity database of residential buildings: A case-study of Sweden in the international context. Resour. Conserv. Recycl. 130, 228–239 (2018).",General,Construction bill of materials & Database
N-2680,"Gontia, P., Nägeli, C., Rosado, L., Kalmykova, Y. & Österbring, M. Material-intensity database of residential buildings: A case-study of Sweden in the international context. Resour. Conserv. Recycl. 130, 228–239 (2018).",General,Construction bill of materials & Database
N-2681,"Gontia, P., Nägeli, C., Rosado, L., Kalmykova, Y. & Österbring, M. Material-intensity database of residential buildings: A case-study of Sweden in the international context. Resour. Conserv. Recycl. 130, 228–239 (2018).",General,Construction bill of materials & Database
N-2682,"Gontia, P., Nägeli, C., Rosado, L., Kalmykova, Y. & Österbring, M. Material-intensity database of residential buildings: A case-study of Sweden in the international context. Resour. Conserv. Recycl. 130, 228–239 (2018).",General,Construction bill of materials & Database
N-2683,"Gontia, P., Nägeli, C., Rosado, L., Kalmykova, Y. & Österbring, M. Material-intensity database of residential buildings: A case-study of Sweden in the international context. Resour. Conserv. Recycl. 130, 228–239 (2018).",General,Construction bill of materials & Database
N-2684,"Gontia, P., Nägeli, C., Rosado, L., Kalmykova, Y. & Österbring, M. Material-intensity database of residential buildings: A case-study of Sweden in the international context. Resour. Conserv. Recycl. 130, 228–239 (2018).",General,Construction bill of materials & Database
N-2685,"Gontia, P., Nägeli, C., Rosado, L., Kalmykova, Y. & Österbring, M. Material-intensity database of residential buildings: A case-study of Sweden in the international context. Resour. Conserv. Recycl. 130, 228–239 (2018).",General,Construction bill of materials & Database
N-2686,"Gontia, P., Nägeli, C., Rosado, L., Kalmykova, Y. & Österbring, M. Material-intensity database of residential buildings: A case-study of Sweden in the international context. Resour. Conserv. Recycl. 130, 228–239 (2018).",General,Construction bill of materials & Database
N-2687,"Gontia, P., Nägeli, C., Rosado, L., Kalmykova, Y. & Österbring, M. Material-intensity database of residential buildings: A case-study of Sweden in the international context. Resour. Conserv. Recycl. 130, 228–239 (2018).",General,Construction bill of materials & Database
N-2688,"Gontia, P., Nägeli, C., Rosado, L., Kalmykova, Y. & Österbring, M. Material-intensity database of residential buildings: A case-study of Sweden in the international context. Resour. Conserv. Recycl. 130, 228–239 (2018).",General,Construction bill of materials & Database
N-2689,"Gontia, P., Nägeli, C., Rosado, L., Kalmykova, Y. & Österbring, M. Material-intensity database of residential buildings: A case-study of Sweden in the international context. Resour. Conserv. Recycl. 130, 228–239 (2018).",General,Construction bill of materials & Database
N-2690,"Gontia, P., Nägeli, C., Rosado, L., Kalmykova, Y. & Österbring, M. Material-intensity database of residential buildings: A case-study of Sweden in the international context. Resour. Conserv. Recycl. 130, 228–239 (2018).",General,Construction bill of materials & Database
N-2691,"Gontia, P., Nägeli, C., Rosado, L., Kalmykova, Y. & Österbring, M. Material-intensity database of residential buildings: A case-study of Sweden in the international context. Resour. Conserv. Recycl. 130, 228–239 (2018).",General,Construction bill of materials & Database
N-2692,"Heeren, N. & Hellweg, S. Tracking Construction Material over Space and Time: Prospective and Geo‐referenced Modeling of Building Stocks and Construction Material Flows. J. Ind. Ecol. 23, 253–267 (2019).",General,Report/Literature
N-2693,"Tanikawa, H. & Hashimoto, S. Urban stock over time: spatial material stock analysis using 4d-GIS. Build. Res. Inf. 37, 483–502 (2009).",General,Report/Literature
N-2694,"Tanikawa, H. & Hashimoto, S. Urban stock over time: spatial material stock analysis using 4d-GIS. Build. Res. Inf. 37, 483–502 (2009).",General,Report/Literature
N-2695,"Tanikawa, H. & Hashimoto, S. Urban stock over time: spatial material stock analysis using 4d-GIS. Build. Res. Inf. 37, 483–502 (2009).",General,Report/Literature
N-2696,"Tanikawa, H. & Hashimoto, S. Urban stock over time: spatial material stock analysis using 4d-GIS. Build. Res. Inf. 37, 483–502 (2009).",General,Report/Literature
N-2697,"Atmaca, A. & Atmaca, N. Life cycle energy (LCEA) and carbon dioxide emissions (LCCO2A) assessment of two residential buildings in Gaziantep, Turkey. Energy Build. 102, 417–431 (2015).",Specific,Construction bill of materials
N-2698,"Atmaca, A. & Atmaca, N. Life cycle energy (LCEA) and carbon dioxide emissions (LCCO2A) assessment of two residential buildings in Gaziantep, Turkey. Energy Build. 102, 417–431 (2015).",Specific,Construction bill of materials
N-2699,"Pajchrowski, G., Noskowiak, A., Lewandowska, A. & Strykowski, W. Wood as a building material in the light of environmental assessment of full life cycle of four buildings. Constr. Build. Mater. 52, 428–436 (2014).",General,Report/Literature
N-2700,"Pajchrowski, G., Noskowiak, A., Lewandowska, A. & Strykowski, W. Wood as a building material in the light of environmental assessment of full life cycle of four buildings. Constr. Build. Mater. 52, 428–436 (2014).",General,Report/Literature
N-2701,"Pajchrowski, G., Noskowiak, A., Lewandowska, A. & Strykowski, W. Wood as a building material in the light of environmental assessment of full life cycle of four buildings. Constr. Build. Mater. 52, 428–436 (2014).",General,Report/Literature
N-2702,"Pajchrowski, G., Noskowiak, A., Lewandowska, A. & Strykowski, W. Wood as a building material in the light of environmental assessment of full life cycle of four buildings. Constr. Build. Mater. 52, 428–436 (2014).",General,Report/Literature
N-2703,"Nemry, F. & Uihlein, A. Environmental Improvement Potentials of Residential Buildings (IMPRO-Building). (2008). doi:10.2791/38942",Specific,Construction bill of materials/Architectural drawing
N-2704,"Nemry, F. & Uihlein, A. Environmental Improvement Potentials of Residential Buildings (IMPRO-Building). (2008). doi:10.2791/38942",Specific,Construction bill of materials/Architectural drawing
N-2705,"Nemry, F. & Uihlein, A. Environmental Improvement Potentials of Residential Buildings (IMPRO-Building). (2008). doi:10.2791/38942",Specific,Construction bill of materials/Architectural drawing
N-2706,"Nemry, F. & Uihlein, A. Environmental Improvement Potentials of Residential Buildings (IMPRO-Building). (2008). doi:10.2791/38942",Specific,Construction bill of materials/Architectural drawing
N-2707,"Nemry, F. & Uihlein, A. Environmental Improvement Potentials of Residential Buildings (IMPRO-Building). (2008). doi:10.2791/38942",Specific,Construction bill of materials/Architectural drawing
N-2708,"Nemry, F. & Uihlein, A. Environmental Improvement Potentials of Residential Buildings (IMPRO-Building). (2008). doi:10.2791/38942",Specific,Construction bill of materials/Architectural drawing
N-2709,"Nemry, F. & Uihlein, A. Environmental Improvement Potentials of Residential Buildings (IMPRO-Building). (2008). doi:10.2791/38942",Specific,Construction bill of materials/Architectural drawing
N-2710,"Nemry, F. & Uihlein, A. Environmental Improvement Potentials of Residential Buildings (IMPRO-Building). (2008). doi:10.2791/38942",Specific,Construction bill of materials/Architectural drawing
N-2711,"Nemry, F. & Uihlein, A. Environmental Improvement Potentials of Residential Buildings (IMPRO-Building). (2008). doi:10.2791/38942",Specific,Construction bill of materials/Architectural drawing
N-2712,"Nemry, F. & Uihlein, A. Environmental Improvement Potentials of Residential Buildings (IMPRO-Building). (2008). doi:10.2791/38942",Specific,Construction bill of materials/Architectural drawing
N-2713,"Nemry, F. & Uihlein, A. Environmental Improvement Potentials of Residential Buildings (IMPRO-Building). (2008). doi:10.2791/38942",Specific,Construction bill of materials/Architectural drawing
N-2714,"Nemry, F. & Uihlein, A. Environmental Improvement Potentials of Residential Buildings (IMPRO-Building). (2008). doi:10.2791/38942",Specific,Construction bill of materials/Architectural drawing
N-2715,"Nemry, F. & Uihlein, A. Environmental Improvement Potentials of Residential Buildings (IMPRO-Building). (2008). doi:10.2791/38942",Specific,Construction bill of materials/Architectural drawing
N-2716,"Nemry, F. & Uihlein, A. Environmental Improvement Potentials of Residential Buildings (IMPRO-Building). (2008). doi:10.2791/38942",Specific,Construction bill of materials/Architectural drawing
N-2717,"Nemry, F. & Uihlein, A. Environmental Improvement Potentials of Residential Buildings (IMPRO-Building). (2008). doi:10.2791/38942",Specific,Construction bill of materials/Architectural drawing
N-2718,"Nemry, F. & Uihlein, A. Environmental Improvement Potentials of Residential Buildings (IMPRO-Building). (2008). doi:10.2791/38942",Specific,Construction bill of materials/Architectural drawing
N-2719,"Nemry, F. & Uihlein, A. Environmental Improvement Potentials of Residential Buildings (IMPRO-Building). (2008). doi:10.2791/38942",Specific,Construction bill of materials/Architectural drawing
N-2720,"Nemry, F. & Uihlein, A. Environmental Improvement Potentials of Residential Buildings (IMPRO-Building). (2008). doi:10.2791/38942",Specific,Construction bill of materials/Architectural drawing
N-2721,"Nemry, F. & Uihlein, A. Environmental Improvement Potentials of Residential Buildings (IMPRO-Building). (2008). doi:10.2791/38942",Specific,Construction bill of materials/Architectural drawing
N-2722,"Nemry, F. & Uihlein, A. Environmental Improvement Potentials of Residential Buildings (IMPRO-Building). (2008). doi:10.2791/38942",Specific,Construction bill of materials/Architectural drawing
N-2723,"Nemry, F. & Uihlein, A. Environmental Improvement Potentials of Residential Buildings (IMPRO-Building). (2008). doi:10.2791/38942",Specific,Construction bill of materials/Architectural drawing
N-2724,"Nemry, F. & Uihlein, A. Environmental Improvement Potentials of Residential Buildings (IMPRO-Building). (2008). doi:10.2791/38942",Specific,Construction bill of materials/Architectural drawing
N-2725,"Nemry, F. & Uihlein, A. Environmental Improvement Potentials of Residential Buildings (IMPRO-Building). (2008). doi:10.2791/38942",Specific,Construction bill of materials/Architectural drawing
N-2726,"Nemry, F. & Uihlein, A. Environmental Improvement Potentials of Residential Buildings (IMPRO-Building). (2008). doi:10.2791/38942",Specific,Construction bill of materials/Architectural drawing
N-2727,"Nemry, F. & Uihlein, A. Environmental Improvement Potentials of Residential Buildings (IMPRO-Building). (2008). doi:10.2791/38942",Specific,Construction bill of materials/Architectural drawing
N-2728,"Nemry, F. & Uihlein, A. Environmental Improvement Potentials of Residential Buildings (IMPRO-Building). (2008). doi:10.2791/38942",Specific,Construction bill of materials/Architectural drawing
N-2729,"Nemry, F. & Uihlein, A. Environmental Improvement Potentials of Residential Buildings (IMPRO-Building). (2008). doi:10.2791/38942",Specific,Construction bill of materials/Architectural drawing
N-2730,"Nemry, F. & Uihlein, A. Environmental Improvement Potentials of Residential Buildings (IMPRO-Building). (2008). doi:10.2791/38942",Specific,Construction bill of materials/Architectural drawing
N-2731,"Nemry, F. & Uihlein, A. Environmental Improvement Potentials of Residential Buildings (IMPRO-Building). (2008). doi:10.2791/38942",Specific,Construction bill of materials/Architectural drawing
N-2732,"Nemry, F. & Uihlein, A. Environmental Improvement Potentials of Residential Buildings (IMPRO-Building). (2008). doi:10.2791/38942",Specific,Construction bill of materials/Architectural drawing
N-2733,"Nemry, F. & Uihlein, A. Environmental Improvement Potentials of Residential Buildings (IMPRO-Building). (2008). doi:10.2791/38942",Specific,Construction bill of materials/Architectural drawing
N-2734,"Nemry, F. & Uihlein, A. Environmental Improvement Potentials of Residential Buildings (IMPRO-Building). (2008). doi:10.2791/38942",Specific,Construction bill of materials/Architectural drawing
N-2735,"Nemry, F. & Uihlein, A. Environmental Improvement Potentials of Residential Buildings (IMPRO-Building). (2008). doi:10.2791/38942",Specific,Construction bill of materials/Architectural drawing
N-2736,"Nemry, F. & Uihlein, A. Environmental Improvement Potentials of Residential Buildings (IMPRO-Building). (2008). doi:10.2791/38942",Specific,Construction bill of materials/Architectural drawing
N-2737,"Nemry, F. & Uihlein, A. Environmental Improvement Potentials of Residential Buildings (IMPRO-Building). (2008). doi:10.2791/38942",Specific,Construction bill of materials/Architectural drawing
N-2738,"Nemry, F. & Uihlein, A. Environmental Improvement Potentials of Residential Buildings (IMPRO-Building). (2008). doi:10.2791/38942",Specific,Construction bill of materials/Architectural drawing
N-2739,"Nemry, F. & Uihlein, A. Environmental Improvement Potentials of Residential Buildings (IMPRO-Building). (2008). doi:10.2791/38942",Specific,Construction bill of materials/Architectural drawing
N-2740,"Nemry, F. & Uihlein, A. Environmental Improvement Potentials of Residential Buildings (IMPRO-Building). (2008). doi:10.2791/38942",Specific,Construction bill of materials/Architectural drawing
N-2741,"Nemry, F. & Uihlein, A. Environmental Improvement Potentials of Residential Buildings (IMPRO-Building). (2008). doi:10.2791/38942",Specific,Construction bill of materials/Architectural drawing
N-2742,"Nemry, F. & Uihlein, A. Environmental Improvement Potentials of Residential Buildings (IMPRO-Building). (2008). doi:10.2791/38942",Specific,Construction bill of materials/Architectural drawing
N-2743,"Nemry, F. & Uihlein, A. Environmental Improvement Potentials of Residential Buildings (IMPRO-Building). (2008). doi:10.2791/38942",Specific,Construction bill of materials/Architectural drawing
N-2744,"Nemry, F. & Uihlein, A. Environmental Improvement Potentials of Residential Buildings (IMPRO-Building). (2008). doi:10.2791/38942",Specific,Construction bill of materials/Architectural drawing
N-2745,"Nemry, F. & Uihlein, A. Environmental Improvement Potentials of Residential Buildings (IMPRO-Building). (2008). doi:10.2791/38942",Specific,Construction bill of materials/Architectural drawing
N-2746,"Nemry, F. & Uihlein, A. Environmental Improvement Potentials of Residential Buildings (IMPRO-Building). (2008). doi:10.2791/38942",Specific,Construction bill of materials/Architectural drawing
N-2747,"Nemry, F. & Uihlein, A. Environmental Improvement Potentials of Residential Buildings (IMPRO-Building). (2008). doi:10.2791/38942",Specific,Construction bill of materials/Architectural drawing
N-2748,"Nemry, F. & Uihlein, A. Environmental Improvement Potentials of Residential Buildings (IMPRO-Building). (2008). doi:10.2791/38942",Specific,Construction bill of materials/Architectural drawing
N-2749,"Nemry, F. & Uihlein, A. Environmental Improvement Potentials of Residential Buildings (IMPRO-Building). (2008). doi:10.2791/38942",Specific,Construction bill of materials/Architectural drawing
N-2750,"Nemry, F. & Uihlein, A. Environmental Improvement Potentials of Residential Buildings (IMPRO-Building). (2008). doi:10.2791/38942",Specific,Construction bill of materials/Architectural drawing
N-2751,"Nemry, F. & Uihlein, A. Environmental Improvement Potentials of Residential Buildings (IMPRO-Building). (2008). doi:10.2791/38942",Specific,Construction bill of materials/Architectural drawing
N-2752,"Nemry, F. & Uihlein, A. Environmental Improvement Potentials of Residential Buildings (IMPRO-Building). (2008). doi:10.2791/38942",Specific,Construction bill of materials/Architectural drawing
N-2753,"Nemry, F. & Uihlein, A. Environmental Improvement Potentials of Residential Buildings (IMPRO-Building). (2008). doi:10.2791/38942",Specific,Construction bill of materials/Architectural drawing
N-2754,"Nemry, F. & Uihlein, A. Environmental Improvement Potentials of Residential Buildings (IMPRO-Building). (2008). doi:10.2791/38942",Specific,Construction bill of materials/Architectural drawing
N-2755,"Nemry, F. & Uihlein, A. Environmental Improvement Potentials of Residential Buildings (IMPRO-Building). (2008). doi:10.2791/38942",Specific,Construction bill of materials/Architectural drawing
N-2756,"Nemry, F. & Uihlein, A. Environmental Improvement Potentials of Residential Buildings (IMPRO-Building). (2008). doi:10.2791/38942",Specific,Construction bill of materials/Architectural drawing
N-2757,"Nemry, F. & Uihlein, A. Environmental Improvement Potentials of Residential Buildings (IMPRO-Building). (2008). doi:10.2791/38942",Specific,Construction bill of materials/Architectural drawing
N-2758,"Nemry, F. & Uihlein, A. Environmental Improvement Potentials of Residential Buildings (IMPRO-Building). (2008). doi:10.2791/38942",Specific,Construction bill of materials/Architectural drawing
N-2759,"Nemry, F. & Uihlein, A. Environmental Improvement Potentials of Residential Buildings (IMPRO-Building). (2008). doi:10.2791/38942",Specific,Construction bill of materials/Architectural drawing
N-2760,"Nemry, F. & Uihlein, A. Environmental Improvement Potentials of Residential Buildings (IMPRO-Building). (2008). doi:10.2791/38942",Specific,Construction bill of materials/Architectural drawing
N-2761,"Nemry, F. & Uihlein, A. Environmental Improvement Potentials of Residential Buildings (IMPRO-Building). (2008). doi:10.2791/38942",Specific,Construction bill of materials/Architectural drawing
N-2762,"Nemry, F. & Uihlein, A. Environmental Improvement Potentials of Residential Buildings (IMPRO-Building). (2008). doi:10.2791/38942",Specific,Construction bill of materials/Architectural drawing
N-2763,"Nemry, F. & Uihlein, A. Environmental Improvement Potentials of Residential Buildings (IMPRO-Building). (2008). doi:10.2791/38942",Specific,Construction bill of materials/Architectural drawing
N-2764,"Nemry, F. & Uihlein, A. Environmental Improvement Potentials of Residential Buildings (IMPRO-Building). (2008). doi:10.2791/38942",Specific,Construction bill of materials/Architectural drawing
N-2765,"Nemry, F. & Uihlein, A. Environmental Improvement Potentials of Residential Buildings (IMPRO-Building). (2008). doi:10.2791/38942",Specific,Construction bill of materials/Architectural drawing
N-2766,"Nemry, F. & Uihlein, A. Environmental Improvement Potentials of Residential Buildings (IMPRO-Building). (2008). doi:10.2791/38942",Specific,Construction bill of materials/Architectural drawing
N-2767,"Nemry, F. & Uihlein, A. Environmental Improvement Potentials of Residential Buildings (IMPRO-Building). (2008). doi:10.2791/38942",Specific,Construction bill of materials/Architectural drawing
N-2768,"Nemry, F. & Uihlein, A. Environmental Improvement Potentials of Residential Buildings (IMPRO-Building). (2008). doi:10.2791/38942",Specific,Construction bill of materials/Architectural drawing
N-2769,"Nemry, F. & Uihlein, A. Environmental Improvement Potentials of Residential Buildings (IMPRO-Building). (2008). doi:10.2791/38942",Specific,Construction bill of materials/Architectural drawing
N-2770,"Miatto, A. et al. A spatial analysis of material stock accumulation and demolition waste potential of buildings: A case study of Padua. Resour. Conserv. Recycl. 142, 245–256 (2019).",General,Report/Literature
N-2771,"Miatto, A. et al. A spatial analysis of material stock accumulation and demolition waste potential of buildings: A case study of Padua. Resour. Conserv. Recycl. 142, 245–256 (2019).",General,Report/Literature
N-2772,"Miatto, A. et al. A spatial analysis of material stock accumulation and demolition waste potential of buildings: A case study of Padua. Resour. Conserv. Recycl. 142, 245–256 (2019).",General,Report/Literature
N-2773,"Miatto, A. et al. A spatial analysis of material stock accumulation and demolition waste potential of buildings: A case study of Padua. Resour. Conserv. Recycl. 142, 245–256 (2019).",General,Report/Literature
N-2774,"Miatto, A. et al. A spatial analysis of material stock accumulation and demolition waste potential of buildings: A case study of Padua. Resour. Conserv. Recycl. 142, 245–256 (2019).",General,Report/Literature
N-2775,"Miatto, A. et al. A spatial analysis of material stock accumulation and demolition waste potential of buildings: A case study of Padua. Resour. Conserv. Recycl. 142, 245–256 (2019).",General,Report/Literature
N-2776,"Miatto, A. et al. A spatial analysis of material stock accumulation and demolition waste potential of buildings: A case study of Padua. Resour. Conserv. Recycl. 142, 245–256 (2019).",General,Report/Literature
N-2777,"Miatto, A. et al. A spatial analysis of material stock accumulation and demolition waste potential of buildings: A case study of Padua. Resour. Conserv. Recycl. 142, 245–256 (2019).",General,Report/Literature
N-2778,"Miatto, A. et al. A spatial analysis of material stock accumulation and demolition waste potential of buildings: A case study of Padua. Resour. Conserv. Recycl. 142, 245–256 (2019).",General,Report/Literature
N-2779,"Buyle, M., Audenaert, A., Braet, J. & Debacker, W. Towards a More Sustainable Building Stock: Optimizing a Flemish Dwelling Using a Life Cycle Approach. Buildings 5, 424–448 (2015).",General,Report/Literature
N-2780,"Mosteiro-Romero, M. et al. Relative importance of electricity sources and construction practices in residential buildings: A Swiss-US comparison of energy related life-cycle impacts. Energy Build. 68, 620–631 (2014).",Specific,Field survey
N-2781,"Cuéllar-Franca, R. M. & Azapagic, A. Environmental impacts of the UK residential sector: Life cycle assessment of houses. Build. Environ. 54, 86–99 (2012).",Specific,Construction bill of materials/Architectural drawing
N-2782,"Cuéllar-Franca, R. M. & Azapagic, A. Environmental impacts of the UK residential sector: Life cycle assessment of houses. Build. Environ. 54, 86–99 (2012).",Specific,Construction bill of materials/Architectural drawing
N-2783,"Cuéllar-Franca, R. M. & Azapagic, A. Environmental impacts of the UK residential sector: Life cycle assessment of houses. Build. Environ. 54, 86–99 (2012).",Specific,Construction bill of materials/Architectural drawing
N-2784,"Asif, M., Muneer, T. & Kelley, R. Life cycle assessment: A case study of a dwelling home in Scotland. Build. Environ. 42, 1391–1394 (2007).",General,Construction bill of materials
N-2785,"Stephan, A. Towards a comprehensive energy assessment of residential buildings: a multi-scale life cycle energy analysis framework. (The University of Melbourne, 2013).",Specific,Construction bill of materials/Architectural drawing
N-2786,"Stephan, A. Towards a comprehensive energy assessment of residential buildings: a multi-scale life cycle energy analysis framework. (The University of Melbourne, 2013).",Specific,Construction bill of materials/Architectural drawing
N-2787,"Stephan, A. Towards a comprehensive energy assessment of residential buildings: a multi-scale life cycle energy analysis framework. (The University of Melbourne, 2013).",Specific,Construction bill of materials/Architectural drawing
N-2788,"Deetman, S. et al. Modelling global material stocks and flows for residential and service sector buildings towards 2050. J. Clean. Prod. 245, 118658 (2020).",General,Report/Literature
N-2789,"Deetman, S. et al. Modelling global material stocks and flows for residential and service sector buildings towards 2050. J. Clean. Prod. 245, 118658 (2020).",General,Report/Literature
N-2790,"Deetman, S. et al. Modelling global material stocks and flows for residential and service sector buildings towards 2050. J. Clean. Prod. 245, 118658 (2020).",General,Report/Literature
N-2791,"Deetman, S. et al. Modelling global material stocks and flows for residential and service sector buildings towards 2050. J. Clean. Prod. 245, 118658 (2020).",General,Report/Literature
N-2792,"Deetman, S. et al. Modelling global material stocks and flows for residential and service sector buildings towards 2050. J. Clean. Prod. 245, 118658 (2020).",General,Report/Literature
N-2793,"Deetman, S. et al. Modelling global material stocks and flows for residential and service sector buildings towards 2050. J. Clean. Prod. 245, 118658 (2020).",General,Report/Literature
N-2794,"Sprecher, B. et al. Material intensity database for the Dutch building stock: Towards Big Data in material stock analysis. J. Ind. Ecol. 26, 272–280 (2022).",Specific,Field survey
N-2795,"Sprecher, B. et al. Material intensity database for the Dutch building stock: Towards Big Data in material stock analysis. J. Ind. Ecol. 26, 272–280 (2022).",Specific,Field survey
N-2796,"Sprecher, B. et al. Material intensity database for the Dutch building stock: Towards Big Data in material stock analysis. J. Ind. Ecol. 26, 272–280 (2022).",Specific,Field survey
N-2797,"Sprecher, B. et al. Material intensity database for the Dutch building stock: Towards Big Data in material stock analysis. J. Ind. Ecol. 26, 272–280 (2022).",Specific,Field survey
N-2798,"Sprecher, B. et al. Material intensity database for the Dutch building stock: Towards Big Data in material stock analysis. J. Ind. Ecol. 26, 272–280 (2022).",Specific,Field survey
N-2799,"Sprecher, B. et al. Material intensity database for the Dutch building stock: Towards Big Data in material stock analysis. J. Ind. Ecol. 26, 272–280 (2022).",Specific,Field survey
N-2800,"Sprecher, B. et al. Material intensity database for the Dutch building stock: Towards Big Data in material stock analysis. J. Ind. Ecol. 26, 272–280 (2022).",Specific,Field survey
N-2801,"Sprecher, B. et al. Material intensity database for the Dutch building stock: Towards Big Data in material stock analysis. J. Ind. Ecol. 26, 272–280 (2022).",Specific,Field survey
N-2802,"Sprecher, B. et al. Material intensity database for the Dutch building stock: Towards Big Data in material stock analysis. J. Ind. Ecol. 26, 272–280 (2022).",Specific,Field survey
N-2803,"Sprecher, B. et al. Material intensity database for the Dutch building stock: Towards Big Data in material stock analysis. J. Ind. Ecol. 26, 272–280 (2022).",Specific,Field survey
N-2804,"Sprecher, B. et al. Material intensity database for the Dutch building stock: Towards Big Data in material stock analysis. J. Ind. Ecol. 26, 272–280 (2022).",Specific,Field survey
N-2805,"Sprecher, B. et al. Material intensity database for the Dutch building stock: Towards Big Data in material stock analysis. J. Ind. Ecol. 26, 272–280 (2022).",Specific,Field survey
N-2806,"Sprecher, B. et al. Material intensity database for the Dutch building stock: Towards Big Data in material stock analysis. J. Ind. Ecol. 26, 272–280 (2022).",Specific,Field survey
N-2807,"Sprecher, B. et al. Material intensity database for the Dutch building stock: Towards Big Data in material stock analysis. J. Ind. Ecol. 26, 272–280 (2022).",Specific,Field survey
N-2808,"Sprecher, B. et al. Material intensity database for the Dutch building stock: Towards Big Data in material stock analysis. J. Ind. Ecol. 26, 272–280 (2022).",Specific,Field survey
N-2809,"Sprecher, B. et al. Material intensity database for the Dutch building stock: Towards Big Data in material stock analysis. J. Ind. Ecol. 26, 272–280 (2022).",Specific,Field survey
N-2810,"Sprecher, B. et al. Material intensity database for the Dutch building stock: Towards Big Data in material stock analysis. J. Ind. Ecol. 26, 272–280 (2022).",Specific,Field survey
N-2811,"Sprecher, B. et al. Material intensity database for the Dutch building stock: Towards Big Data in material stock analysis. J. Ind. Ecol. 26, 272–280 (2022).",Specific,Field survey
N-2812,"Sprecher, B. et al. Material intensity database for the Dutch building stock: Towards Big Data in material stock analysis. J. Ind. Ecol. 26, 272–280 (2022).",Specific,Field survey
N-2813,"Sprecher, B. et al. Material intensity database for the Dutch building stock: Towards Big Data in material stock analysis. J. Ind. Ecol. 26, 272–280 (2022).",Specific,Field survey
N-2814,"Sprecher, B. et al. Material intensity database for the Dutch building stock: Towards Big Data in material stock analysis. J. Ind. Ecol. 26, 272–280 (2022).",Specific,Field survey
N-2815,"Sprecher, B. et al. Material intensity database for the Dutch building stock: Towards Big Data in material stock analysis. J. Ind. Ecol. 26, 272–280 (2022).",Specific,Field survey
N-2816,"Sprecher, B. et al. Material intensity database for the Dutch building stock: Towards Big Data in material stock analysis. J. Ind. Ecol. 26, 272–280 (2022).",Specific,Field survey
N-2817,"Sprecher, B. et al. Material intensity database for the Dutch building stock: Towards Big Data in material stock analysis. J. Ind. Ecol. 26, 272–280 (2022).",Specific,Field survey
N-2818,"Sprecher, B. et al. Material intensity database for the Dutch building stock: Towards Big Data in material stock analysis. J. Ind. Ecol. 26, 272–280 (2022).",Specific,Field survey
N-2819,"Sprecher, B. et al. Material intensity database for the Dutch building stock: Towards Big Data in material stock analysis. J. Ind. Ecol. 26, 272–280 (2022).",Specific,Field survey
N-2820,"Sprecher, B. et al. Material intensity database for the Dutch building stock: Towards Big Data in material stock analysis. J. Ind. Ecol. 26, 272–280 (2022).",Specific,Field survey
N-2821,"Sprecher, B. et al. Material intensity database for the Dutch building stock: Towards Big Data in material stock analysis. J. Ind. Ecol. 26, 272–280 (2022).",Specific,Field survey
N-2822,"Sprecher, B. et al. Material intensity database for the Dutch building stock: Towards Big Data in material stock analysis. J. Ind. Ecol. 26, 272–280 (2022).",Specific,Field survey
N-2823,"Sprecher, B. et al. Material intensity database for the Dutch building stock: Towards Big Data in material stock analysis. J. Ind. Ecol. 26, 272–280 (2022).",Specific,Field survey
N-2824,"Sprecher, B. et al. Material intensity database for the Dutch building stock: Towards Big Data in material stock analysis. J. Ind. Ecol. 26, 272–280 (2022).",Specific,Field survey
N-2825,"Sprecher, B. et al. Material intensity database for the Dutch building stock: Towards Big Data in material stock analysis. J. Ind. Ecol. 26, 272–280 (2022).",Specific,Field survey
N-2826,"Sprecher, B. et al. Material intensity database for the Dutch building stock: Towards Big Data in material stock analysis. J. Ind. Ecol. 26, 272–280 (2022).",Specific,Field survey
N-2827,"Sprecher, B. et al. Material intensity database for the Dutch building stock: Towards Big Data in material stock analysis. J. Ind. Ecol. 26, 272–280 (2022).",Specific,Field survey
N-2828,"Sprecher, B. et al. Material intensity database for the Dutch building stock: Towards Big Data in material stock analysis. J. Ind. Ecol. 26, 272–280 (2022).",Specific,Field survey
N-2829,"Sprecher, B. et al. Material intensity database for the Dutch building stock: Towards Big Data in material stock analysis. J. Ind. Ecol. 26, 272–280 (2022).",Specific,Field survey
N-2830,"Sprecher, B. et al. Material intensity database for the Dutch building stock: Towards Big Data in material stock analysis. J. Ind. Ecol. 26, 272–280 (2022).",Specific,Field survey
N-2831,"Sprecher, B. et al. Material intensity database for the Dutch building stock: Towards Big Data in material stock analysis. J. Ind. Ecol. 26, 272–280 (2022).",Specific,Field survey
N-2832,"Sprecher, B. et al. Material intensity database for the Dutch building stock: Towards Big Data in material stock analysis. J. Ind. Ecol. 26, 272–280 (2022).",Specific,Field survey
N-2833,"Sprecher, B. et al. Material intensity database for the Dutch building stock: Towards Big Data in material stock analysis. J. Ind. Ecol. 26, 272–280 (2022).",Specific,Field survey
N-2834,"Sprecher, B. et al. Material intensity database for the Dutch building stock: Towards Big Data in material stock analysis. J. Ind. Ecol. 26, 272–280 (2022).",Specific,Field survey
N-2835,"Sprecher, B. et al. Material intensity database for the Dutch building stock: Towards Big Data in material stock analysis. J. Ind. Ecol. 26, 272–280 (2022).",Specific,Field survey
N-2836,"Sprecher, B. et al. Material intensity database for the Dutch building stock: Towards Big Data in material stock analysis. J. Ind. Ecol. 26, 272–280 (2022).",Specific,Field survey
N-2837,"Sprecher, B. et al. Material intensity database for the Dutch building stock: Towards Big Data in material stock analysis. J. Ind. Ecol. 26, 272–280 (2022).",Specific,Field survey
N-2838,"Sprecher, B. et al. Material intensity database for the Dutch building stock: Towards Big Data in material stock analysis. J. Ind. Ecol. 26, 272–280 (2022).",Specific,Field survey
N-2839,"Sprecher, B. et al. Material intensity database for the Dutch building stock: Towards Big Data in material stock analysis. J. Ind. Ecol. 26, 272–280 (2022).",Specific,Field survey
N-2840,"Sprecher, B. et al. Material intensity database for the Dutch building stock: Towards Big Data in material stock analysis. J. Ind. Ecol. 26, 272–280 (2022).",Specific,Field survey
N-2841,"Sprecher, B. et al. Material intensity database for the Dutch building stock: Towards Big Data in material stock analysis. J. Ind. Ecol. 26, 272–280 (2022).",Specific,Field survey
N-2842,"Sprecher, B. et al. Material intensity database for the Dutch building stock: Towards Big Data in material stock analysis. J. Ind. Ecol. 26, 272–280 (2022).",Specific,Field survey
N-2843,"Sprecher, B. et al. Material intensity database for the Dutch building stock: Towards Big Data in material stock analysis. J. Ind. Ecol. 26, 272–280 (2022).",Specific,Field survey
N-2844,"Sprecher, B. et al. Material intensity database for the Dutch building stock: Towards Big Data in material stock analysis. J. Ind. Ecol. 26, 272–280 (2022).",Specific,Field survey
N-2845,"Sprecher, B. et al. Material intensity database for the Dutch building stock: Towards Big Data in material stock analysis. J. Ind. Ecol. 26, 272–280 (2022).",Specific,Field survey
N-2846,"Sprecher, B. et al. Material intensity database for the Dutch building stock: Towards Big Data in material stock analysis. J. Ind. Ecol. 26, 272–280 (2022).",Specific,Field survey
N-2847,"Sprecher, B. et al. Material intensity database for the Dutch building stock: Towards Big Data in material stock analysis. J. Ind. Ecol. 26, 272–280 (2022).",Specific,Field survey
N-2848,"Sprecher, B. et al. Material intensity database for the Dutch building stock: Towards Big Data in material stock analysis. J. Ind. Ecol. 26, 272–280 (2022).",Specific,Field survey
N-2849,"Sprecher, B. et al. Material intensity database for the Dutch building stock: Towards Big Data in material stock analysis. J. Ind. Ecol. 26, 272–280 (2022).",Specific,Field survey
N-2850,"Sprecher, B. et al. Material intensity database for the Dutch building stock: Towards Big Data in material stock analysis. J. Ind. Ecol. 26, 272–280 (2022).",Specific,Field survey
N-2851,"Sprecher, B. et al. Material intensity database for the Dutch building stock: Towards Big Data in material stock analysis. J. Ind. Ecol. 26, 272–280 (2022).",Specific,Field survey
N-2852,"Sprecher, B. et al. Material intensity database for the Dutch building stock: Towards Big Data in material stock analysis. J. Ind. Ecol. 26, 272–280 (2022).",Specific,Field survey
N-2853,"Sprecher, B. et al. Material intensity database for the Dutch building stock: Towards Big Data in material stock analysis. J. Ind. Ecol. 26, 272–280 (2022).",Specific,Field survey
N-2854,"Sprecher, B. et al. Material intensity database for the Dutch building stock: Towards Big Data in material stock analysis. J. Ind. Ecol. 26, 272–280 (2022).",Specific,Field survey
N-2855,"Miatto, A. et al. A spatial analysis of material stock accumulation and demolition waste potential of buildings: A case study of Padua. Resour. Conserv. Recycl. 142, 245–256 (2019).",Specific,Field survey
N-2856,"Miatto, A. et al. A spatial analysis of material stock accumulation and demolition waste potential of buildings: A case study of Padua. Resour. Conserv. Recycl. 142, 245–256 (2019).",Specific,Field survey
N-2857,"Miatto, A. et al. A spatial analysis of material stock accumulation and demolition waste potential of buildings: A case study of Padua. Resour. Conserv. Recycl. 142, 245–256 (2019).",Specific,Field survey
N-2858,"Miatto, A. et al. A spatial analysis of material stock accumulation and demolition waste potential of buildings: A case study of Padua. Resour. Conserv. Recycl. 142, 245–256 (2019).",Specific,Field survey
N-2859,"Miatto, A. et al. A spatial analysis of material stock accumulation and demolition waste potential of buildings: A case study of Padua. Resour. Conserv. Recycl. 142, 245–256 (2019).",Specific,Field survey
N-2860,"Miatto, A. et al. A spatial analysis of material stock accumulation and demolition waste potential of buildings: A case study of Padua. Resour. Conserv. Recycl. 142, 245–256 (2019).",Specific,Field survey
N-2861,"Miatto, A. et al. A spatial analysis of material stock accumulation and demolition waste potential of buildings: A case study of Padua. Resour. Conserv. Recycl. 142, 245–256 (2019).",Specific,Field survey
N-2862,"Miatto, A. et al. A spatial analysis of material stock accumulation and demolition waste potential of buildings: A case study of Padua. Resour. Conserv. Recycl. 142, 245–256 (2019).",Specific,Field survey
N-2863,"Miatto, A. et al. A spatial analysis of material stock accumulation and demolition waste potential of buildings: A case study of Padua. Resour. Conserv. Recycl. 142, 245–256 (2019).",Specific,Field survey
N-2864,"Miatto, A. et al. A spatial analysis of material stock accumulation and demolition waste potential of buildings: A case study of Padua. Resour. Conserv. Recycl. 142, 245–256 (2019).",Specific,Field survey
N-2865,"Miatto, A. et al. A spatial analysis of material stock accumulation and demolition waste potential of buildings: A case study of Padua. Resour. Conserv. Recycl. 142, 245–256 (2019).",Specific,Field survey
N-2866,"Miatto, A. et al. A spatial analysis of material stock accumulation and demolition waste potential of buildings: A case study of Padua. Resour. Conserv. Recycl. 142, 245–256 (2019).",Specific,Field survey
N-2867,"Miatto, A. et al. A spatial analysis of material stock accumulation and demolition waste potential of buildings: A case study of Padua. Resour. Conserv. Recycl. 142, 245–256 (2019).",Specific,Field survey
N-2868,"Miatto, A. et al. A spatial analysis of material stock accumulation and demolition waste potential of buildings: A case study of Padua. Resour. Conserv. Recycl. 142, 245–256 (2019).",Specific,Field survey
N-2869,"Miatto, A. et al. A spatial analysis of material stock accumulation and demolition waste potential of buildings: A case study of Padua. Resour. Conserv. Recycl. 142, 245–256 (2019).",Specific,Field survey
N-2870,"Miatto, A. et al. A spatial analysis of material stock accumulation and demolition waste potential of buildings: A case study of Padua. Resour. Conserv. Recycl. 142, 245–256 (2019).",Specific,Field survey
N-2871,"Miatto, A. et al. A spatial analysis of material stock accumulation and demolition waste potential of buildings: A case study of Padua. Resour. Conserv. Recycl. 142, 245–256 (2019).",Specific,Field survey
N-2872,"Miatto, A. et al. A spatial analysis of material stock accumulation and demolition waste potential of buildings: A case study of Padua. Resour. Conserv. Recycl. 142, 245–256 (2019).",Specific,Field survey
N-2873,"Miatto, A. et al. A spatial analysis of material stock accumulation and demolition waste potential of buildings: A case study of Padua. Resour. Conserv. Recycl. 142, 245–256 (2019).",Specific,Field survey
N-2874,"Miatto, A. et al. A spatial analysis of material stock accumulation and demolition waste potential of buildings: A case study of Padua. Resour. Conserv. Recycl. 142, 245–256 (2019).",Specific,Field survey
N-2875,"Miatto, A. et al. A spatial analysis of material stock accumulation and demolition waste potential of buildings: A case study of Padua. Resour. Conserv. Recycl. 142, 245–256 (2019).",Specific,Field survey
N-2876,"Miatto, A. et al. A spatial analysis of material stock accumulation and demolition waste potential of buildings: A case study of Padua. Resour. Conserv. Recycl. 142, 245–256 (2019).",Specific,Field survey
N-2877,"Miatto, A. et al. A spatial analysis of material stock accumulation and demolition waste potential of buildings: A case study of Padua. Resour. Conserv. Recycl. 142, 245–256 (2019).",Specific,Field survey
N-2878,"Miatto, A. et al. A spatial analysis of material stock accumulation and demolition waste potential of buildings: A case study of Padua. Resour. Conserv. Recycl. 142, 245–256 (2019).",Specific,Field survey
N-2879,"Lanau, M. & Liu, G. Developing an Urban Resource Cadaster for Circular Economy: A Case of Odense, Denmark. Environ. Sci. Technol. 54, 4675–4685 (2020).",Specific,Construction bill of materials/Architectural drawing
N-2880,"Lanau, M. & Liu, G. Developing an Urban Resource Cadaster for Circular Economy: A Case of Odense, Denmark. Environ. Sci. Technol. 54, 4675–4685 (2020).",Specific,Construction bill of materials/Architectural drawing
N-2881,"Lanau, M. & Liu, G. Developing an Urban Resource Cadaster for Circular Economy: A Case of Odense, Denmark. Environ. Sci. Technol. 54, 4675–4685 (2020).",Specific,Construction bill of materials/Architectural drawing
N-2882,"Lanau, M. & Liu, G. Developing an Urban Resource Cadaster for Circular Economy: A Case of Odense, Denmark. Environ. Sci. Technol. 54, 4675–4685 (2020).",Specific,Construction bill of materials/Architectural drawing
N-2883,"Lanau, M. & Liu, G. Developing an Urban Resource Cadaster for Circular Economy: A Case of Odense, Denmark. Environ. Sci. Technol. 54, 4675–4685 (2020).",Specific,Construction bill of materials/Architectural drawing
N-2884,"Lanau, M. & Liu, G. Developing an Urban Resource Cadaster for Circular Economy: A Case of Odense, Denmark. Environ. Sci. Technol. 54, 4675–4685 (2020).",Specific,Construction bill of materials/Architectural drawing
N-2885,"Lanau, M. & Liu, G. Developing an Urban Resource Cadaster for Circular Economy: A Case of Odense, Denmark. Environ. Sci. Technol. 54, 4675–4685 (2020).",Specific,Construction bill of materials/Architectural drawing
N-2886,"Lanau, M. & Liu, G. Developing an Urban Resource Cadaster for Circular Economy: A Case of Odense, Denmark. Environ. Sci. Technol. 54, 4675–4685 (2020).",Specific,Construction bill of materials/Architectural drawing
N-2887,"Lanau, M. & Liu, G. Developing an Urban Resource Cadaster for Circular Economy: A Case of Odense, Denmark. Environ. Sci. Technol. 54, 4675–4685 (2020).",Specific,Construction bill of materials/Architectural drawing
N-2888,"Lanau, M. & Liu, G. Developing an Urban Resource Cadaster for Circular Economy: A Case of Odense, Denmark. Environ. Sci. Technol. 54, 4675–4685 (2020).",Specific,Construction bill of materials/Architectural drawing
N-2889,"Lanau, M. & Liu, G. Developing an Urban Resource Cadaster for Circular Economy: A Case of Odense, Denmark. Environ. Sci. Technol. 54, 4675–4685 (2020).",Specific,Construction bill of materials/Architectural drawing
N-2890,"Lanau, M. & Liu, G. Developing an Urban Resource Cadaster for Circular Economy: A Case of Odense, Denmark. Environ. Sci. Technol. 54, 4675–4685 (2020).",Specific,Construction bill of materials/Architectural drawing
N-2891,"Lanau, M. & Liu, G. Developing an Urban Resource Cadaster for Circular Economy: A Case of Odense, Denmark. Environ. Sci. Technol. 54, 4675–4685 (2020).",Specific,Construction bill of materials/Architectural drawing
N-2892,"Lanau, M. & Liu, G. Developing an Urban Resource Cadaster for Circular Economy: A Case of Odense, Denmark. Environ. Sci. Technol. 54, 4675–4685 (2020).",Specific,Construction bill of materials/Architectural drawing
N-2893,"Lanau, M. & Liu, G. Developing an Urban Resource Cadaster for Circular Economy: A Case of Odense, Denmark. Environ. Sci. Technol. 54, 4675–4685 (2020).",Specific,Construction bill of materials/Architectural drawing
N-2894,"Lanau, M. & Liu, G. Developing an Urban Resource Cadaster for Circular Economy: A Case of Odense, Denmark. Environ. Sci. Technol. 54, 4675–4685 (2020).",Specific,Construction bill of materials/Architectural drawing
N-2895,"Lanau, M. & Liu, G. Developing an Urban Resource Cadaster for Circular Economy: A Case of Odense, Denmark. Environ. Sci. Technol. 54, 4675–4685 (2020).",Specific,Construction bill of materials/Architectural drawing
N-2896,"Lanau, M. & Liu, G. Developing an Urban Resource Cadaster for Circular Economy: A Case of Odense, Denmark. Environ. Sci. Technol. 54, 4675–4685 (2020).",Specific,Construction bill of materials/Architectural drawing
N-2897,"Lanau, M. & Liu, G. Developing an Urban Resource Cadaster for Circular Economy: A Case of Odense, Denmark. Environ. Sci. Technol. 54, 4675–4685 (2020).",Specific,Construction bill of materials/Architectural drawing
N-2898,"Lanau, M. & Liu, G. Developing an Urban Resource Cadaster for Circular Economy: A Case of Odense, Denmark. Environ. Sci. Technol. 54, 4675–4685 (2020).",Specific,Construction bill of materials/Architectural drawing
N-2899,"Lanau, M. & Liu, G. Developing an Urban Resource Cadaster for Circular Economy: A Case of Odense, Denmark. Environ. Sci. Technol. 54, 4675–4685 (2020).",Specific,Construction bill of materials/Architectural drawing
N-2900,"Lanau, M. & Liu, G. Developing an Urban Resource Cadaster for Circular Economy: A Case of Odense, Denmark. Environ. Sci. Technol. 54, 4675–4685 (2020).",Specific,Construction bill of materials/Architectural drawing
N-2901,"Lanau, M. & Liu, G. Developing an Urban Resource Cadaster for Circular Economy: A Case of Odense, Denmark. Environ. Sci. Technol. 54, 4675–4685 (2020).",Specific,Construction bill of materials/Architectural drawing
N-2902,"Lanau, M. & Liu, G. Developing an Urban Resource Cadaster for Circular Economy: A Case of Odense, Denmark. Environ. Sci. Technol. 54, 4675–4685 (2020).",Specific,Construction bill of materials/Architectural drawing
N-2903,"Lanau, M. & Liu, G. Developing an Urban Resource Cadaster for Circular Economy: A Case of Odense, Denmark. Environ. Sci. Technol. 54, 4675–4685 (2020).",Specific,Construction bill of materials/Architectural drawing
N-2904,"Lanau, M. & Liu, G. Developing an Urban Resource Cadaster for Circular Economy: A Case of Odense, Denmark. Environ. Sci. Technol. 54, 4675–4685 (2020).",Specific,Construction bill of materials/Architectural drawing
N-2905,"Lanau, M. & Liu, G. Developing an Urban Resource Cadaster for Circular Economy: A Case of Odense, Denmark. Environ. Sci. Technol. 54, 4675–4685 (2020).",Specific,Construction bill of materials/Architectural drawing
N-2906,"Zhong, X. et al. Global greenhouse gas emissions from residential and commercial building materials and mitigation strategies to 2060. Nat. Commun. 12, 6126 (2021).",General,Report/Literature
N-2907,"Zhong, X. et al. Global greenhouse gas emissions from residential and commercial building materials and mitigation strategies to 2060. Nat. Commun. 12, 6126 (2021).",General,Report/Literature
N-2908,"Zhong, X. et al. Global greenhouse gas emissions from residential and commercial building materials and mitigation strategies to 2060. Nat. Commun. 12, 6126 (2021).",General,Report/Literature
N-2909,"Zhong, X. et al. Global greenhouse gas emissions from residential and commercial building materials and mitigation strategies to 2060. Nat. Commun. 12, 6126 (2021).",General,Report/Literature
N-2910,"Zhong, X. et al. Global greenhouse gas emissions from residential and commercial building materials and mitigation strategies to 2060. Nat. Commun. 12, 6126 (2021).",General,Report/Literature
N-2911,"Zhong, X. et al. Global greenhouse gas emissions from residential and commercial building materials and mitigation strategies to 2060. Nat. Commun. 12, 6126 (2021).",General,Report/Literature
N-2912,"Zhong, X. et al. Global greenhouse gas emissions from residential and commercial building materials and mitigation strategies to 2060. Nat. Commun. 12, 6126 (2021).",General,Report/Literature
N-2913,"Zhong, X. et al. Global greenhouse gas emissions from residential and commercial building materials and mitigation strategies to 2060. Nat. Commun. 12, 6126 (2021).",General,Report/Literature
N-2914,"Zhong, X. et al. Global greenhouse gas emissions from residential and commercial building materials and mitigation strategies to 2060. Nat. Commun. 12, 6126 (2021).",General,Report/Literature
N-2915,"Zhong, X. et al. Global greenhouse gas emissions from residential and commercial building materials and mitigation strategies to 2060. Nat. Commun. 12, 6126 (2021).",General,Report/Literature
N-2916,"Zhong, X. et al. Global greenhouse gas emissions from residential and commercial building materials and mitigation strategies to 2060. Nat. Commun. 12, 6126 (2021).",General,Report/Literature
N-2917,"Zhong, X. et al. Global greenhouse gas emissions from residential and commercial building materials and mitigation strategies to 2060. Nat. Commun. 12, 6126 (2021).",General,Report/Literature
N-2918,"Zhong, X. et al. Global greenhouse gas emissions from residential and commercial building materials and mitigation strategies to 2060. Nat. Commun. 12, 6126 (2021).",General,Report/Literature
N-2919,"Zhong, X. et al. Global greenhouse gas emissions from residential and commercial building materials and mitigation strategies to 2060. Nat. Commun. 12, 6126 (2021).",General,Report/Literature
N-2920,"Zhong, X. et al. Global greenhouse gas emissions from residential and commercial building materials and mitigation strategies to 2060. Nat. Commun. 12, 6126 (2021).",General,Report/Literature
N-2921,"Zhong, X. et al. Global greenhouse gas emissions from residential and commercial building materials and mitigation strategies to 2060. Nat. Commun. 12, 6126 (2021).",General,Report/Literature
N-2922,"Marcellus‐Zamora, K. A., Gallagher, P. M., Spatari, S. & Tanikawa, H. Estimating Materials Stocked by Land‐Use Type in Historic Urban Buildings Using Spatio‐Temporal Analytical Tools. J. Ind. Ecol. 20, 1025–1037 (2016).",General,Report/Literature
N-2923,"Marcellus‐Zamora, K. A., Gallagher, P. M., Spatari, S. & Tanikawa, H. Estimating Materials Stocked by Land‐Use Type in Historic Urban Buildings Using Spatio‐Temporal Analytical Tools. J. Ind. Ecol. 20, 1025–1037 (2016).",General,Report/Literature
N-2924,"Marcellus‐Zamora, K. A., Gallagher, P. M., Spatari, S. & Tanikawa, H. Estimating Materials Stocked by Land‐Use Type in Historic Urban Buildings Using Spatio‐Temporal Analytical Tools. J. Ind. Ecol. 20, 1025–1037 (2016).",General,Report/Literature
N-2925,"Marcellus‐Zamora, K. A., Gallagher, P. M., Spatari, S. & Tanikawa, H. Estimating Materials Stocked by Land‐Use Type in Historic Urban Buildings Using Spatio‐Temporal Analytical Tools. J. Ind. Ecol. 20, 1025–1037 (2016).",General,Report/Literature
N-2926,"Reyna, J. L. & Chester, M. V. The Growth of Urban Building Stock: Unintended Lock-in and Embedded Environmental Effects. J. Ind. Ecol. 19, 524–537 (2015).",Specific,Construction bill of materials
N-2927,"Reyna, J. L. & Chester, M. V. The Growth of Urban Building Stock: Unintended Lock-in and Embedded Environmental Effects. J. Ind. Ecol. 19, 524–537 (2015).",Specific,Construction bill of materials
N-2928,"Reyna, J. L. & Chester, M. V. The Growth of Urban Building Stock: Unintended Lock-in and Embedded Environmental Effects. J. Ind. Ecol. 19, 524–537 (2015).",Specific,Construction bill of materials
N-2929,"Reyna, J. L. & Chester, M. V. The Growth of Urban Building Stock: Unintended Lock-in and Embedded Environmental Effects. J. Ind. Ecol. 19, 524–537 (2015).",Specific,Construction bill of materials
N-2930,"Reyna, J. L. & Chester, M. V. The Growth of Urban Building Stock: Unintended Lock-in and Embedded Environmental Effects. J. Ind. Ecol. 19, 524–537 (2015).",Specific,Construction bill of materials
N-2931,"Reyna, J. L. & Chester, M. V. The Growth of Urban Building Stock: Unintended Lock-in and Embedded Environmental Effects. J. Ind. Ecol. 19, 524–537 (2015).",Specific,Construction bill of materials
N-2932,"Reyna, J. L. & Chester, M. V. The Growth of Urban Building Stock: Unintended Lock-in and Embedded Environmental Effects. J. Ind. Ecol. 19, 524–537 (2015).",Specific,Construction bill of materials
N-2933,"Reyna, J. L. & Chester, M. V. The Growth of Urban Building Stock: Unintended Lock-in and Embedded Environmental Effects. J. Ind. Ecol. 19, 524–537 (2015).",Specific,Construction bill of materials
N-2934,"Reyna, J. L. & Chester, M. V. The Growth of Urban Building Stock: Unintended Lock-in and Embedded Environmental Effects. J. Ind. Ecol. 19, 524–537 (2015).",Specific,Construction bill of materials
N-2935,"Reyna, J. L. & Chester, M. V. The Growth of Urban Building Stock: Unintended Lock-in and Embedded Environmental Effects. J. Ind. Ecol. 19, 524–537 (2015).",Specific,Construction bill of materials
N-2936,"Reyna, J. L. & Chester, M. V. The Growth of Urban Building Stock: Unintended Lock-in and Embedded Environmental Effects. J. Ind. Ecol. 19, 524–537 (2015).",Specific,Construction bill of materials
N-2937,"Reyna, J. L. & Chester, M. V. The Growth of Urban Building Stock: Unintended Lock-in and Embedded Environmental Effects. J. Ind. Ecol. 19, 524–537 (2015).",Specific,Construction bill of materials
N-2938,"Reyna, J. L. & Chester, M. V. The Growth of Urban Building Stock: Unintended Lock-in and Embedded Environmental Effects. J. Ind. Ecol. 19, 524–537 (2015).",Specific,Construction bill of materials
N-2939,"Reyna, J. L. & Chester, M. V. The Growth of Urban Building Stock: Unintended Lock-in and Embedded Environmental Effects. J. Ind. Ecol. 19, 524–537 (2015).",Specific,Construction bill of materials
N-2940,"Zhang, W., Tan, S., Lei, Y. & Wang, S. Life cycle assessment of a single-family residential building in Canada: A case study. Build. Simul. 7, 429–438 (2014).",Specific,Field survey
N-2941,"Zhang, W., Tan, S., Lei, Y. & Wang, S. Life cycle assessment of a single-family residential building in Canada: A case study. Build. Simul. 7, 429–438 (2014).",Specific,Field survey
N-2942,"Reza, B., Sadiq, R. & Hewage, K. Emergy-based life cycle assessment (Em-LCA) of multi-unit and single-family residential buildings in Canada. Int. J. Sustain. Built Environ. 3, 207–224 (2014).",Specific,Field survey
N-2943,"Reza, B., Sadiq, R. & Hewage, K. Emergy-based life cycle assessment (Em-LCA) of multi-unit and single-family residential buildings in Canada. Int. J. Sustain. Built Environ. 3, 207–224 (2014).",Specific,Field survey
N-2944,"Blanchard, S. & Reppe, P. Life cycle analysis of a residential home in Michigan. School of Natural Resources and Environment. 1998, University of Michigan 155, (1998).",Specific,Field survey
N-2945,"Mosteiro-Romero, M. et al. Relative importance of electricity sources and construction practices in residential buildings: A Swiss-US comparison of energy related life-cycle impacts. Energy Build. 68, 620–631 (2014).",Specific,Field survey
N-2946,"Arceo, A., MacLean, H. L. & Saxe, S. Material intensity in single-family dwellings: Variability between locations, functional unit and drivers of material use in Toronto, Perth, and Luzon. Resour. Conserv. Recycl. 188, 106683 (2023).",Specific,Report/Literature
N-2947,"Arceo, A., MacLean, H. L. & Saxe, S. Material intensity in single-family dwellings: Variability between locations, functional unit and drivers of material use in Toronto, Perth, and Luzon. Resour. Conserv. Recycl. 188, 106683 (2023).",Specific,Report/Literature
N-2948,"Arceo, A., MacLean, H. L. & Saxe, S. Material intensity in single-family dwellings: Variability between locations, functional unit and drivers of material use in Toronto, Perth, and Luzon. Resour. Conserv. Recycl. 188, 106683 (2023).",Specific,Report/Literature
N-2949,"Arceo, A., MacLean, H. L. & Saxe, S. Material intensity in single-family dwellings: Variability between locations, functional unit and drivers of material use in Toronto, Perth, and Luzon. Resour. Conserv. Recycl. 188, 106683 (2023).",Specific,Report/Literature
N-2950,"Arceo, A., MacLean, H. L. & Saxe, S. Material intensity in single-family dwellings: Variability between locations, functional unit and drivers of material use in Toronto, Perth, and Luzon. Resour. Conserv. Recycl. 188, 106683 (2023).",Specific,Report/Literature
N-2951,"Arceo, A., MacLean, H. L. & Saxe, S. Material intensity in single-family dwellings: Variability between locations, functional unit and drivers of material use in Toronto, Perth, and Luzon. Resour. Conserv. Recycl. 188, 106683 (2023).",Specific,Report/Literature
N-2952,"Arceo, A., MacLean, H. L. & Saxe, S. Material intensity in single-family dwellings: Variability between locations, functional unit and drivers of material use in Toronto, Perth, and Luzon. Resour. Conserv. Recycl. 188, 106683 (2023).",Specific,Report/Literature
N-2953,"Arceo, A., MacLean, H. L. & Saxe, S. Material intensity in single-family dwellings: Variability between locations, functional unit and drivers of material use in Toronto, Perth, and Luzon. Resour. Conserv. Recycl. 188, 106683 (2023).",Specific,Report/Literature
N-2954,"Arceo, A., MacLean, H. L. & Saxe, S. Material intensity in single-family dwellings: Variability between locations, functional unit and drivers of material use in Toronto, Perth, and Luzon. Resour. Conserv. Recycl. 188, 106683 (2023).",Specific,Report/Literature
N-2955,"Arceo, A., MacLean, H. L. & Saxe, S. Material intensity in single-family dwellings: Variability between locations, functional unit and drivers of material use in Toronto, Perth, and Luzon. Resour. Conserv. Recycl. 188, 106683 (2023).",Specific,Report/Literature
N-2956,"Arceo, A., MacLean, H. L. & Saxe, S. Material intensity in single-family dwellings: Variability between locations, functional unit and drivers of material use in Toronto, Perth, and Luzon. Resour. Conserv. Recycl. 188, 106683 (2023).",Specific,Report/Literature
N-2957,"Arceo, A., MacLean, H. L. & Saxe, S. Material intensity in single-family dwellings: Variability between locations, functional unit and drivers of material use in Toronto, Perth, and Luzon. Resour. Conserv. Recycl. 188, 106683 (2023).",Specific,Report/Literature
N-2958,"Arceo, A., MacLean, H. L. & Saxe, S. Material intensity in single-family dwellings: Variability between locations, functional unit and drivers of material use in Toronto, Perth, and Luzon. Resour. Conserv. Recycl. 188, 106683 (2023).",Specific,Report/Literature
N-2959,"Arceo, A., MacLean, H. L. & Saxe, S. Material intensity in single-family dwellings: Variability between locations, functional unit and drivers of material use in Toronto, Perth, and Luzon. Resour. Conserv. Recycl. 188, 106683 (2023).",Specific,Report/Literature
N-2960,"Arceo, A., MacLean, H. L. & Saxe, S. Material intensity in single-family dwellings: Variability between locations, functional unit and drivers of material use in Toronto, Perth, and Luzon. Resour. Conserv. Recycl. 188, 106683 (2023).",Specific,Report/Literature
N-2961,"Arceo, A., MacLean, H. L. & Saxe, S. Material intensity in single-family dwellings: Variability between locations, functional unit and drivers of material use in Toronto, Perth, and Luzon. Resour. Conserv. Recycl. 188, 106683 (2023).",Specific,Report/Literature
N-2962,"Arceo, A., MacLean, H. L. & Saxe, S. Material intensity in single-family dwellings: Variability between locations, functional unit and drivers of material use in Toronto, Perth, and Luzon. Resour. Conserv. Recycl. 188, 106683 (2023).",Specific,Report/Literature
N-2963,"Arceo, A., MacLean, H. L. & Saxe, S. Material intensity in single-family dwellings: Variability between locations, functional unit and drivers of material use in Toronto, Perth, and Luzon. Resour. Conserv. Recycl. 188, 106683 (2023).",Specific,Report/Literature
N-2964,"Arceo, A., MacLean, H. L. & Saxe, S. Material intensity in single-family dwellings: Variability between locations, functional unit and drivers of material use in Toronto, Perth, and Luzon. Resour. Conserv. Recycl. 188, 106683 (2023).",Specific,Report/Literature
N-2965,"Arceo, A., MacLean, H. L. & Saxe, S. Material intensity in single-family dwellings: Variability between locations, functional unit and drivers of material use in Toronto, Perth, and Luzon. Resour. Conserv. Recycl. 188, 106683 (2023).",Specific,Report/Literature
N-2966,"Arceo, A., MacLean, H. L. & Saxe, S. Material intensity in single-family dwellings: Variability between locations, functional unit and drivers of material use in Toronto, Perth, and Luzon. Resour. Conserv. Recycl. 188, 106683 (2023).",Specific,Report/Literature
N-2967,"Arceo, A., MacLean, H. L. & Saxe, S. Material intensity in single-family dwellings: Variability between locations, functional unit and drivers of material use in Toronto, Perth, and Luzon. Resour. Conserv. Recycl. 188, 106683 (2023).",Specific,Report/Literature
N-2968,"Arceo, A., MacLean, H. L. & Saxe, S. Material intensity in single-family dwellings: Variability between locations, functional unit and drivers of material use in Toronto, Perth, and Luzon. Resour. Conserv. Recycl. 188, 106683 (2023).",Specific,Report/Literature
N-2969,"Arceo, A., MacLean, H. L. & Saxe, S. Material intensity in single-family dwellings: Variability between locations, functional unit and drivers of material use in Toronto, Perth, and Luzon. Resour. Conserv. Recycl. 188, 106683 (2023).",Specific,Report/Literature
N-2970,"Arceo, A., MacLean, H. L. & Saxe, S. Material intensity in single-family dwellings: Variability between locations, functional unit and drivers of material use in Toronto, Perth, and Luzon. Resour. Conserv. Recycl. 188, 106683 (2023).",Specific,Report/Literature
N-2971,"Arceo, A., MacLean, H. L. & Saxe, S. Material intensity in single-family dwellings: Variability between locations, functional unit and drivers of material use in Toronto, Perth, and Luzon. Resour. Conserv. Recycl. 188, 106683 (2023).",Specific,Report/Literature
N-2972,"Arceo, A., MacLean, H. L. & Saxe, S. Material intensity in single-family dwellings: Variability between locations, functional unit and drivers of material use in Toronto, Perth, and Luzon. Resour. Conserv. Recycl. 188, 106683 (2023).",Specific,Report/Literature
N-2973,"Arceo, A., MacLean, H. L. & Saxe, S. Material intensity in single-family dwellings: Variability between locations, functional unit and drivers of material use in Toronto, Perth, and Luzon. Resour. Conserv. Recycl. 188, 106683 (2023).",Specific,Report/Literature
N-2974,"Arceo, A., MacLean, H. L. & Saxe, S. Material intensity in single-family dwellings: Variability between locations, functional unit and drivers of material use in Toronto, Perth, and Luzon. Resour. Conserv. Recycl. 188, 106683 (2023).",Specific,Report/Literature
N-2975,"Arceo, A., MacLean, H. L. & Saxe, S. Material intensity in single-family dwellings: Variability between locations, functional unit and drivers of material use in Toronto, Perth, and Luzon. Resour. Conserv. Recycl. 188, 106683 (2023).",Specific,Report/Literature
N-2976,"Arceo, A., MacLean, H. L. & Saxe, S. Material intensity in single-family dwellings: Variability between locations, functional unit and drivers of material use in Toronto, Perth, and Luzon. Resour. Conserv. Recycl. 188, 106683 (2023).",Specific,Report/Literature
N-2977,"Arceo, A., MacLean, H. L. & Saxe, S. Material intensity in single-family dwellings: Variability between locations, functional unit and drivers of material use in Toronto, Perth, and Luzon. Resour. Conserv. Recycl. 188, 106683 (2023).",Specific,Report/Literature
N-2978,"Arceo, A., MacLean, H. L. & Saxe, S. Material intensity in single-family dwellings: Variability between locations, functional unit and drivers of material use in Toronto, Perth, and Luzon. Resour. Conserv. Recycl. 188, 106683 (2023).",Specific,Report/Literature
N-2979,"Arceo, A., MacLean, H. L. & Saxe, S. Material intensity in single-family dwellings: Variability between locations, functional unit and drivers of material use in Toronto, Perth, and Luzon. Resour. Conserv. Recycl. 188, 106683 (2023).",Specific,Report/Literature
N-2980,"Arceo, A., MacLean, H. L. & Saxe, S. Material intensity in single-family dwellings: Variability between locations, functional unit and drivers of material use in Toronto, Perth, and Luzon. Resour. Conserv. Recycl. 188, 106683 (2023).",Specific,Report/Literature
N-2981,"Arceo, A., MacLean, H. L. & Saxe, S. Material intensity in single-family dwellings: Variability between locations, functional unit and drivers of material use in Toronto, Perth, and Luzon. Resour. Conserv. Recycl. 188, 106683 (2023).",Specific,Report/Literature
N-2982,"Arceo, A., MacLean, H. L. & Saxe, S. Material intensity in single-family dwellings: Variability between locations, functional unit and drivers of material use in Toronto, Perth, and Luzon. Resour. Conserv. Recycl. 188, 106683 (2023).",Specific,Report/Literature
N-2983,"Arceo, A., MacLean, H. L. & Saxe, S. Material intensity in single-family dwellings: Variability between locations, functional unit and drivers of material use in Toronto, Perth, and Luzon. Resour. Conserv. Recycl. 188, 106683 (2023).",Specific,Report/Literature
N-2984,"Arceo, A., MacLean, H. L. & Saxe, S. Material intensity in single-family dwellings: Variability between locations, functional unit and drivers of material use in Toronto, Perth, and Luzon. Resour. Conserv. Recycl. 188, 106683 (2023).",Specific,Report/Literature
N-2985,"Arceo, A., MacLean, H. L. & Saxe, S. Material intensity in single-family dwellings: Variability between locations, functional unit and drivers of material use in Toronto, Perth, and Luzon. Resour. Conserv. Recycl. 188, 106683 (2023).",Specific,Report/Literature
N-2986,"Deetman, S. et al. Modelling global material stocks and flows for residential and service sector buildings towards 2050. J. Clean. Prod. 245, 118658 (2020).",General,Report/Literature
N-2987,"Deetman, S. et al. Modelling global material stocks and flows for residential and service sector buildings towards 2050. J. Clean. Prod. 245, 118658 (2020).",General,Report/Literature
N-2988,"Deetman, S. et al. Modelling global material stocks and flows for residential and service sector buildings towards 2050. J. Clean. Prod. 245, 118658 (2020).",General,Report/Literature
N-2989,"Deetman, S. et al. Modelling global material stocks and flows for residential and service sector buildings towards 2050. J. Clean. Prod. 245, 118658 (2020).",General,Report/Literature
N-2990,"Deetman, S. et al. Modelling global material stocks and flows for residential and service sector buildings towards 2050. J. Clean. Prod. 245, 118658 (2020).",General,Report/Literature
N-2991,"Deetman, S. et al. Modelling global material stocks and flows for residential and service sector buildings towards 2050. J. Clean. Prod. 245, 118658 (2020).",General,Report/Literature
N-2992,"Johnstone, I. M. Energy and mass flows of housing: a model and example. Build. Environ. 36, 27–41 (2001).",General,Report/Literature
N-2993,"Johnstone, I. M. Energy and mass flows of housing: a model and example. Build. Environ. 36, 27–41 (2001).",General,Report/Literature
N-2994,"Stephan, A. & Athanassiadis, A. Towards a more circular construction sector: Estimating and spatialising current and future non-structural material replacement flows to maintain urban building stocks. Resour. Conserv. Recycl. 129, 248–262 (2018).",General,Report/Literature
N-2995,"Stephan, A. & Athanassiadis, A. Towards a more circular construction sector: Estimating and spatialising current and future non-structural material replacement flows to maintain urban building stocks. Resour. Conserv. Recycl. 129, 248–262 (2018).",General,Report/Literature
N-2996,"Stephan, A. & Athanassiadis, A. Towards a more circular construction sector: Estimating and spatialising current and future non-structural material replacement flows to maintain urban building stocks. Resour. Conserv. Recycl. 129, 248–262 (2018).",General,Report/Literature
N-2997,"Stephan, A. & Athanassiadis, A. Towards a more circular construction sector: Estimating and spatialising current and future non-structural material replacement flows to maintain urban building stocks. Resour. Conserv. Recycl. 129, 248–262 (2018).",General,Report/Literature
N-2998,"Stephan, A. & Athanassiadis, A. Towards a more circular construction sector: Estimating and spatialising current and future non-structural material replacement flows to maintain urban building stocks. Resour. Conserv. Recycl. 129, 248–262 (2018).",General,Report/Literature
N-2999,"Stephan, A. & Athanassiadis, A. Towards a more circular construction sector: Estimating and spatialising current and future non-structural material replacement flows to maintain urban building stocks. Resour. Conserv. Recycl. 129, 248–262 (2018).",General,Report/Literature
N-3000,"Stephan, A. & Athanassiadis, A. Towards a more circular construction sector: Estimating and spatialising current and future non-structural material replacement flows to maintain urban building stocks. Resour. Conserv. Recycl. 129, 248–262 (2018).",General,Report/Literature
N-3001,"Rauf, A. & Crawford, R. H. Building service life and its effect on the life cycle embodied energy of buildings. Energy 79, 140–148 (2015).",Specific,Field survey
N-3002,"Ménard, R. & Souviron, J. Passive solar heating through glazing: The limits and potential for climate change mitigation in the European building stock. Energy Build. 228, 110400 (2020).",Specific,Field survey
N-3003,"Aye, L., Ngo, T., Crawford, R. H., Gammampila, R. & Mendis, P. Life cycle greenhouse gas emissions and energy analysis of prefabricated reusable building modules. Energy Build. 47, 159–168 (2012).",General,Report/Literature
N-3004,"Fay, R., Treloar, G. & Iyer-Raniga, U. Life-cycle energy analysis of buildings: a case study. Build. Res. Inf. 28, 31–41 (2000).",Specific,Field survey
N-3005,"Bhochhibhoya, S. et al. The Global Warming Potential of Building Materials: An Application of Life Cycle Analysis in Nepal. Mt. Res. Dev. 37, 47 (2017).",Specific,Construction bill of materials/Architectural drawing
N-3006,"Pajchrowski, G., Noskowiak, A., Lewandowska, A. & Strykowski, W. Wood as a building material in the light of environmental assessment of full life cycle of four buildings. Constr. Build. Mater. 52, 428–436 (2014).",General,Report/Literature
N-3007,"Arceo, A., MacLean, H. L. & Saxe, S. Material intensity in single-family dwellings: Variability between locations, functional unit and drivers of material use in Toronto, Perth, and Luzon. Resour. Conserv. Recycl. 188, 106683 (2023).",Specific,Construction bill of materials/Architectural drawing
N-3008,"Arceo, A., MacLean, H. L. & Saxe, S. Material intensity in single-family dwellings: Variability between locations, functional unit and drivers of material use in Toronto, Perth, and Luzon. Resour. Conserv. Recycl. 188, 106683 (2023).",Specific,Construction bill of materials/Architectural drawing
N-3009,"Arceo, A., MacLean, H. L. & Saxe, S. Material intensity in single-family dwellings: Variability between locations, functional unit and drivers of material use in Toronto, Perth, and Luzon. Resour. Conserv. Recycl. 188, 106683 (2023).",Specific,Construction bill of materials/Architectural drawing
N-3010,"Arceo, A., MacLean, H. L. & Saxe, S. Material intensity in single-family dwellings: Variability between locations, functional unit and drivers of material use in Toronto, Perth, and Luzon. Resour. Conserv. Recycl. 188, 106683 (2023).",Specific,Construction bill of materials/Architectural drawing
N-3011,"Arceo, A., MacLean, H. L. & Saxe, S. Material intensity in single-family dwellings: Variability between locations, functional unit and drivers of material use in Toronto, Perth, and Luzon. Resour. Conserv. Recycl. 188, 106683 (2023).",Specific,Construction bill of materials/Architectural drawing
N-3012,"Arceo, A., MacLean, H. L. & Saxe, S. Material intensity in single-family dwellings: Variability between locations, functional unit and drivers of material use in Toronto, Perth, and Luzon. Resour. Conserv. Recycl. 188, 106683 (2023).",Specific,Construction bill of materials/Architectural drawing
N-3013,"Arceo, A., MacLean, H. L. & Saxe, S. Material intensity in single-family dwellings: Variability between locations, functional unit and drivers of material use in Toronto, Perth, and Luzon. Resour. Conserv. Recycl. 188, 106683 (2023).",Specific,Construction bill of materials/Architectural drawing
N-3014,"Arceo, A., MacLean, H. L. & Saxe, S. Material intensity in single-family dwellings: Variability between locations, functional unit and drivers of material use in Toronto, Perth, and Luzon. Resour. Conserv. Recycl. 188, 106683 (2023).",Specific,Construction bill of materials/Architectural drawing
N-3015,"Arceo, A., MacLean, H. L. & Saxe, S. Material intensity in single-family dwellings: Variability between locations, functional unit and drivers of material use in Toronto, Perth, and Luzon. Resour. Conserv. Recycl. 188, 106683 (2023).",Specific,Construction bill of materials/Architectural drawing
N-3016,"Arceo, A., MacLean, H. L. & Saxe, S. Material intensity in single-family dwellings: Variability between locations, functional unit and drivers of material use in Toronto, Perth, and Luzon. Resour. Conserv. Recycl. 188, 106683 (2023).",Specific,Construction bill of materials/Architectural drawing
N-3017,"Arceo, A., MacLean, H. L. & Saxe, S. Material intensity in single-family dwellings: Variability between locations, functional unit and drivers of material use in Toronto, Perth, and Luzon. Resour. Conserv. Recycl. 188, 106683 (2023).",Specific,Construction bill of materials/Architectural drawing
N-3018,"Arceo, A., MacLean, H. L. & Saxe, S. Material intensity in single-family dwellings: Variability between locations, functional unit and drivers of material use in Toronto, Perth, and Luzon. Resour. Conserv. Recycl. 188, 106683 (2023).",Specific,Construction bill of materials/Architectural drawing
N-3019,"Arceo, A., MacLean, H. L. & Saxe, S. Material intensity in single-family dwellings: Variability between locations, functional unit and drivers of material use in Toronto, Perth, and Luzon. Resour. Conserv. Recycl. 188, 106683 (2023).",Specific,Construction bill of materials/Architectural drawing
N-3020,"Arceo, A., MacLean, H. L. & Saxe, S. Material intensity in single-family dwellings: Variability between locations, functional unit and drivers of material use in Toronto, Perth, and Luzon. Resour. Conserv. Recycl. 188, 106683 (2023).",Specific,Construction bill of materials/Architectural drawing
N-3021,"Arceo, A., MacLean, H. L. & Saxe, S. Material intensity in single-family dwellings: Variability between locations, functional unit and drivers of material use in Toronto, Perth, and Luzon. Resour. Conserv. Recycl. 188, 106683 (2023).",Specific,Construction bill of materials/Architectural drawing
N-3022,"Arceo, A., MacLean, H. L. & Saxe, S. Material intensity in single-family dwellings: Variability between locations, functional unit and drivers of material use in Toronto, Perth, and Luzon. Resour. Conserv. Recycl. 188, 106683 (2023).",Specific,Construction bill of materials/Architectural drawing
N-3023,"Arceo, A., MacLean, H. L. & Saxe, S. Material intensity in single-family dwellings: Variability between locations, functional unit and drivers of material use in Toronto, Perth, and Luzon. Resour. Conserv. Recycl. 188, 106683 (2023).",Specific,Construction bill of materials/Architectural drawing
N-3024,"Arceo, A., MacLean, H. L. & Saxe, S. Material intensity in single-family dwellings: Variability between locations, functional unit and drivers of material use in Toronto, Perth, and Luzon. Resour. Conserv. Recycl. 188, 106683 (2023).",Specific,Construction bill of materials/Architectural drawing
N-3025,"Arceo, A., MacLean, H. L. & Saxe, S. Material intensity in single-family dwellings: Variability between locations, functional unit and drivers of material use in Toronto, Perth, and Luzon. Resour. Conserv. Recycl. 188, 106683 (2023).",Specific,Construction bill of materials/Architectural drawing
N-3026,"Arceo, A., MacLean, H. L. & Saxe, S. Material intensity in single-family dwellings: Variability between locations, functional unit and drivers of material use in Toronto, Perth, and Luzon. Resour. Conserv. Recycl. 188, 106683 (2023).",Specific,Construction bill of materials/Architectural drawing
N-3027,"Condeixa, K., Haddad, A. & Boer, D. Material flow analysis of the residential building stock at the city of Rio de Janeiro. J. Clean. Prod. 149, 1249–1267 (2017).",General,Architectural design codes
N-3028,"Condeixa, K., Haddad, A. & Boer, D. Material flow analysis of the residential building stock at the city of Rio de Janeiro. J. Clean. Prod. 149, 1249–1267 (2017).",General,Architectural design codes
N-3029,"Condeixa, K., Haddad, A. & Boer, D. Material flow analysis of the residential building stock at the city of Rio de Janeiro. J. Clean. Prod. 149, 1249–1267 (2017).",General,Architectural design codes
N-3030,"Condeixa, K., Haddad, A. & Boer, D. Material flow analysis of the residential building stock at the city of Rio de Janeiro. J. Clean. Prod. 149, 1249–1267 (2017).",General,Architectural design codes
N-3031,"Heeren, N. & Fishman, T. A database seed for a community-driven material intensity research platform. Sci. Data 6, 1–10 (2019).",unspecified,unspecified
N-3032,"Heeren, N. & Fishman, T. A database seed for a community-driven material intensity research platform. Sci. Data 6, 1–10 (2019).",unspecified,unspecified
N-3033,"Heeren, N. & Fishman, T. A database seed for a community-driven material intensity research platform. Sci. Data 6, 1–10 (2019).",unspecified,unspecified
N-3034,"Heeren, N. & Fishman, T. A database seed for a community-driven material intensity research platform. Sci. Data 6, 1–10 (2019).",unspecified,unspecified
N-3035,"Heeren, N. & Fishman, T. A database seed for a community-driven material intensity research platform. Sci. Data 6, 1–10 (2019).",unspecified,unspecified
N-3036,"Heeren, N. & Fishman, T. A database seed for a community-driven material intensity research platform. Sci. Data 6, 1–10 (2019).",unspecified,unspecified
N-3037,"Heeren, N. & Fishman, T. A database seed for a community-driven material intensity research platform. Sci. Data 6, 1–10 (2019).",unspecified,unspecified
N-3038,"Bergsdal, H., Brattebø, H., Bohne, R. A. & Müller, D. B. Dynamic material flow analysis for Norway’s dwelling stock. Build. Res. Inf. 35, 557–570 (2007).",General,Construction bill of materials & Field Survey & Expert consultation & Literature
N-3039,"Bergsdal, H., Brattebø, H., Bohne, R. A. & Müller, D. B. Dynamic material flow analysis for Norway’s dwelling stock. Build. Res. Inf. 35, 557–570 (2007).",General,Construction bill of materials & Field Survey & Expert consultation & Literature
N-3040,"Bergsdal, H., Brattebø, H., Bohne, R. A. & Müller, D. B. Dynamic material flow analysis for Norway’s dwelling stock. Build. Res. Inf. 35, 557–570 (2007).",General,Construction bill of materials & Field Survey & Expert consultation & Literature
N-3041,"Mosteiro-Romero, M. et al. Relative importance of electricity sources and construction practices in residential buildings: A Swiss-US comparison of energy related life-cycle impacts. Energy Build. 68, 620–631 (2014).",Specific,Field survey
N-3042,"Mosteiro-Romero, M. et al. Relative importance of electricity sources and construction practices in residential buildings: A Swiss-US comparison of energy related life-cycle impacts. Energy Build. 68, 620–631 (2014).",Specific,Field survey
N-3043,"Mosteiro-Romero, M. et al. Relative importance of electricity sources and construction practices in residential buildings: A Swiss-US comparison of energy related life-cycle impacts. Energy Build. 68, 620–631 (2014).",Specific,Field survey
N-3044,"Mosteiro-Romero, M. et al. Relative importance of electricity sources and construction practices in residential buildings: A Swiss-US comparison of energy related life-cycle impacts. Energy Build. 68, 620–631 (2014).",Specific,Field survey
N-3045,"Oyarzo, J. & Peuportier, B. Life cycle assessment model applied to housing in Chile. J. Clean. Prod. 69, 109–116 (2014).",Specific,Architectural drawing
N-3046,"Ortiz-Rodríguez, O., Castells, F. & Sonnemann, G. Life cycle assessment of two dwellings: One in Spain, a developed country, and one in Colombia, a country under development. Sci. Total Environ. 408, 2435–2443 (2010).",Specific,Architectural drawing
N-3047,"Deetman, S. et al. Modelling global material stocks and flows for residential and service sector buildings towards 2050. J. Clean. Prod. 245, 118658 (2020).",General,Report/Literature
N-3048,"Deetman, S. et al. Modelling global material stocks and flows for residential and service sector buildings towards 2050. J. Clean. Prod. 245, 118658 (2020).",General,Report/Literature
N-3049,"Deetman, S. et al. Modelling global material stocks and flows for residential and service sector buildings towards 2050. J. Clean. Prod. 245, 118658 (2020).",General,Report/Literature
N-3050,"Deetman, S. et al. Modelling global material stocks and flows for residential and service sector buildings towards 2050. J. Clean. Prod. 245, 118658 (2020).",General,Report/Literature
N-3051,"Deetman, S. et al. Modelling global material stocks and flows for residential and service sector buildings towards 2050. J. Clean. Prod. 245, 118658 (2020).",General,Report/Literature
