ID_marked,source_dataset,source_access_doi,source_license,how_to_locate_original_record,original_primary_citation_if_applicable
R-1,Marinova et al. (2020),https://doi.org/10.1016/j.jclepro.2019.119146,CC BY-NC-ND 4.0,"Row 0-3 in sheet ""Region 1"" of the downloadable source workbook (verified by matching 4/4 reported material-intensity values)","Zhang, W., Tan, S., Lei, Y., & Wang, S. (2014). Life cycle assessment of a single-family residential building in Canada: A case study. Building Simulation. https://doi.org/10.1007/s12273-013-0159-y"
R-2,Marinova et al. (2020),https://doi.org/10.1016/j.jclepro.2019.119146,CC BY-NC-ND 4.0,"Row 4-7 in sheet ""Region 1"" of the downloadable source workbook (verified by matching 4/4 reported material-intensity values)","Kumar, V., Hewage, K., & Sadiq, R. (2015). Life Cycle Assessment of Residential Buildings. A Case Study in Canada. Engineering and Technology International Journal of Energy and Environmental Engineering, 9(8), 1017–1024"
R-3,Marinova et al. (2020),https://doi.org/10.1016/j.jclepro.2019.119146,CC BY-NC-ND 4.0,"Row 8-11 in sheet ""Region 1"" of the downloadable source workbook (verified by matching 4/4 reported material-intensity values)","Reza, B., Sadiq, R., & Hewage, K. (2014). Emergy-based life cycle assessment (Em-LCA) of multi-unit and single-family residential buildings in Canada. International Journal of Sustainable Built Environment, 3(2), 207–224. https://doi.org/10.1016/j.ijsbe.2014.09.001"
R-4,Marinova et al. (2020),https://doi.org/10.1016/j.jclepro.2019.119146,CC BY-NC-ND 4.0,"Row 12-14 in sheet ""Region 1"" of the downloadable source workbook (verified by matching 3/3 reported material-intensity values)","Reza, Sadiq, & Hewage, 2014"
R-5,Marinova et al. (2020),https://doi.org/10.1016/j.jclepro.2019.119146,CC BY-NC-ND 4.0,"Row 0-5 in sheet ""Region 2"" of the downloadable source workbook (verified by matching 6/6 reported material-intensity values)","Blanchard, S., & Reppe, P. (1998). Life Cycle Analysis of a Residential Home in Michigan. Retrieved from http://www.umich.edu/~css"
R-6,Marinova et al. (2020),https://doi.org/10.1016/j.jclepro.2019.119146,CC BY-NC-ND 4.0,"Row 6-10 in sheet ""Region 2"" of the downloadable source workbook (verified by matching 5/5 reported material-intensity values)","Mosteiro-Romero, M., Krogmann, U., Wallbaum, H., Ostermeyer, Y., Senick, J. S., & Andrews, C. J. (2014). Relative importance of electricity sources and construction practices in residential buildings: A Swiss-US comparison of energy related life-cycle impacts. Energy and Buildings. https://doi.org/10.1016/j.enbuild.2013.09.046"
R-7,Marinova et al. (2020),https://doi.org/10.1016/j.jclepro.2019.119146,CC BY-NC-ND 4.0,"Row 11-12 in sheet ""Region 2"" of the downloadable source workbook (verified by matching 2/2 reported material-intensity values)","Reyna, J. L., & Chester, M. V. (2015). The Growth of Urban Building Stock: Unintended Lock-in and Embedded Environmental Effects. Journal of Industrial Ecology. https://doi.org/10.1111/jiec.12211"
R-8,Marinova et al. (2020),https://doi.org/10.1016/j.jclepro.2019.119146,CC BY-NC-ND 4.0,"Row 13-18 in sheet ""Region 2"" of the downloadable source workbook (verified by matching 3/3 reported material-intensity values)","Reyna & Chester, 2015"
R-9,Marinova et al. (2020),https://doi.org/10.1016/j.jclepro.2019.119146,CC BY-NC-ND 4.0,"Row 15-18 in sheet ""Region 2"" of the downloadable source workbook (verified by matching 3/3 reported material-intensity values)","Reyna & Chester, 2015"
R-10,Marinova et al. (2020),https://doi.org/10.1016/j.jclepro.2019.119146,CC BY-NC-ND 4.0,"Row 19-21 in sheet ""Region 2"" of the downloadable source workbook (verified by matching 3/3 reported material-intensity values)","Reyna & Chester, 2015"
R-11,Marinova et al. (2020),https://doi.org/10.1016/j.jclepro.2019.119146,CC BY-NC-ND 4.0,"Row 22-24 in sheet ""Region 2"" of the downloadable source workbook (verified by matching 3/3 reported material-intensity values)","Reyna & Chester, 2015"
R-12,Marinova et al. (2020),https://doi.org/10.1016/j.jclepro.2019.119146,CC BY-NC-ND 4.0,"Row 25-27 in sheet ""Region 2"" of the downloadable source workbook (verified by matching 3/3 reported material-intensity values)","Reyna & Chester, 2015"
R-20,Marinova et al. (2020),https://doi.org/10.1016/j.jclepro.2019.119146,CC BY-NC-ND 4.0,"Row 4-6 in sheet ""Region 5"" of the downloadable source workbook (verified by matching 3/3 reported material-intensity values)","Condeixa, K., Haddad, A., & Boer, D. (2017). Material flow analysis of the residential building stock at the city of Rio de Janeiro. Journal of Cleaner Production. https://doi.org/10.1016/j.jclepro.2017.02.080"
R-21,Marinova et al. (2020),https://doi.org/10.1016/j.jclepro.2019.119146,CC BY-NC-ND 4.0,"Row 7-9 in sheet ""Region 5"" of the downloadable source workbook (verified by matching 3/3 reported material-intensity values)","Condeixa, Haddad, & Boer, 2017"
R-22,Marinova et al. (2020),https://doi.org/10.1016/j.jclepro.2019.119146,CC BY-NC-ND 4.0,"Row 10-12 in sheet ""Region 5"" of the downloadable source workbook (verified by matching 3/3 reported material-intensity values)","Condeixa, Haddad, & Boer, 2017"
R-23,Marinova et al. (2020),https://doi.org/10.1016/j.jclepro.2019.119146,CC BY-NC-ND 4.0,"Row 13-15 in sheet ""Region 5"" of the downloadable source workbook (verified by matching 3/3 reported material-intensity values)","Condeixa, Haddad, & Boer, 2017"
R-31,Marinova et al. (2020),https://doi.org/10.1016/j.jclepro.2019.119146,CC BY-NC-ND 4.0,"Row 10-11 in sheet ""Region 8"" of the downloadable source workbook (verified by matching 2/2 reported material-intensity values)","Ezema, I. C., & Olotuah, A. O. (2015). Estimating Embodied Energy in Residential Buildings in a Nigerian Context. Article in International Journal of Applied Engineering Research. Retrieved from http://www.ripublication.com"
R-33,Marinova et al. (2020),https://doi.org/10.1016/j.jclepro.2019.119146,CC BY-NC-ND 4.0,"Row 0-0 in sheet ""Region 11"" of the downloadable source workbook (verified by matching 1/1 reported material-intensity values)","Nemry, F., & Uihlein, A. (2008). Environmental Improvement Potentials of Residential Buildings (IMPRO-Building). https://doi.org/10.2791/38942"
R-34,Marinova et al. (2020),https://doi.org/10.1016/j.jclepro.2019.119146,CC BY-NC-ND 4.0,"Row 1-1 in sheet ""Region 11"" of the downloadable source workbook (verified by matching 1/1 reported material-intensity values)","Nemry & Uihlein, 2008"
R-35,Marinova et al. (2020),https://doi.org/10.1016/j.jclepro.2019.119146,CC BY-NC-ND 4.0,"Row 2-2 in sheet ""Region 11"" of the downloadable source workbook (verified by matching 1/1 reported material-intensity values)","Nemry & Uihlein, 2008"
R-36,Marinova et al. (2020),https://doi.org/10.1016/j.jclepro.2019.119146,CC BY-NC-ND 4.0,"Row 3-93 in sheet ""Region 11"" of the downloadable source workbook (verified by matching 2/2 reported material-intensity values)","Nemry & Uihlein, 2008"
R-37,Marinova et al. (2020),https://doi.org/10.1016/j.jclepro.2019.119146,CC BY-NC-ND 4.0,"Row 4-93 in sheet ""Region 11"" of the downloadable source workbook (verified by matching 2/2 reported material-intensity values)","Nemry & Uihlein, 2008"
R-38,Marinova et al. (2020),https://doi.org/10.1016/j.jclepro.2019.119146,CC BY-NC-ND 4.0,"Row 4-93 in sheet ""Region 11"" of the downloadable source workbook (verified by matching 2/2 reported material-intensity values)","Nemry & Uihlein, 2008"
R-39,Marinova et al. (2020),https://doi.org/10.1016/j.jclepro.2019.119146,CC BY-NC-ND 4.0,"Row 5-15 in sheet ""Region 11"" of the downloadable source workbook (verified by matching 2/2 reported material-intensity values)","Nemry & Uihlein, 2008"
R-40,Marinova et al. (2020),https://doi.org/10.1016/j.jclepro.2019.119146,CC BY-NC-ND 4.0,"Row 10-12 in sheet ""Region 11"" of the downloadable source workbook (verified by matching 2/2 reported material-intensity values)","Nemry & Uihlein, 2008"
R-41,Marinova et al. (2020),https://doi.org/10.1016/j.jclepro.2019.119146,CC BY-NC-ND 4.0,"Row 5-16 in sheet ""Region 11"" of the downloadable source workbook (verified by matching 2/2 reported material-intensity values)","Nemry & Uihlein, 2008"
R-42,Marinova et al. (2020),https://doi.org/10.1016/j.jclepro.2019.119146,CC BY-NC-ND 4.0,"Row 5-16 in sheet ""Region 11"" of the downloadable source workbook (verified by matching 2/2 reported material-intensity values)","Nemry & Uihlein, 2008"
R-43,Marinova et al. (2020),https://doi.org/10.1016/j.jclepro.2019.119146,CC BY-NC-ND 4.0,"Value-fingerprint matched to one of ['Region 11', 'Region 12'] (source reuses identical representative-archetype data across these regions; row-level location cannot be disambiguated further)","Nemry & Uihlein, 2008"
R-44,Marinova et al. (2020),https://doi.org/10.1016/j.jclepro.2019.119146,CC BY-NC-ND 4.0,"Value-fingerprint matched to one of ['Region 11', 'Region 12'] (source reuses identical representative-archetype data across these regions; row-level location cannot be disambiguated further)","Nemry & Uihlein, 2008"
R-45,Marinova et al. (2020),https://doi.org/10.1016/j.jclepro.2019.119146,CC BY-NC-ND 4.0,"Value-fingerprint matched to one of ['Region 11', 'Region 12'] (source reuses identical representative-archetype data across these regions; row-level location cannot be disambiguated further)","Nemry & Uihlein, 2008"
R-46,Marinova et al. (2020),https://doi.org/10.1016/j.jclepro.2019.119146,CC BY-NC-ND 4.0,"Row 20-65 in sheet ""Region 11"" of the downloadable source workbook (verified by matching 2/2 reported material-intensity values)","Nemry & Uihlein, 2008"
R-47,Marinova et al. (2020),https://doi.org/10.1016/j.jclepro.2019.119146,CC BY-NC-ND 4.0,"Row 22-104 in sheet ""Region 11"" of the downloadable source workbook (verified by matching 2/2 reported material-intensity values)","Nemry & Uihlein, 2008"
R-48,Marinova et al. (2020),https://doi.org/10.1016/j.jclepro.2019.119146,CC BY-NC-ND 4.0,"Row 22-104 in sheet ""Region 11"" of the downloadable source workbook (verified by matching 2/2 reported material-intensity values)","Nemry & Uihlein, 2008"
R-49,Marinova et al. (2020),https://doi.org/10.1016/j.jclepro.2019.119146,CC BY-NC-ND 4.0,"Row 26-27 in sheet ""Region 11"" of the downloadable source workbook (verified by matching 2/2 reported material-intensity values)","Nemry & Uihlein, 2008"
R-50,Marinova et al. (2020),https://doi.org/10.1016/j.jclepro.2019.119146,CC BY-NC-ND 4.0,"Row 28-31 in sheet ""Region 11"" of the downloadable source workbook (verified by matching 2/2 reported material-intensity values)","Nemry & Uihlein, 2008"
R-51,Marinova et al. (2020),https://doi.org/10.1016/j.jclepro.2019.119146,CC BY-NC-ND 4.0,"Row 28-31 in sheet ""Region 11"" of the downloadable source workbook (verified by matching 2/2 reported material-intensity values)","Nemry & Uihlein, 2008"
R-52,Marinova et al. (2020),https://doi.org/10.1016/j.jclepro.2019.119146,CC BY-NC-ND 4.0,"Row 32-33 in sheet ""Region 11"" of the downloadable source workbook (verified by matching 2/2 reported material-intensity values)","Nemry & Uihlein, 2008"
R-53,Marinova et al. (2020),https://doi.org/10.1016/j.jclepro.2019.119146,CC BY-NC-ND 4.0,"Row 34-37 in sheet ""Region 11"" of the downloadable source workbook (verified by matching 2/2 reported material-intensity values)","Nemry & Uihlein, 2008"
R-54,Marinova et al. (2020),https://doi.org/10.1016/j.jclepro.2019.119146,CC BY-NC-ND 4.0,"Row 34-37 in sheet ""Region 11"" of the downloadable source workbook (verified by matching 2/2 reported material-intensity values)","Nemry & Uihlein, 2008"
R-55,Marinova et al. (2020),https://doi.org/10.1016/j.jclepro.2019.119146,CC BY-NC-ND 4.0,"Row 38-41 in sheet ""Region 11"" of the downloadable source workbook (verified by matching 2/2 reported material-intensity values)","Nemry & Uihlein, 2008"
R-56,Marinova et al. (2020),https://doi.org/10.1016/j.jclepro.2019.119146,CC BY-NC-ND 4.0,"Row 39-41 in sheet ""Region 11"" of the downloadable source workbook (verified by matching 2/2 reported material-intensity values)","Nemry & Uihlein, 2008"
R-57,Marinova et al. (2020),https://doi.org/10.1016/j.jclepro.2019.119146,CC BY-NC-ND 4.0,"Row 42-42 in sheet ""Region 11"" of the downloadable source workbook (verified by matching 1/1 reported material-intensity values)","Nemry & Uihlein, 2008"
R-58,Marinova et al. (2020),https://doi.org/10.1016/j.jclepro.2019.119146,CC BY-NC-ND 4.0,"Value-fingerprint matched to one of ['Region 11', 'Region 12'] (source reuses identical representative-archetype data across these regions; row-level location cannot be disambiguated further)","Nemry & Uihlein, 2008"
R-85,Marinova et al. (2020),https://doi.org/10.1016/j.jclepro.2019.119146,CC BY-NC-ND 4.0,"Value-fingerprint matched to one of ['Region 11', 'Region 12'] (source reuses identical representative-archetype data across these regions; row-level location cannot be disambiguated further)","Nemry & Uihlein, 2008"
R-86,Marinova et al. (2020),https://doi.org/10.1016/j.jclepro.2019.119146,CC BY-NC-ND 4.0,"Value-fingerprint matched to one of ['Region 11', 'Region 12'] (source reuses identical representative-archetype data across these regions; row-level location cannot be disambiguated further)","Nemry & Uihlein, 2008"
R-87,Marinova et al. (2020),https://doi.org/10.1016/j.jclepro.2019.119146,CC BY-NC-ND 4.0,"Value-fingerprint matched to one of ['Region 11', 'Region 12'] (source reuses identical representative-archetype data across these regions; row-level location cannot be disambiguated further)","Nemry & Uihlein, 2008"
R-88,Marinova et al. (2020),https://doi.org/10.1016/j.jclepro.2019.119146,CC BY-NC-ND 4.0,"Value-fingerprint matched to one of ['Region 11', 'Region 12'] (source reuses identical representative-archetype data across these regions; row-level location cannot be disambiguated further)","Nemry & Uihlein, 2008"
R-89,Marinova et al. (2020),https://doi.org/10.1016/j.jclepro.2019.119146,CC BY-NC-ND 4.0,"Value-fingerprint matched to one of ['Region 11', 'Region 12'] (source reuses identical representative-archetype data across these regions; row-level location cannot be disambiguated further)","Nemry & Uihlein, 2008"
R-90,Marinova et al. (2020),https://doi.org/10.1016/j.jclepro.2019.119146,CC BY-NC-ND 4.0,"Value-fingerprint matched to one of ['Region 11', 'Region 12'] (source reuses identical representative-archetype data across these regions; row-level location cannot be disambiguated further)","Nemry & Uihlein, 2008"
R-91,Marinova et al. (2020),https://doi.org/10.1016/j.jclepro.2019.119146,CC BY-NC-ND 4.0,"Value-fingerprint matched to one of ['Region 11', 'Region 12'] (source reuses identical representative-archetype data across these regions; row-level location cannot be disambiguated further)","Nemry & Uihlein, 2008"
R-92,Marinova et al. (2020),https://doi.org/10.1016/j.jclepro.2019.119146,CC BY-NC-ND 4.0,"Value-fingerprint matched to one of ['Region 11', 'Region 12'] (source reuses identical representative-archetype data across these regions; row-level location cannot be disambiguated further)","Nemry & Uihlein, 2008"
R-93,Marinova et al. (2020),https://doi.org/10.1016/j.jclepro.2019.119146,CC BY-NC-ND 4.0,"Value-fingerprint matched to one of ['Region 11', 'Region 12'] (source reuses identical representative-archetype data across these regions; row-level location cannot be disambiguated further)","Nemry & Uihlein, 2008"
R-95,Marinova et al. (2020),https://doi.org/10.1016/j.jclepro.2019.119146,CC BY-NC-ND 4.0,"Value-fingerprint matched to one of ['Region 11', 'Region 12'] (source reuses identical representative-archetype data across these regions; row-level location cannot be disambiguated further)","Nemry & Uihlein, 2008"
R-96,Marinova et al. (2020),https://doi.org/10.1016/j.jclepro.2019.119146,CC BY-NC-ND 4.0,"Value-fingerprint matched to one of ['Region 11', 'Region 12'] (source reuses identical representative-archetype data across these regions; row-level location cannot be disambiguated further)","Nemry & Uihlein, 2008"
R-97,Marinova et al. (2020),https://doi.org/10.1016/j.jclepro.2019.119146,CC BY-NC-ND 4.0,"Value-fingerprint matched to one of ['Region 11', 'Region 12'] (source reuses identical representative-archetype data across these regions; row-level location cannot be disambiguated further)","Nemry & Uihlein, 2008"
R-98,Marinova et al. (2020),https://doi.org/10.1016/j.jclepro.2019.119146,CC BY-NC-ND 4.0,"Value-fingerprint matched to one of ['Region 11', 'Region 12'] (source reuses identical representative-archetype data across these regions; row-level location cannot be disambiguated further)","Nemry & Uihlein, 2008"
R-99,Marinova et al. (2020),https://doi.org/10.1016/j.jclepro.2019.119146,CC BY-NC-ND 4.0,"Value-fingerprint matched to one of ['Region 11', 'Region 12'] (source reuses identical representative-archetype data across these regions; row-level location cannot be disambiguated further)","Nemry & Uihlein, 2008"
R-100,Marinova et al. (2020),https://doi.org/10.1016/j.jclepro.2019.119146,CC BY-NC-ND 4.0,"Value-fingerprint matched to one of ['Region 11', 'Region 12'] (source reuses identical representative-archetype data across these regions; row-level location cannot be disambiguated further)","Nemry & Uihlein, 2008"
R-101,Marinova et al. (2020),https://doi.org/10.1016/j.jclepro.2019.119146,CC BY-NC-ND 4.0,"Value-fingerprint matched to one of ['Region 11', 'Region 12'] (source reuses identical representative-archetype data across these regions; row-level location cannot be disambiguated further)","Nemry & Uihlein, 2008"
R-102,Marinova et al. (2020),https://doi.org/10.1016/j.jclepro.2019.119146,CC BY-NC-ND 4.0,"Value-fingerprint matched to one of ['Region 11', 'Region 12'] (source reuses identical representative-archetype data across these regions; row-level location cannot be disambiguated further)","Nemry & Uihlein, 2008"
R-103,Marinova et al. (2020),https://doi.org/10.1016/j.jclepro.2019.119146,CC BY-NC-ND 4.0,"Value-fingerprint matched to one of ['Region 11', 'Region 12'] (source reuses identical representative-archetype data across these regions; row-level location cannot be disambiguated further)","Nemry & Uihlein, 2008"
R-104,Marinova et al. (2020),https://doi.org/10.1016/j.jclepro.2019.119146,CC BY-NC-ND 4.0,"Value-fingerprint matched to one of ['Region 11', 'Region 12'] (source reuses identical representative-archetype data across these regions; row-level location cannot be disambiguated further)","Nemry & Uihlein, 2008"
R-105,Marinova et al. (2020),https://doi.org/10.1016/j.jclepro.2019.119146,CC BY-NC-ND 4.0,"Value-fingerprint matched to one of ['Region 11', 'Region 12'] (source reuses identical representative-archetype data across these regions; row-level location cannot be disambiguated further)","Nemry & Uihlein, 2008"
R-108,Marinova et al. (2020),https://doi.org/10.1016/j.jclepro.2019.119146,CC BY-NC-ND 4.0,"Row 127-130 in sheet ""Region 11"" of the downloadable source workbook (verified by matching 4/4 reported material-intensity values)","Stephan, A. (2013). Towards a comprehensive energy assessment of residential buildings. The University of Melbourne, Australia. Retrieved from www.msd.unimelb.edu.au"
R-109,Marinova et al. (2020),https://doi.org/10.1016/j.jclepro.2019.119146,CC BY-NC-ND 4.0,"Row 131-134 in sheet ""Region 11"" of the downloadable source workbook (verified by matching 4/4 reported material-intensity values)","Stephan, 2013"
R-115,Marinova et al. (2020),https://doi.org/10.1016/j.jclepro.2019.119146,CC BY-NC-ND 4.0,"Row 149-287 in sheet ""Region 11"" of the downloadable source workbook (verified by matching 3/3 reported material-intensity values)","Gontia, Nägeli, Rosado, Kalmykova, & Österbring, 2018"
R-116,Marinova et al. (2020),https://doi.org/10.1016/j.jclepro.2019.119146,CC BY-NC-ND 4.0,"Row 152-274 in sheet ""Region 11"" of the downloadable source workbook (verified by matching 4/4 reported material-intensity values)","Gontia, Nägeli, Rosado, Kalmykova, & Österbring, 2018"
R-117,Marinova et al. (2020),https://doi.org/10.1016/j.jclepro.2019.119146,CC BY-NC-ND 4.0,"Row 154-277 in sheet ""Region 11"" of the downloadable source workbook (verified by matching 4/4 reported material-intensity values)","Gontia, Nägeli, Rosado, Kalmykova, & Österbring, 2018"
R-118,Marinova et al. (2020),https://doi.org/10.1016/j.jclepro.2019.119146,CC BY-NC-ND 4.0,"Row 160-170 in sheet ""Region 11"" of the downloadable source workbook (verified by matching 4/4 reported material-intensity values)","Gontia, Nägeli, Rosado, Kalmykova, & Österbring, 2018"
R-119,Marinova et al. (2020),https://doi.org/10.1016/j.jclepro.2019.119146,CC BY-NC-ND 4.0,"Row 162-170 in sheet ""Region 11"" of the downloadable source workbook (verified by matching 4/4 reported material-intensity values)","Gontia, Nägeli, Rosado, Kalmykova, & Österbring, 2018"
R-120,Marinova et al. (2020),https://doi.org/10.1016/j.jclepro.2019.119146,CC BY-NC-ND 4.0,"Row 162-212 in sheet ""Region 11"" of the downloadable source workbook (verified by matching 4/4 reported material-intensity values)","Gontia, Nägeli, Rosado, Kalmykova, & Österbring, 2018"
R-121,Marinova et al. (2020),https://doi.org/10.1016/j.jclepro.2019.119146,CC BY-NC-ND 4.0,"Row 172-291 in sheet ""Region 11"" of the downloadable source workbook (verified by matching 4/4 reported material-intensity values)","Gontia, Nägeli, Rosado, Kalmykova, & Österbring, 2018"
R-122,Marinova et al. (2020),https://doi.org/10.1016/j.jclepro.2019.119146,CC BY-NC-ND 4.0,"Row 154-274 in sheet ""Region 11"" of the downloadable source workbook (verified by matching 4/4 reported material-intensity values)","Gontia, Nägeli, Rosado, Kalmykova, & Österbring, 2018"
R-123,Marinova et al. (2020),https://doi.org/10.1016/j.jclepro.2019.119146,CC BY-NC-ND 4.0,"Row 154-274 in sheet ""Region 11"" of the downloadable source workbook (verified by matching 4/4 reported material-intensity values)","Gontia, Nägeli, Rosado, Kalmykova, & Österbring, 2018"
R-124,Marinova et al. (2020),https://doi.org/10.1016/j.jclepro.2019.119146,CC BY-NC-ND 4.0,"Row 151-287 in sheet ""Region 11"" of the downloadable source workbook (verified by matching 4/4 reported material-intensity values)","Gontia, Nägeli, Rosado, Kalmykova, & Österbring, 2018"
R-125,Marinova et al. (2020),https://doi.org/10.1016/j.jclepro.2019.119146,CC BY-NC-ND 4.0,"Row 188-299 in sheet ""Region 11"" of the downloadable source workbook (verified by matching 4/4 reported material-intensity values)","Gontia, Nägeli, Rosado, Kalmykova, & Österbring, 2018"
R-126,Marinova et al. (2020),https://doi.org/10.1016/j.jclepro.2019.119146,CC BY-NC-ND 4.0,"Row 190-299 in sheet ""Region 11"" of the downloadable source workbook (verified by matching 4/4 reported material-intensity values)","Gontia, Nägeli, Rosado, Kalmykova, & Österbring, 2018"
R-127,Marinova et al. (2020),https://doi.org/10.1016/j.jclepro.2019.119146,CC BY-NC-ND 4.0,"Row 171-291 in sheet ""Region 11"" of the downloadable source workbook (verified by matching 4/4 reported material-intensity values)","Gontia, Nägeli, Rosado, Kalmykova, & Österbring, 2018"
R-128,Marinova et al. (2020),https://doi.org/10.1016/j.jclepro.2019.119146,CC BY-NC-ND 4.0,"Row 151-287 in sheet ""Region 11"" of the downloadable source workbook (verified by matching 4/4 reported material-intensity values)","Gontia, Nägeli, Rosado, Kalmykova, & Österbring, 2018"
R-129,Marinova et al. (2020),https://doi.org/10.1016/j.jclepro.2019.119146,CC BY-NC-ND 4.0,"Row 154-274 in sheet ""Region 11"" of the downloadable source workbook (verified by matching 4/4 reported material-intensity values)","Gontia, Nägeli, Rosado, Kalmykova, & Österbring, 2018"
R-130,Marinova et al. (2020),https://doi.org/10.1016/j.jclepro.2019.119146,CC BY-NC-ND 4.0,"Row 174-291 in sheet ""Region 11"" of the downloadable source workbook (verified by matching 4/4 reported material-intensity values)","Gontia, Nägeli, Rosado, Kalmykova, & Österbring, 2018"
R-131,Marinova et al. (2020),https://doi.org/10.1016/j.jclepro.2019.119146,CC BY-NC-ND 4.0,"Row 168-299 in sheet ""Region 11"" of the downloadable source workbook (verified by matching 4/4 reported material-intensity values)","Gontia, Nägeli, Rosado, Kalmykova, & Österbring, 2018"
R-132,Marinova et al. (2020),https://doi.org/10.1016/j.jclepro.2019.119146,CC BY-NC-ND 4.0,"Row 174-291 in sheet ""Region 11"" of the downloadable source workbook (verified by matching 4/4 reported material-intensity values)","Gontia, Nägeli, Rosado, Kalmykova, & Österbring, 2018"
R-133,Marinova et al. (2020),https://doi.org/10.1016/j.jclepro.2019.119146,CC BY-NC-ND 4.0,"Row 174-291 in sheet ""Region 11"" of the downloadable source workbook (verified by matching 4/4 reported material-intensity values)","Gontia, Nägeli, Rosado, Kalmykova, & Österbring, 2018"
R-134,Marinova et al. (2020),https://doi.org/10.1016/j.jclepro.2019.119146,CC BY-NC-ND 4.0,"Row 154-274 in sheet ""Region 11"" of the downloadable source workbook (verified by matching 4/4 reported material-intensity values)","Gontia, Nägeli, Rosado, Kalmykova, & Österbring, 2018"
R-135,Marinova et al. (2020),https://doi.org/10.1016/j.jclepro.2019.119146,CC BY-NC-ND 4.0,"Row 190-299 in sheet ""Region 11"" of the downloadable source workbook (verified by matching 4/4 reported material-intensity values)","Gontia, Nägeli, Rosado, Kalmykova, & Österbring, 2018"
R-136,Marinova et al. (2020),https://doi.org/10.1016/j.jclepro.2019.119146,CC BY-NC-ND 4.0,"Row 174-291 in sheet ""Region 11"" of the downloadable source workbook (verified by matching 4/4 reported material-intensity values)","Gontia, Nägeli, Rosado, Kalmykova, & Österbring, 2018"
R-137,Marinova et al. (2020),https://doi.org/10.1016/j.jclepro.2019.119146,CC BY-NC-ND 4.0,"Row 154-309 in sheet ""Region 11"" of the downloadable source workbook (verified by matching 4/4 reported material-intensity values)","Gontia, Nägeli, Rosado, Kalmykova, & Österbring, 2018"
R-138,Marinova et al. (2020),https://doi.org/10.1016/j.jclepro.2019.119146,CC BY-NC-ND 4.0,"Row 151-287 in sheet ""Region 11"" of the downloadable source workbook (verified by matching 4/4 reported material-intensity values)","Gontia, Nägeli, Rosado, Kalmykova, & Österbring, 2018"
R-139,Marinova et al. (2020),https://doi.org/10.1016/j.jclepro.2019.119146,CC BY-NC-ND 4.0,"Row 151-287 in sheet ""Region 11"" of the downloadable source workbook (verified by matching 4/4 reported material-intensity values)","Gontia, Nägeli, Rosado, Kalmykova, & Österbring, 2018"
R-140,Marinova et al. (2020),https://doi.org/10.1016/j.jclepro.2019.119146,CC BY-NC-ND 4.0,"Row 154-274 in sheet ""Region 11"" of the downloadable source workbook (verified by matching 4/4 reported material-intensity values)","Gontia, Nägeli, Rosado, Kalmykova, & Österbring, 2018"
R-141,Marinova et al. (2020),https://doi.org/10.1016/j.jclepro.2019.119146,CC BY-NC-ND 4.0,"Row 174-291 in sheet ""Region 11"" of the downloadable source workbook (verified by matching 4/4 reported material-intensity values)","Gontia, Nägeli, Rosado, Kalmykova, & Österbring, 2018"
R-142,Marinova et al. (2020),https://doi.org/10.1016/j.jclepro.2019.119146,CC BY-NC-ND 4.0,"Row 190-299 in sheet ""Region 11"" of the downloadable source workbook (verified by matching 4/4 reported material-intensity values)","Gontia, Nägeli, Rosado, Kalmykova, & Österbring, 2018"
R-143,Marinova et al. (2020),https://doi.org/10.1016/j.jclepro.2019.119146,CC BY-NC-ND 4.0,"Row 151-287 in sheet ""Region 11"" of the downloadable source workbook (verified by matching 4/4 reported material-intensity values)","Gontia, Nägeli, Rosado, Kalmykova, & Österbring, 2018"
R-144,Marinova et al. (2020),https://doi.org/10.1016/j.jclepro.2019.119146,CC BY-NC-ND 4.0,"Row 151-287 in sheet ""Region 11"" of the downloadable source workbook (verified by matching 4/4 reported material-intensity values)","Gontia, Nägeli, Rosado, Kalmykova, & Österbring, 2018"
R-145,Marinova et al. (2020),https://doi.org/10.1016/j.jclepro.2019.119146,CC BY-NC-ND 4.0,"Row 174-291 in sheet ""Region 11"" of the downloadable source workbook (verified by matching 4/4 reported material-intensity values)","Gontia, Nägeli, Rosado, Kalmykova, & Österbring, 2018"
R-146,Marinova et al. (2020),https://doi.org/10.1016/j.jclepro.2019.119146,CC BY-NC-ND 4.0,"Row 154-275 in sheet ""Region 11"" of the downloadable source workbook (verified by matching 4/4 reported material-intensity values)","Gontia, Nägeli, Rosado, Kalmykova, & Österbring, 2018"
R-147,Marinova et al. (2020),https://doi.org/10.1016/j.jclepro.2019.119146,CC BY-NC-ND 4.0,"Row 151-287 in sheet ""Region 11"" of the downloadable source workbook (verified by matching 4/4 reported material-intensity values)","Miatto, A., Schandl, H., Forlin, L., Ronzani, F., Borin, P., Giordano, A., & Tanikawa, H. (2019). A spatial analysis of material stock accumulation and demolition waste potential of buildings: A case study of Padua. Resources, Conservation and Recycling, 142(July 2018), 245–256. https://doi.org/10.1016/j.resconrec.2018.12.011"
R-148,Marinova et al. (2020),https://doi.org/10.1016/j.jclepro.2019.119146,CC BY-NC-ND 4.0,"Row 151-287 in sheet ""Region 11"" of the downloadable source workbook (verified by matching 4/4 reported material-intensity values)","Miatto et al., 2019"
R-149,Marinova et al. (2020),https://doi.org/10.1016/j.jclepro.2019.119146,CC BY-NC-ND 4.0,"Row 151-287 in sheet ""Region 11"" of the downloadable source workbook (verified by matching 4/4 reported material-intensity values)","Miatto et al., 2019"
R-150,Marinova et al. (2020),https://doi.org/10.1016/j.jclepro.2019.119146,CC BY-NC-ND 4.0,"Row 174-291 in sheet ""Region 11"" of the downloadable source workbook (verified by matching 4/4 reported material-intensity values)","Miatto et al., 2019"
R-151,Marinova et al. (2020),https://doi.org/10.1016/j.jclepro.2019.119146,CC BY-NC-ND 4.0,"Row 190-299 in sheet ""Region 11"" of the downloadable source workbook (verified by matching 4/4 reported material-intensity values)","Miatto et al., 2019"
R-152,Marinova et al. (2020),https://doi.org/10.1016/j.jclepro.2019.119146,CC BY-NC-ND 4.0,"Row 190-299 in sheet ""Region 11"" of the downloadable source workbook (verified by matching 4/4 reported material-intensity values)","Miatto et al., 2019"
R-153,Marinova et al. (2020),https://doi.org/10.1016/j.jclepro.2019.119146,CC BY-NC-ND 4.0,"Row 300-307 in sheet ""Region 11"" of the downloadable source workbook (verified by matching 4/4 reported material-intensity values)","Miatto et al., 2019"
R-154,Marinova et al. (2020),https://doi.org/10.1016/j.jclepro.2019.119146,CC BY-NC-ND 4.0,"Row 303-310 in sheet ""Region 11"" of the downloadable source workbook (verified by matching 4/4 reported material-intensity values)","Miatto et al., 2019"
R-155,Marinova et al. (2020),https://doi.org/10.1016/j.jclepro.2019.119146,CC BY-NC-ND 4.0,"Row 239-311 in sheet ""Region 11"" of the downloadable source workbook (verified by matching 4/4 reported material-intensity values)","Miatto et al., 2019"
R-173,Marinova et al. (2020),https://doi.org/10.1016/j.jclepro.2019.119146,CC BY-NC-ND 4.0,"Value-fingerprint matched to one of ['Region 11', 'Region 12'] (source reuses identical representative-archetype data across these regions; row-level location cannot be disambiguated further)","Nemry, F., & Uihlein, A. (2008). Environmental Improvement Potentials of Residential Buildings (IMPRO-Building). https://doi.org/10.2791/38942"
R-174,Marinova et al. (2020),https://doi.org/10.1016/j.jclepro.2019.119146,CC BY-NC-ND 4.0,"Value-fingerprint matched to one of ['Region 11', 'Region 12'] (source reuses identical representative-archetype data across these regions; row-level location cannot be disambiguated further)","Nemry & Uihlein, 2008"
R-175,Marinova et al. (2020),https://doi.org/10.1016/j.jclepro.2019.119146,CC BY-NC-ND 4.0,"Value-fingerprint matched to one of ['Region 11', 'Region 12'] (source reuses identical representative-archetype data across these regions; row-level location cannot be disambiguated further)","Nemry & Uihlein, 2008"
R-176,Marinova et al. (2020),https://doi.org/10.1016/j.jclepro.2019.119146,CC BY-NC-ND 4.0,"Value-fingerprint matched to one of ['Region 11', 'Region 12'] (source reuses identical representative-archetype data across these regions; row-level location cannot be disambiguated further)","Nemry & Uihlein, 2008"
R-177,Marinova et al. (2020),https://doi.org/10.1016/j.jclepro.2019.119146,CC BY-NC-ND 4.0,"Value-fingerprint matched to one of ['Region 11', 'Region 12'] (source reuses identical representative-archetype data across these regions; row-level location cannot be disambiguated further)","Nemry & Uihlein, 2008"
R-178,Marinova et al. (2020),https://doi.org/10.1016/j.jclepro.2019.119146,CC BY-NC-ND 4.0,"Value-fingerprint matched to one of ['Region 11', 'Region 12'] (source reuses identical representative-archetype data across these regions; row-level location cannot be disambiguated further)","Nemry & Uihlein, 2008"
R-179,Marinova et al. (2020),https://doi.org/10.1016/j.jclepro.2019.119146,CC BY-NC-ND 4.0,"Value-fingerprint matched to one of ['Region 11', 'Region 12'] (source reuses identical representative-archetype data across these regions; row-level location cannot be disambiguated further)","Nemry & Uihlein, 2008"
R-180,Marinova et al. (2020),https://doi.org/10.1016/j.jclepro.2019.119146,CC BY-NC-ND 4.0,"Value-fingerprint matched to one of ['Region 11', 'Region 12'] (source reuses identical representative-archetype data across these regions; row-level location cannot be disambiguated further)","Nemry & Uihlein, 2008"
R-181,Marinova et al. (2020),https://doi.org/10.1016/j.jclepro.2019.119146,CC BY-NC-ND 4.0,"Value-fingerprint matched to one of ['Region 11', 'Region 12'] (source reuses identical representative-archetype data across these regions; row-level location cannot be disambiguated further)","Nemry & Uihlein, 2008"
R-182,Marinova et al. (2020),https://doi.org/10.1016/j.jclepro.2019.119146,CC BY-NC-ND 4.0,"Value-fingerprint matched to one of ['Region 11', 'Region 12'] (source reuses identical representative-archetype data across these regions; row-level location cannot be disambiguated further)","Nemry & Uihlein, 2008"
R-183,Marinova et al. (2020),https://doi.org/10.1016/j.jclepro.2019.119146,CC BY-NC-ND 4.0,"Value-fingerprint matched to one of ['Region 11', 'Region 12'] (source reuses identical representative-archetype data across these regions; row-level location cannot be disambiguated further)","Nemry & Uihlein, 2008"
R-184,Marinova et al. (2020),https://doi.org/10.1016/j.jclepro.2019.119146,CC BY-NC-ND 4.0,"Value-fingerprint matched to one of ['Region 11', 'Region 12'] (source reuses identical representative-archetype data across these regions; row-level location cannot be disambiguated further)","Nemry & Uihlein, 2008"
R-185,Marinova et al. (2020),https://doi.org/10.1016/j.jclepro.2019.119146,CC BY-NC-ND 4.0,"Value-fingerprint matched to one of ['Region 11', 'Region 12'] (source reuses identical representative-archetype data across these regions; row-level location cannot be disambiguated further)","Nemry & Uihlein, 2008"
R-186,Marinova et al. (2020),https://doi.org/10.1016/j.jclepro.2019.119146,CC BY-NC-ND 4.0,"Value-fingerprint matched to one of ['Region 11', 'Region 12'] (source reuses identical representative-archetype data across these regions; row-level location cannot be disambiguated further)","Nemry & Uihlein, 2008"
R-187,Marinova et al. (2020),https://doi.org/10.1016/j.jclepro.2019.119146,CC BY-NC-ND 4.0,"Value-fingerprint matched to one of ['Region 11', 'Region 12'] (source reuses identical representative-archetype data across these regions; row-level location cannot be disambiguated further)","Nemry & Uihlein, 2008"
R-188,Marinova et al. (2020),https://doi.org/10.1016/j.jclepro.2019.119146,CC BY-NC-ND 4.0,"Value-fingerprint matched to one of ['Region 11', 'Region 12'] (source reuses identical representative-archetype data across these regions; row-level location cannot be disambiguated further)","Nemry & Uihlein, 2008"
R-189,Marinova et al. (2020),https://doi.org/10.1016/j.jclepro.2019.119146,CC BY-NC-ND 4.0,"Value-fingerprint matched to one of ['Region 11', 'Region 12'] (source reuses identical representative-archetype data across these regions; row-level location cannot be disambiguated further)","Nemry & Uihlein, 2008"
R-190,Marinova et al. (2020),https://doi.org/10.1016/j.jclepro.2019.119146,CC BY-NC-ND 4.0,"Value-fingerprint matched to one of ['Region 11', 'Region 12'] (source reuses identical representative-archetype data across these regions; row-level location cannot be disambiguated further)","Nemry & Uihlein, 2008"
R-191,Marinova et al. (2020),https://doi.org/10.1016/j.jclepro.2019.119146,CC BY-NC-ND 4.0,"Value-fingerprint matched to one of ['Region 11', 'Region 12'] (source reuses identical representative-archetype data across these regions; row-level location cannot be disambiguated further)","Nemry & Uihlein, 2008"
R-192,Marinova et al. (2020),https://doi.org/10.1016/j.jclepro.2019.119146,CC BY-NC-ND 4.0,"Value-fingerprint matched to one of ['Region 11', 'Region 12'] (source reuses identical representative-archetype data across these regions; row-level location cannot be disambiguated further)","Nemry & Uihlein, 2008"
R-193,Marinova et al. (2020),https://doi.org/10.1016/j.jclepro.2019.119146,CC BY-NC-ND 4.0,"Value-fingerprint matched to one of ['Region 11', 'Region 12'] (source reuses identical representative-archetype data across these regions; row-level location cannot be disambiguated further)","Nemry & Uihlein, 2008"
R-194,Marinova et al. (2020),https://doi.org/10.1016/j.jclepro.2019.119146,CC BY-NC-ND 4.0,"Value-fingerprint matched to one of ['Region 11', 'Region 12'] (source reuses identical representative-archetype data across these regions; row-level location cannot be disambiguated further)","Nemry & Uihlein, 2008"
R-195,Marinova et al. (2020),https://doi.org/10.1016/j.jclepro.2019.119146,CC BY-NC-ND 4.0,"Value-fingerprint matched to one of ['Region 11', 'Region 12'] (source reuses identical representative-archetype data across these regions; row-level location cannot be disambiguated further)","Nemry & Uihlein, 2008"
R-196,Marinova et al. (2020),https://doi.org/10.1016/j.jclepro.2019.119146,CC BY-NC-ND 4.0,"Value-fingerprint matched to one of ['Region 11', 'Region 12'] (source reuses identical representative-archetype data across these regions; row-level location cannot be disambiguated further)","Nemry & Uihlein, 2008"
R-197,Marinova et al. (2020),https://doi.org/10.1016/j.jclepro.2019.119146,CC BY-NC-ND 4.0,"Value-fingerprint matched to one of ['Region 11', 'Region 12'] (source reuses identical representative-archetype data across these regions; row-level location cannot be disambiguated further)","Nemry & Uihlein, 2008"
R-198,Marinova et al. (2020),https://doi.org/10.1016/j.jclepro.2019.119146,CC BY-NC-ND 4.0,"Value-fingerprint matched to one of ['Region 11', 'Region 12'] (source reuses identical representative-archetype data across these regions; row-level location cannot be disambiguated further)","Nemry & Uihlein, 2008"
R-206,Marinova et al. (2020),https://doi.org/10.1016/j.jclepro.2019.119146,CC BY-NC-ND 4.0,"Value-fingerprint matched to one of ['Region 11', 'Region 12'] (source reuses identical representative-archetype data across these regions; row-level location cannot be disambiguated further)","Nemry & Uihlein, 2008"
R-207,Marinova et al. (2020),https://doi.org/10.1016/j.jclepro.2019.119146,CC BY-NC-ND 4.0,"Row 36-74 in sheet ""Region 12"" of the downloadable source workbook (verified by matching 3/3 reported material-intensity values)","Nemry & Uihlein, 2008"
R-208,Marinova et al. (2020),https://doi.org/10.1016/j.jclepro.2019.119146,CC BY-NC-ND 4.0,"Row 75-76 in sheet ""Region 12"" of the downloadable source workbook (verified by matching 2/2 reported material-intensity values)","Nemry & Uihlein, 2008"
R-213,Marinova et al. (2020),https://doi.org/10.1016/j.jclepro.2019.119146,CC BY-NC-ND 4.0,"Value-fingerprint matched to one of ['Region 11', 'Region 12'] (source reuses identical representative-archetype data across these regions; row-level location cannot be disambiguated further)","Nemry & Uihlein, 2008"
R-218,Marinova et al. (2020),https://doi.org/10.1016/j.jclepro.2019.119146,CC BY-NC-ND 4.0,"Value-fingerprint matched to one of ['Region 11', 'Region 12'] (source reuses identical representative-archetype data across these regions; row-level location cannot be disambiguated further)","Nemry & Uihlein, 2008"
R-221,Marinova et al. (2020),https://doi.org/10.1016/j.jclepro.2019.119146,CC BY-NC-ND 4.0,"Row 0-1 in sheet ""Region 17"" of the downloadable source workbook (verified by matching 2/2 reported material-intensity values)","Stephan, A., & Stephan, L. (2014). Reducing the total life cycle energy demand of recent residential buildings in Lebanon. Energy. https://doi.org/10.1016/j.energy.2014.07.028"
R-283,Marinova et al. (2020),https://doi.org/10.1016/j.jclepro.2019.119146,CC BY-NC-ND 4.0,"Row 33-34 in sheet ""Region 20"" of the downloadable source workbook (verified by matching 2/2 reported material-intensity values)","Su, X., & Zhang, X. (2016). A detailed analysis of the embodied energy and carbon emissions of steel-construction residential buildings in China. Energy and Buildings. https://doi.org/10.1016/j.enbuild.2016.03.070"
R-284,Marinova et al. (2020),https://doi.org/10.1016/j.jclepro.2019.119146,CC BY-NC-ND 4.0,"Row 35-36 in sheet ""Region 20"" of the downloadable source workbook (verified by matching 2/2 reported material-intensity values)","Su & Zhang, 2016"
R-285,Marinova et al. (2020),https://doi.org/10.1016/j.jclepro.2019.119146,CC BY-NC-ND 4.0,"Row 37-38 in sheet ""Region 20"" of the downloadable source workbook (verified by matching 2/2 reported material-intensity values)","Su & Zhang, 2016"
R-294,Marinova et al. (2020),https://doi.org/10.1016/j.jclepro.2019.119146,CC BY-NC-ND 4.0,"Row 8-13 in sheet ""Region 22"" of the downloadable source workbook (verified by matching 3/3 reported material-intensity values)","Heeren, N. and Fishman, T. (2019). A database seed for a community-driven material intensity research platform. Scientific Data, 6(1)."
R-295,Marinova et al. (2020),https://doi.org/10.1016/j.jclepro.2019.119146,CC BY-NC-ND 4.0,"Row 10-13 in sheet ""Region 22"" of the downloadable source workbook (verified by matching 3/3 reported material-intensity values)","Heeren et al., 2019"
R-296,Marinova et al. (2020),https://doi.org/10.1016/j.jclepro.2019.119146,CC BY-NC-ND 4.0,"Row 14-27 in sheet ""Region 22"" of the downloadable source workbook (verified by matching 4/4 reported material-intensity values)","Heeren et al., 2019"
R-297,Marinova et al. (2020),https://doi.org/10.1016/j.jclepro.2019.119146,CC BY-NC-ND 4.0,"Row 18-21 in sheet ""Region 22"" of the downloadable source workbook (verified by matching 4/4 reported material-intensity values)","Heeren et al., 2019"
R-298,Marinova et al. (2020),https://doi.org/10.1016/j.jclepro.2019.119146,CC BY-NC-ND 4.0,"Row 22-24 in sheet ""Region 22"" of the downloadable source workbook (verified by matching 3/3 reported material-intensity values)","Heeren et al., 2019"
R-299,Marinova et al. (2020),https://doi.org/10.1016/j.jclepro.2019.119146,CC BY-NC-ND 4.0,"Row 17-27 in sheet ""Region 22"" of the downloadable source workbook (verified by matching 3/3 reported material-intensity values)","Heeren et al., 2019"
R-300,Marinova et al. (2020),https://doi.org/10.1016/j.jclepro.2019.119146,CC BY-NC-ND 4.0,"Row 28-31 in sheet ""Region 22"" of the downloadable source workbook (verified by matching 4/4 reported material-intensity values)","Heeren et al., 2019"
R-301,Marinova et al. (2020),https://doi.org/10.1016/j.jclepro.2019.119146,CC BY-NC-ND 4.0,"Row 32-35 in sheet ""Region 22"" of the downloadable source workbook (verified by matching 4/4 reported material-intensity values)","Heeren et al., 2019"
R-310,Marinova et al. (2020),https://doi.org/10.1016/j.jclepro.2019.119146,CC BY-NC-ND 4.0,"Row 8-27 in sheet ""Region 23"" of the downloadable source workbook (verified by matching 5/5 reported material-intensity values)","Tanikawa, H., & Hashimoto, S. (2009). Urban stock over time: Spatial material stock analysis using 4d-GIS. Building Research and Information. https://doi.org/10.1080/09613210903169394"
R-311,Marinova et al. (2020),https://doi.org/10.1016/j.jclepro.2019.119146,CC BY-NC-ND 4.0,"Row 13-20 in sheet ""Region 23"" of the downloadable source workbook (verified by matching 5/5 reported material-intensity values)","Tanikawa & Hashimoto, 2009"
R-312,Marinova et al. (2020),https://doi.org/10.1016/j.jclepro.2019.119146,CC BY-NC-ND 4.0,"Row 12-22 in sheet ""Region 23"" of the downloadable source workbook (verified by matching 5/5 reported material-intensity values)","Tanikawa & Hashimoto, 2009"
R-313,Marinova et al. (2020),https://doi.org/10.1016/j.jclepro.2019.119146,CC BY-NC-ND 4.0,"Row 9-27 in sheet ""Region 23"" of the downloadable source workbook (verified by matching 5/5 reported material-intensity values)","Heeren, N. and Fishman, T. (2019). A database seed for a community-driven material intensity research platform. Scientific Data, 6(1)."
R-327,Marinova et al. (2020),https://doi.org/10.1016/j.jclepro.2019.119146,CC BY-NC-ND 4.0,"Row 55-59 in sheet ""Region 24"" of the downloadable source workbook (verified by matching 5/5 reported material-intensity values)","Fay, R., Treloar, G., & Iyer-Raniga, U. (2000). Life-cycle energy analysis of buildings: a case study. Building Research & Information (Vol. 28)"
N-11,Liu et al. (2025),https://doi.org/10.1021/acs.est.5c05684,Not stated by publisher,"Row with id = 11 in the ""Database"" sheet of the freely downloadable Supporting Information (SI) at the DOI above.","Hong, L. et al. Modeling China’s Building Floor-Area Growth and the Implications for Building Materials and Energy Demand. ACEEE Summer Study Energy Effic. Build. 146–157 (2014)."
N-12,Liu et al. (2025),https://doi.org/10.1021/acs.est.5c05684,Not stated by publisher,"Row with id = 12 in the ""Database"" sheet of the freely downloadable Supporting Information (SI) at the DOI above.","Hong, L. et al. Modeling China’s Building Floor-Area Growth and the Implications for Building Materials and Energy Demand. ACEEE Summer Study Energy Effic. Build. 146–157 (2014)."
N-13,Liu et al. (2025),https://doi.org/10.1021/acs.est.5c05684,Not stated by publisher,"Row with id = 13 in the ""Database"" sheet of the freely downloadable Supporting Information (SI) at the DOI above.","Hong, L. et al. Modeling China’s Building Floor-Area Growth and the Implications for Building Materials and Energy Demand. ACEEE Summer Study Energy Effic. Build. 146–157 (2014)."
N-14,Liu et al. (2025),https://doi.org/10.1021/acs.est.5c05684,Not stated by publisher,"Row with id = 14 in the ""Database"" sheet of the freely downloadable Supporting Information (SI) at the DOI above.","Fernández, J. E. Resource Consumption of New Urban Construction in China. J. Ind. Ecol. 11, 99–115 (2007)."
N-15,Liu et al. (2025),https://doi.org/10.1021/acs.est.5c05684,Not stated by publisher,"Row with id = 15 in the ""Database"" sheet of the freely downloadable Supporting Information (SI) at the DOI above.","Fernández, J. E. Resource Consumption of New Urban Construction in China. J. Ind. Ecol. 11, 99–115 (2007)."
N-16,Liu et al. (2025),https://doi.org/10.1021/acs.est.5c05684,Not stated by publisher,"Row with id = 16 in the ""Database"" sheet of the freely downloadable Supporting Information (SI) at the DOI above.","Fernández, J. E. Resource Consumption of New Urban Construction in China. J. Ind. Ecol. 11, 99–115 (2007)."
N-17,Liu et al. (2025),https://doi.org/10.1021/acs.est.5c05684,Not stated by publisher,"Row with id = 17 in the ""Database"" sheet of the freely downloadable Supporting Information (SI) at the DOI above.","Hu, M. et al. Iron and steel in Chinese residential buildings: A dynamic analysis. Resour. Conserv. Recycl. 54, 591–600 (2010)."
N-18,Liu et al. (2025),https://doi.org/10.1021/acs.est.5c05684,Not stated by publisher,"Row with id = 18 in the ""Database"" sheet of the freely downloadable Supporting Information (SI) at the DOI above.","Hu, M. et al. Iron and steel in Chinese residential buildings: A dynamic analysis. Resour. Conserv. Recycl. 54, 591–600 (2010)."
N-19,Liu et al. (2025),https://doi.org/10.1021/acs.est.5c05684,Not stated by publisher,"Row with id = 19 in the ""Database"" sheet of the freely downloadable Supporting Information (SI) at the DOI above.","Hu, D. et al. Input, stocks and output flows of urban residential building system in Beijing city, China from 1949 to 2008. Resour. Conserv. Recycl. 54, 1177–1188 (2010)."
N-20,Liu et al. (2025),https://doi.org/10.1021/acs.est.5c05684,Not stated by publisher,"Row with id = 20 in the ""Database"" sheet of the freely downloadable Supporting Information (SI) at the DOI above.","Hu, D. et al. Input, stocks and output flows of urban residential building system in Beijing city, China from 1949 to 2008. Resour. Conserv. Recycl. 54, 1177–1188 (2010)."
N-51,Liu et al. (2025),https://doi.org/10.1021/acs.est.5c05684,Not stated by publisher,"Row with id = 51 in the ""Database"" sheet of the freely downloadable Supporting Information (SI) at the DOI above.","Tanikawa, H. & Hashimoto, S. Urban stock over time: spatial material stock analysis using 4d-GIS. Build. Res. Inf. 37, 483–502 (2009)."
N-52,Liu et al. (2025),https://doi.org/10.1021/acs.est.5c05684,Not stated by publisher,"Row with id = 52 in the ""Database"" sheet of the freely downloadable Supporting Information (SI) at the DOI above.","Tanikawa, H. & Hashimoto, S. Urban stock over time: spatial material stock analysis using 4d-GIS. Build. Res. Inf. 37, 483–502 (2009)."
N-53,Liu et al. (2025),https://doi.org/10.1021/acs.est.5c05684,Not stated by publisher,"Row with id = 53 in the ""Database"" sheet of the freely downloadable Supporting Information (SI) at the DOI above.","Tanikawa, H. & Hashimoto, S. Urban stock over time: spatial material stock analysis using 4d-GIS. Build. Res. Inf. 37, 483–502 (2009)."
N-54,Liu et al. (2025),https://doi.org/10.1021/acs.est.5c05684,Not stated by publisher,"Row with id = 54 in the ""Database"" sheet of the freely downloadable Supporting Information (SI) at the DOI above.","Tanikawa, H. & Hashimoto, S. Urban stock over time: spatial material stock analysis using 4d-GIS. Build. Res. Inf. 37, 483–502 (2009)."
N-55,Liu et al. (2025),https://doi.org/10.1021/acs.est.5c05684,Not stated by publisher,"Row with id = 55 in the ""Database"" sheet of the freely downloadable Supporting Information (SI) at the DOI above.","Tanikawa, H. & Hashimoto, S. Urban stock over time: spatial material stock analysis using 4d-GIS. Build. Res. Inf. 37, 483–502 (2009)."
N-56,Liu et al. (2025),https://doi.org/10.1021/acs.est.5c05684,Not stated by publisher,"Row with id = 56 in the ""Database"" sheet of the freely downloadable Supporting Information (SI) at the DOI above.","Tanikawa, H. & Hashimoto, S. Urban stock over time: spatial material stock analysis using 4d-GIS. Build. Res. Inf. 37, 483–502 (2009)."
N-57,Liu et al. (2025),https://doi.org/10.1021/acs.est.5c05684,Not stated by publisher,"Row with id = 57 in the ""Database"" sheet of the freely downloadable Supporting Information (SI) at the DOI above.","Tanikawa, H. & Hashimoto, S. Urban stock over time: spatial material stock analysis using 4d-GIS. Build. Res. Inf. 37, 483–502 (2009)."
N-58,Liu et al. (2025),https://doi.org/10.1021/acs.est.5c05684,Not stated by publisher,"Row with id = 58 in the ""Database"" sheet of the freely downloadable Supporting Information (SI) at the DOI above.","Tanikawa, H. & Hashimoto, S. Urban stock over time: spatial material stock analysis using 4d-GIS. Build. Res. Inf. 37, 483–502 (2009)."
N-59,Liu et al. (2025),https://doi.org/10.1021/acs.est.5c05684,Not stated by publisher,"Row with id = 59 in the ""Database"" sheet of the freely downloadable Supporting Information (SI) at the DOI above.","Tanikawa, H. & Hashimoto, S. Urban stock over time: spatial material stock analysis using 4d-GIS. Build. Res. Inf. 37, 483–502 (2009)."
N-60,Liu et al. (2025),https://doi.org/10.1021/acs.est.5c05684,Not stated by publisher,"Row with id = 60 in the ""Database"" sheet of the freely downloadable Supporting Information (SI) at the DOI above.","Tanikawa, H. & Hashimoto, S. Urban stock over time: spatial material stock analysis using 4d-GIS. Build. Res. Inf. 37, 483–502 (2009)."
N-61,Liu et al. (2025),https://doi.org/10.1021/acs.est.5c05684,Not stated by publisher,"Row with id = 61 in the ""Database"" sheet of the freely downloadable Supporting Information (SI) at the DOI above.","Tanikawa, H. & Hashimoto, S. Urban stock over time: spatial material stock analysis using 4d-GIS. Build. Res. Inf. 37, 483–502 (2009)."
N-62,Liu et al. (2025),https://doi.org/10.1021/acs.est.5c05684,Not stated by publisher,"Row with id = 62 in the ""Database"" sheet of the freely downloadable Supporting Information (SI) at the DOI above.","Tanikawa, H. & Hashimoto, S. Urban stock over time: spatial material stock analysis using 4d-GIS. Build. Res. Inf. 37, 483–502 (2009)."
N-63,Liu et al. (2025),https://doi.org/10.1021/acs.est.5c05684,Not stated by publisher,"Row with id = 63 in the ""Database"" sheet of the freely downloadable Supporting Information (SI) at the DOI above.","Tanikawa, H. & Hashimoto, S. Urban stock over time: spatial material stock analysis using 4d-GIS. Build. Res. Inf. 37, 483–502 (2009)."
N-64,Liu et al. (2025),https://doi.org/10.1021/acs.est.5c05684,Not stated by publisher,"Row with id = 64 in the ""Database"" sheet of the freely downloadable Supporting Information (SI) at the DOI above.","Tanikawa, H. & Hashimoto, S. Urban stock over time: spatial material stock analysis using 4d-GIS. Build. Res. Inf. 37, 483–502 (2009)."
N-65,Liu et al. (2025),https://doi.org/10.1021/acs.est.5c05684,Not stated by publisher,"Row with id = 65 in the ""Database"" sheet of the freely downloadable Supporting Information (SI) at the DOI above.","Tanikawa, H. & Hashimoto, S. Urban stock over time: spatial material stock analysis using 4d-GIS. Build. Res. Inf. 37, 483–502 (2009)."
N-66,Liu et al. (2025),https://doi.org/10.1021/acs.est.5c05684,Not stated by publisher,"Row with id = 66 in the ""Database"" sheet of the freely downloadable Supporting Information (SI) at the DOI above.","Tanikawa, H. & Hashimoto, S. Urban stock over time: spatial material stock analysis using 4d-GIS. Build. Res. Inf. 37, 483–502 (2009)."
N-67,Liu et al. (2025),https://doi.org/10.1021/acs.est.5c05684,Not stated by publisher,"Row with id = 67 in the ""Database"" sheet of the freely downloadable Supporting Information (SI) at the DOI above.","Tanikawa, H. & Hashimoto, S. Urban stock over time: spatial material stock analysis using 4d-GIS. Build. Res. Inf. 37, 483–502 (2009)."
N-68,Liu et al. (2025),https://doi.org/10.1021/acs.est.5c05684,Not stated by publisher,"Row with id = 68 in the ""Database"" sheet of the freely downloadable Supporting Information (SI) at the DOI above.","Tanikawa, H. & Hashimoto, S. Urban stock over time: spatial material stock analysis using 4d-GIS. Build. Res. Inf. 37, 483–502 (2009)."
N-69,Liu et al. (2025),https://doi.org/10.1021/acs.est.5c05684,Not stated by publisher,"Row with id = 69 in the ""Database"" sheet of the freely downloadable Supporting Information (SI) at the DOI above.","Tanikawa, H. & Hashimoto, S. Urban stock over time: spatial material stock analysis using 4d-GIS. Build. Res. Inf. 37, 483–502 (2009)."
N-70,Liu et al. (2025),https://doi.org/10.1021/acs.est.5c05684,Not stated by publisher,"Row with id = 70 in the ""Database"" sheet of the freely downloadable Supporting Information (SI) at the DOI above.","Tanikawa, H., Managi, S. & Lwin, C. M. Estimates of Lost Material Stock of Buildings and Roads Due to the Great East Japan Earthquake and Tsunami. J. Ind. Ecol. 18, 421–431 (2014)."
N-78,Liu et al. (2025),https://doi.org/10.1021/acs.est.5c05684,Not stated by publisher,"Row with id = 78 in the ""Database"" sheet of the freely downloadable Supporting Information (SI) at the DOI above.","Cheng, K.-L., Hsu, S.-C., Li, W.-M. & Ma, H.-W. Quantifying potential anthropogenic resources of buildings through hot spot analysis. Resour. Conserv. Recycl. 133, 10–20 (2018)."
N-94,Liu et al. (2025),https://doi.org/10.1021/acs.est.5c05684,Not stated by publisher,"Row with id = 94 in the ""Database"" sheet of the freely downloadable Supporting Information (SI) at the DOI above.","Kofoworola, O. F. & Gheewala, S. H. Life cycle energy assessment of a typical office building in Thailand. Energy Build. 41, 1076–1083 (2009)."
N-139,Liu et al. (2025),https://doi.org/10.1021/acs.est.5c05684,Not stated by publisher,"Row with id = 139 in the ""Database"" sheet of the freely downloadable Supporting Information (SI) at the DOI above.","A construction company in Weifang, Shandong, 2018"
N-140,Liu et al. (2025),https://doi.org/10.1021/acs.est.5c05684,Not stated by publisher,"Row with id = 140 in the ""Database"" sheet of the freely downloadable Supporting Information (SI) at the DOI above.","A construction company in Weifang, Shandong, 2018"
N-141,Liu et al. (2025),https://doi.org/10.1021/acs.est.5c05684,Not stated by publisher,"Row with id = 141 in the ""Database"" sheet of the freely downloadable Supporting Information (SI) at the DOI above.","A construction company in Weifang, Shandong, 2018"
N-142,Liu et al. (2025),https://doi.org/10.1021/acs.est.5c05684,Not stated by publisher,"Row with id = 142 in the ""Database"" sheet of the freely downloadable Supporting Information (SI) at the DOI above.","A construction company in Weifang, Shandong, 2018"
N-143,Liu et al. (2025),https://doi.org/10.1021/acs.est.5c05684,Not stated by publisher,"Row with id = 143 in the ""Database"" sheet of the freely downloadable Supporting Information (SI) at the DOI above.",Face-to-face interview
N-144,Liu et al. (2025),https://doi.org/10.1021/acs.est.5c05684,Not stated by publisher,"Row with id = 144 in the ""Database"" sheet of the freely downloadable Supporting Information (SI) at the DOI above.",Face-to-face interview
N-145,Liu et al. (2025),https://doi.org/10.1021/acs.est.5c05684,Not stated by publisher,"Row with id = 145 in the ""Database"" sheet of the freely downloadable Supporting Information (SI) at the DOI above.",Face-to-face interview
N-146,Liu et al. (2025),https://doi.org/10.1021/acs.est.5c05684,Not stated by publisher,"Row with id = 146 in the ""Database"" sheet of the freely downloadable Supporting Information (SI) at the DOI above.",Face-to-face interview
N-147,Liu et al. (2025),https://doi.org/10.1021/acs.est.5c05684,Not stated by publisher,"Row with id = 147 in the ""Database"" sheet of the freely downloadable Supporting Information (SI) at the DOI above.",Face-to-face interview
N-148,Liu et al. (2025),https://doi.org/10.1021/acs.est.5c05684,Not stated by publisher,"Row with id = 148 in the ""Database"" sheet of the freely downloadable Supporting Information (SI) at the DOI above.",Face-to-face interview
N-149,Liu et al. (2025),https://doi.org/10.1021/acs.est.5c05684,Not stated by publisher,"Row with id = 149 in the ""Database"" sheet of the freely downloadable Supporting Information (SI) at the DOI above.",Face-to-face interview
N-150,Liu et al. (2025),https://doi.org/10.1021/acs.est.5c05684,Not stated by publisher,"Row with id = 150 in the ""Database"" sheet of the freely downloadable Supporting Information (SI) at the DOI above.",Face-to-face interview
N-151,Liu et al. (2025),https://doi.org/10.1021/acs.est.5c05684,Not stated by publisher,"Row with id = 151 in the ""Database"" sheet of the freely downloadable Supporting Information (SI) at the DOI above.",Face-to-face interview
N-153,Liu et al. (2025),https://doi.org/10.1021/acs.est.5c05684,Not stated by publisher,"Row with id = 153 in the ""Database"" sheet of the freely downloadable Supporting Information (SI) at the DOI above.",Face-to-face interview
N-154,Liu et al. (2025),https://doi.org/10.1021/acs.est.5c05684,Not stated by publisher,"Row with id = 154 in the ""Database"" sheet of the freely downloadable Supporting Information (SI) at the DOI above.",Face-to-face interview
N-155,Liu et al. (2025),https://doi.org/10.1021/acs.est.5c05684,Not stated by publisher,"Row with id = 155 in the ""Database"" sheet of the freely downloadable Supporting Information (SI) at the DOI above.",Face-to-face interview
N-156,Liu et al. (2025),https://doi.org/10.1021/acs.est.5c05684,Not stated by publisher,"Row with id = 156 in the ""Database"" sheet of the freely downloadable Supporting Information (SI) at the DOI above.",Face-to-face interview
N-157,Liu et al. (2025),https://doi.org/10.1021/acs.est.5c05684,Not stated by publisher,"Row with id = 157 in the ""Database"" sheet of the freely downloadable Supporting Information (SI) at the DOI above.",Face-to-face interview
N-158,Liu et al. (2025),https://doi.org/10.1021/acs.est.5c05684,Not stated by publisher,"Row with id = 158 in the ""Database"" sheet of the freely downloadable Supporting Information (SI) at the DOI above.",Face-to-face interview
N-159,Liu et al. (2025),https://doi.org/10.1021/acs.est.5c05684,Not stated by publisher,"Row with id = 159 in the ""Database"" sheet of the freely downloadable Supporting Information (SI) at the DOI above.",Face-to-face interview
N-160,Liu et al. (2025),https://doi.org/10.1021/acs.est.5c05684,Not stated by publisher,"Row with id = 160 in the ""Database"" sheet of the freely downloadable Supporting Information (SI) at the DOI above.",Face-to-face interview
N-162,Liu et al. (2025),https://doi.org/10.1021/acs.est.5c05684,Not stated by publisher,"Row with id = 162 in the ""Database"" sheet of the freely downloadable Supporting Information (SI) at the DOI above.",Face-to-face interview
N-163,Liu et al. (2025),https://doi.org/10.1021/acs.est.5c05684,Not stated by publisher,"Row with id = 163 in the ""Database"" sheet of the freely downloadable Supporting Information (SI) at the DOI above.",Face-to-face interview
N-164,Liu et al. (2025),https://doi.org/10.1021/acs.est.5c05684,Not stated by publisher,"Row with id = 164 in the ""Database"" sheet of the freely downloadable Supporting Information (SI) at the DOI above.",Face-to-face interview
N-165,Liu et al. (2025),https://doi.org/10.1021/acs.est.5c05684,Not stated by publisher,"Row with id = 165 in the ""Database"" sheet of the freely downloadable Supporting Information (SI) at the DOI above.",Face-to-face interview
N-166,Liu et al. (2025),https://doi.org/10.1021/acs.est.5c05684,Not stated by publisher,"Row with id = 166 in the ""Database"" sheet of the freely downloadable Supporting Information (SI) at the DOI above.",Face-to-face interview
N-167,Liu et al. (2025),https://doi.org/10.1021/acs.est.5c05684,Not stated by publisher,"Row with id = 167 in the ""Database"" sheet of the freely downloadable Supporting Information (SI) at the DOI above.",Face-to-face interview
N-168,Liu et al. (2025),https://doi.org/10.1021/acs.est.5c05684,Not stated by publisher,"Row with id = 168 in the ""Database"" sheet of the freely downloadable Supporting Information (SI) at the DOI above.",Face-to-face interview
N-169,Liu et al. (2025),https://doi.org/10.1021/acs.est.5c05684,Not stated by publisher,"Row with id = 169 in the ""Database"" sheet of the freely downloadable Supporting Information (SI) at the DOI above.",Face-to-face interview
N-170,Liu et al. (2025),https://doi.org/10.1021/acs.est.5c05684,Not stated by publisher,"Row with id = 170 in the ""Database"" sheet of the freely downloadable Supporting Information (SI) at the DOI above.",Face-to-face interview
N-171,Liu et al. (2025),https://doi.org/10.1021/acs.est.5c05684,Not stated by publisher,"Row with id = 171 in the ""Database"" sheet of the freely downloadable Supporting Information (SI) at the DOI above.",Face-to-face interview
N-172,Liu et al. (2025),https://doi.org/10.1021/acs.est.5c05684,Not stated by publisher,"Row with id = 172 in the ""Database"" sheet of the freely downloadable Supporting Information (SI) at the DOI above.",Face-to-face interview
N-173,Liu et al. (2025),https://doi.org/10.1021/acs.est.5c05684,Not stated by publisher,"Row with id = 173 in the ""Database"" sheet of the freely downloadable Supporting Information (SI) at the DOI above.",Face-to-face interview
N-174,Liu et al. (2025),https://doi.org/10.1021/acs.est.5c05684,Not stated by publisher,"Row with id = 174 in the ""Database"" sheet of the freely downloadable Supporting Information (SI) at the DOI above.",Face-to-face interview
N-175,Liu et al. (2025),https://doi.org/10.1021/acs.est.5c05684,Not stated by publisher,"Row with id = 175 in the ""Database"" sheet of the freely downloadable Supporting Information (SI) at the DOI above.",Face-to-face interview
N-176,Liu et al. (2025),https://doi.org/10.1021/acs.est.5c05684,Not stated by publisher,"Row with id = 176 in the ""Database"" sheet of the freely downloadable Supporting Information (SI) at the DOI above.",Face-to-face interview
N-177,Liu et al. (2025),https://doi.org/10.1021/acs.est.5c05684,Not stated by publisher,"Row with id = 177 in the ""Database"" sheet of the freely downloadable Supporting Information (SI) at the DOI above.",Face-to-face interview
N-178,Liu et al. (2025),https://doi.org/10.1021/acs.est.5c05684,Not stated by publisher,"Row with id = 178 in the ""Database"" sheet of the freely downloadable Supporting Information (SI) at the DOI above.",Face-to-face interview
N-179,Liu et al. (2025),https://doi.org/10.1021/acs.est.5c05684,Not stated by publisher,"Row with id = 179 in the ""Database"" sheet of the freely downloadable Supporting Information (SI) at the DOI above.",Face-to-face interview
N-180,Liu et al. (2025),https://doi.org/10.1021/acs.est.5c05684,Not stated by publisher,"Row with id = 180 in the ""Database"" sheet of the freely downloadable Supporting Information (SI) at the DOI above.",Face-to-face interview
N-181,Liu et al. (2025),https://doi.org/10.1021/acs.est.5c05684,Not stated by publisher,"Row with id = 181 in the ""Database"" sheet of the freely downloadable Supporting Information (SI) at the DOI above.",Face-to-face interview
N-182,Liu et al. (2025),https://doi.org/10.1021/acs.est.5c05684,Not stated by publisher,"Row with id = 182 in the ""Database"" sheet of the freely downloadable Supporting Information (SI) at the DOI above.",Face-to-face interview
N-183,Liu et al. (2025),https://doi.org/10.1021/acs.est.5c05684,Not stated by publisher,"Row with id = 183 in the ""Database"" sheet of the freely downloadable Supporting Information (SI) at the DOI above.",Face-to-face interview
N-184,Liu et al. (2025),https://doi.org/10.1021/acs.est.5c05684,Not stated by publisher,"Row with id = 184 in the ""Database"" sheet of the freely downloadable Supporting Information (SI) at the DOI above.",Face-to-face interview
N-185,Liu et al. (2025),https://doi.org/10.1021/acs.est.5c05684,Not stated by publisher,"Row with id = 185 in the ""Database"" sheet of the freely downloadable Supporting Information (SI) at the DOI above.",Face-to-face interview
N-186,Liu et al. (2025),https://doi.org/10.1021/acs.est.5c05684,Not stated by publisher,"Row with id = 186 in the ""Database"" sheet of the freely downloadable Supporting Information (SI) at the DOI above.",Face-to-face interview
N-187,Liu et al. (2025),https://doi.org/10.1021/acs.est.5c05684,Not stated by publisher,"Row with id = 187 in the ""Database"" sheet of the freely downloadable Supporting Information (SI) at the DOI above.",Face-to-face interview
N-188,Liu et al. (2025),https://doi.org/10.1021/acs.est.5c05684,Not stated by publisher,"Row with id = 188 in the ""Database"" sheet of the freely downloadable Supporting Information (SI) at the DOI above.",Face-to-face interview
N-189,Liu et al. (2025),https://doi.org/10.1021/acs.est.5c05684,Not stated by publisher,"Row with id = 189 in the ""Database"" sheet of the freely downloadable Supporting Information (SI) at the DOI above.",Face-to-face interview
N-190,Liu et al. (2025),https://doi.org/10.1021/acs.est.5c05684,Not stated by publisher,"Row with id = 190 in the ""Database"" sheet of the freely downloadable Supporting Information (SI) at the DOI above.",Face-to-face interview
N-191,Liu et al. (2025),https://doi.org/10.1021/acs.est.5c05684,Not stated by publisher,"Row with id = 191 in the ""Database"" sheet of the freely downloadable Supporting Information (SI) at the DOI above.",Face-to-face interview
N-192,Liu et al. (2025),https://doi.org/10.1021/acs.est.5c05684,Not stated by publisher,"Row with id = 192 in the ""Database"" sheet of the freely downloadable Supporting Information (SI) at the DOI above.",Face-to-face interview
N-193,Liu et al. (2025),https://doi.org/10.1021/acs.est.5c05684,Not stated by publisher,"Row with id = 193 in the ""Database"" sheet of the freely downloadable Supporting Information (SI) at the DOI above.",Face-to-face interview
N-194,Liu et al. (2025),https://doi.org/10.1021/acs.est.5c05684,Not stated by publisher,"Row with id = 194 in the ""Database"" sheet of the freely downloadable Supporting Information (SI) at the DOI above.",Face-to-face interview
N-195,Liu et al. (2025),https://doi.org/10.1021/acs.est.5c05684,Not stated by publisher,"Row with id = 195 in the ""Database"" sheet of the freely downloadable Supporting Information (SI) at the DOI above.",Face-to-face interview
N-196,Liu et al. (2025),https://doi.org/10.1021/acs.est.5c05684,Not stated by publisher,"Row with id = 196 in the ""Database"" sheet of the freely downloadable Supporting Information (SI) at the DOI above.",Face-to-face interview
N-197,Liu et al. (2025),https://doi.org/10.1021/acs.est.5c05684,Not stated by publisher,"Row with id = 197 in the ""Database"" sheet of the freely downloadable Supporting Information (SI) at the DOI above.",Face-to-face interview
N-198,Liu et al. (2025),https://doi.org/10.1021/acs.est.5c05684,Not stated by publisher,"Row with id = 198 in the ""Database"" sheet of the freely downloadable Supporting Information (SI) at the DOI above.",Face-to-face interview
N-199,Liu et al. (2025),https://doi.org/10.1021/acs.est.5c05684,Not stated by publisher,"Row with id = 199 in the ""Database"" sheet of the freely downloadable Supporting Information (SI) at the DOI above.",Face-to-face interview
N-200,Liu et al. (2025),https://doi.org/10.1021/acs.est.5c05684,Not stated by publisher,"Row with id = 200 in the ""Database"" sheet of the freely downloadable Supporting Information (SI) at the DOI above.",Face-to-face interview
N-201,Liu et al. (2025),https://doi.org/10.1021/acs.est.5c05684,Not stated by publisher,"Row with id = 201 in the ""Database"" sheet of the freely downloadable Supporting Information (SI) at the DOI above.",Face-to-face interview
N-202,Liu et al. (2025),https://doi.org/10.1021/acs.est.5c05684,Not stated by publisher,"Row with id = 202 in the ""Database"" sheet of the freely downloadable Supporting Information (SI) at the DOI above.",Face-to-face interview
N-203,Liu et al. (2025),https://doi.org/10.1021/acs.est.5c05684,Not stated by publisher,"Row with id = 203 in the ""Database"" sheet of the freely downloadable Supporting Information (SI) at the DOI above.",Face-to-face interview
N-204,Liu et al. (2025),https://doi.org/10.1021/acs.est.5c05684,Not stated by publisher,"Row with id = 204 in the ""Database"" sheet of the freely downloadable Supporting Information (SI) at the DOI above.",Face-to-face interview
N-205,Liu et al. (2025),https://doi.org/10.1021/acs.est.5c05684,Not stated by publisher,"Row with id = 205 in the ""Database"" sheet of the freely downloadable Supporting Information (SI) at the DOI above.",Face-to-face interview
N-206,Liu et al. (2025),https://doi.org/10.1021/acs.est.5c05684,Not stated by publisher,"Row with id = 206 in the ""Database"" sheet of the freely downloadable Supporting Information (SI) at the DOI above.",Face-to-face interview
N-207,Liu et al. (2025),https://doi.org/10.1021/acs.est.5c05684,Not stated by publisher,"Row with id = 207 in the ""Database"" sheet of the freely downloadable Supporting Information (SI) at the DOI above.",Face-to-face interview
N-208,Liu et al. (2025),https://doi.org/10.1021/acs.est.5c05684,Not stated by publisher,"Row with id = 208 in the ""Database"" sheet of the freely downloadable Supporting Information (SI) at the DOI above.",Face-to-face interview
N-209,Liu et al. (2025),https://doi.org/10.1021/acs.est.5c05684,Not stated by publisher,"Row with id = 209 in the ""Database"" sheet of the freely downloadable Supporting Information (SI) at the DOI above.",Face-to-face interview
N-210,Liu et al. (2025),https://doi.org/10.1021/acs.est.5c05684,Not stated by publisher,"Row with id = 210 in the ""Database"" sheet of the freely downloadable Supporting Information (SI) at the DOI above.",Face-to-face interview
N-211,Liu et al. (2025),https://doi.org/10.1021/acs.est.5c05684,Not stated by publisher,"Row with id = 211 in the ""Database"" sheet of the freely downloadable Supporting Information (SI) at the DOI above.",Face-to-face interview
N-212,Liu et al. (2025),https://doi.org/10.1021/acs.est.5c05684,Not stated by publisher,"Row with id = 212 in the ""Database"" sheet of the freely downloadable Supporting Information (SI) at the DOI above.",Face-to-face interview
N-213,Liu et al. (2025),https://doi.org/10.1021/acs.est.5c05684,Not stated by publisher,"Row with id = 213 in the ""Database"" sheet of the freely downloadable Supporting Information (SI) at the DOI above.",Face-to-face interview
N-214,Liu et al. (2025),https://doi.org/10.1021/acs.est.5c05684,Not stated by publisher,"Row with id = 214 in the ""Database"" sheet of the freely downloadable Supporting Information (SI) at the DOI above.",Face-to-face interview
N-215,Liu et al. (2025),https://doi.org/10.1021/acs.est.5c05684,Not stated by publisher,"Row with id = 215 in the ""Database"" sheet of the freely downloadable Supporting Information (SI) at the DOI above.",Face-to-face interview
N-216,Liu et al. (2025),https://doi.org/10.1021/acs.est.5c05684,Not stated by publisher,"Row with id = 216 in the ""Database"" sheet of the freely downloadable Supporting Information (SI) at the DOI above.",Face-to-face interview
N-217,Liu et al. (2025),https://doi.org/10.1021/acs.est.5c05684,Not stated by publisher,"Row with id = 217 in the ""Database"" sheet of the freely downloadable Supporting Information (SI) at the DOI above.",Face-to-face interview
N-218,Liu et al. (2025),https://doi.org/10.1021/acs.est.5c05684,Not stated by publisher,"Row with id = 218 in the ""Database"" sheet of the freely downloadable Supporting Information (SI) at the DOI above.",Face-to-face interview
N-219,Liu et al. (2025),https://doi.org/10.1021/acs.est.5c05684,Not stated by publisher,"Row with id = 219 in the ""Database"" sheet of the freely downloadable Supporting Information (SI) at the DOI above.",Face-to-face interview
N-220,Liu et al. (2025),https://doi.org/10.1021/acs.est.5c05684,Not stated by publisher,"Row with id = 220 in the ""Database"" sheet of the freely downloadable Supporting Information (SI) at the DOI above.",Face-to-face interview
N-221,Liu et al. (2025),https://doi.org/10.1021/acs.est.5c05684,Not stated by publisher,"Row with id = 221 in the ""Database"" sheet of the freely downloadable Supporting Information (SI) at the DOI above.",Face-to-face interview
N-222,Liu et al. (2025),https://doi.org/10.1021/acs.est.5c05684,Not stated by publisher,"Row with id = 222 in the ""Database"" sheet of the freely downloadable Supporting Information (SI) at the DOI above.",Face-to-face interview
N-223,Liu et al. (2025),https://doi.org/10.1021/acs.est.5c05684,Not stated by publisher,"Row with id = 223 in the ""Database"" sheet of the freely downloadable Supporting Information (SI) at the DOI above.",Face-to-face interview
N-224,Liu et al. (2025),https://doi.org/10.1021/acs.est.5c05684,Not stated by publisher,"Row with id = 224 in the ""Database"" sheet of the freely downloadable Supporting Information (SI) at the DOI above.",Face-to-face interview
N-225,Liu et al. (2025),https://doi.org/10.1021/acs.est.5c05684,Not stated by publisher,"Row with id = 225 in the ""Database"" sheet of the freely downloadable Supporting Information (SI) at the DOI above.",Face-to-face interview
N-226,Liu et al. (2025),https://doi.org/10.1021/acs.est.5c05684,Not stated by publisher,"Row with id = 226 in the ""Database"" sheet of the freely downloadable Supporting Information (SI) at the DOI above.",Face-to-face interview
N-227,Liu et al. (2025),https://doi.org/10.1021/acs.est.5c05684,Not stated by publisher,"Row with id = 227 in the ""Database"" sheet of the freely downloadable Supporting Information (SI) at the DOI above.",Face-to-face interview
N-228,Liu et al. (2025),https://doi.org/10.1021/acs.est.5c05684,Not stated by publisher,"Row with id = 228 in the ""Database"" sheet of the freely downloadable Supporting Information (SI) at the DOI above.",Face-to-face interview
N-229,Liu et al. (2025),https://doi.org/10.1021/acs.est.5c05684,Not stated by publisher,"Row with id = 229 in the ""Database"" sheet of the freely downloadable Supporting Information (SI) at the DOI above.",Face-to-face interview
N-230,Liu et al. (2025),https://doi.org/10.1021/acs.est.5c05684,Not stated by publisher,"Row with id = 230 in the ""Database"" sheet of the freely downloadable Supporting Information (SI) at the DOI above.",Face-to-face interview
N-231,Liu et al. (2025),https://doi.org/10.1021/acs.est.5c05684,Not stated by publisher,"Row with id = 231 in the ""Database"" sheet of the freely downloadable Supporting Information (SI) at the DOI above.",Face-to-face interview
N-232,Liu et al. (2025),https://doi.org/10.1021/acs.est.5c05684,Not stated by publisher,"Row with id = 232 in the ""Database"" sheet of the freely downloadable Supporting Information (SI) at the DOI above.",Face-to-face interview
N-233,Liu et al. (2025),https://doi.org/10.1021/acs.est.5c05684,Not stated by publisher,"Row with id = 233 in the ""Database"" sheet of the freely downloadable Supporting Information (SI) at the DOI above.",Face-to-face interview
N-234,Liu et al. (2025),https://doi.org/10.1021/acs.est.5c05684,Not stated by publisher,"Row with id = 234 in the ""Database"" sheet of the freely downloadable Supporting Information (SI) at the DOI above.",Face-to-face interview
N-235,Liu et al. (2025),https://doi.org/10.1021/acs.est.5c05684,Not stated by publisher,"Row with id = 235 in the ""Database"" sheet of the freely downloadable Supporting Information (SI) at the DOI above.",Face-to-face interview
N-236,Liu et al. (2025),https://doi.org/10.1021/acs.est.5c05684,Not stated by publisher,"Row with id = 236 in the ""Database"" sheet of the freely downloadable Supporting Information (SI) at the DOI above.",Face-to-face interview
N-237,Liu et al. (2025),https://doi.org/10.1021/acs.est.5c05684,Not stated by publisher,"Row with id = 237 in the ""Database"" sheet of the freely downloadable Supporting Information (SI) at the DOI above.",Face-to-face interview
N-238,Liu et al. (2025),https://doi.org/10.1021/acs.est.5c05684,Not stated by publisher,"Row with id = 238 in the ""Database"" sheet of the freely downloadable Supporting Information (SI) at the DOI above.",Face-to-face interview
N-239,Liu et al. (2025),https://doi.org/10.1021/acs.est.5c05684,Not stated by publisher,"Row with id = 239 in the ""Database"" sheet of the freely downloadable Supporting Information (SI) at the DOI above.",Face-to-face interview
N-240,Liu et al. (2025),https://doi.org/10.1021/acs.est.5c05684,Not stated by publisher,"Row with id = 240 in the ""Database"" sheet of the freely downloadable Supporting Information (SI) at the DOI above.",Face-to-face interview
N-241,Liu et al. (2025),https://doi.org/10.1021/acs.est.5c05684,Not stated by publisher,"Row with id = 241 in the ""Database"" sheet of the freely downloadable Supporting Information (SI) at the DOI above.",Face-to-face interview
N-242,Liu et al. (2025),https://doi.org/10.1021/acs.est.5c05684,Not stated by publisher,"Row with id = 242 in the ""Database"" sheet of the freely downloadable Supporting Information (SI) at the DOI above.",Face-to-face interview
N-243,Liu et al. (2025),https://doi.org/10.1021/acs.est.5c05684,Not stated by publisher,"Row with id = 243 in the ""Database"" sheet of the freely downloadable Supporting Information (SI) at the DOI above.",Face-to-face interview
N-244,Liu et al. (2025),https://doi.org/10.1021/acs.est.5c05684,Not stated by publisher,"Row with id = 244 in the ""Database"" sheet of the freely downloadable Supporting Information (SI) at the DOI above.",Face-to-face interview
N-245,Liu et al. (2025),https://doi.org/10.1021/acs.est.5c05684,Not stated by publisher,"Row with id = 245 in the ""Database"" sheet of the freely downloadable Supporting Information (SI) at the DOI above.",Face-to-face interview
N-246,Liu et al. (2025),https://doi.org/10.1021/acs.est.5c05684,Not stated by publisher,"Row with id = 246 in the ""Database"" sheet of the freely downloadable Supporting Information (SI) at the DOI above.",Face-to-face interview
N-247,Liu et al. (2025),https://doi.org/10.1021/acs.est.5c05684,Not stated by publisher,"Row with id = 247 in the ""Database"" sheet of the freely downloadable Supporting Information (SI) at the DOI above.",Face-to-face interview
N-248,Liu et al. (2025),https://doi.org/10.1021/acs.est.5c05684,Not stated by publisher,"Row with id = 248 in the ""Database"" sheet of the freely downloadable Supporting Information (SI) at the DOI above.",Face-to-face interview
N-249,Liu et al. (2025),https://doi.org/10.1021/acs.est.5c05684,Not stated by publisher,"Row with id = 249 in the ""Database"" sheet of the freely downloadable Supporting Information (SI) at the DOI above.",Face-to-face interview
N-250,Liu et al. (2025),https://doi.org/10.1021/acs.est.5c05684,Not stated by publisher,"Row with id = 250 in the ""Database"" sheet of the freely downloadable Supporting Information (SI) at the DOI above.",Face-to-face interview
N-252,Liu et al. (2025),https://doi.org/10.1021/acs.est.5c05684,Not stated by publisher,"Row with id = 252 in the ""Database"" sheet of the freely downloadable Supporting Information (SI) at the DOI above.",Face-to-face interview
N-253,Liu et al. (2025),https://doi.org/10.1021/acs.est.5c05684,Not stated by publisher,"Row with id = 253 in the ""Database"" sheet of the freely downloadable Supporting Information (SI) at the DOI above.",Face-to-face interview
N-254,Liu et al. (2025),https://doi.org/10.1021/acs.est.5c05684,Not stated by publisher,"Row with id = 254 in the ""Database"" sheet of the freely downloadable Supporting Information (SI) at the DOI above.",Face-to-face interview
N-255,Liu et al. (2025),https://doi.org/10.1021/acs.est.5c05684,Not stated by publisher,"Row with id = 255 in the ""Database"" sheet of the freely downloadable Supporting Information (SI) at the DOI above.",Face-to-face interview
N-256,Liu et al. (2025),https://doi.org/10.1021/acs.est.5c05684,Not stated by publisher,"Row with id = 256 in the ""Database"" sheet of the freely downloadable Supporting Information (SI) at the DOI above.",Face-to-face interview
N-257,Liu et al. (2025),https://doi.org/10.1021/acs.est.5c05684,Not stated by publisher,"Row with id = 257 in the ""Database"" sheet of the freely downloadable Supporting Information (SI) at the DOI above.",Face-to-face interview
N-258,Liu et al. (2025),https://doi.org/10.1021/acs.est.5c05684,Not stated by publisher,"Row with id = 258 in the ""Database"" sheet of the freely downloadable Supporting Information (SI) at the DOI above.",Face-to-face interview
N-259,Liu et al. (2025),https://doi.org/10.1021/acs.est.5c05684,Not stated by publisher,"Row with id = 259 in the ""Database"" sheet of the freely downloadable Supporting Information (SI) at the DOI above.",Face-to-face interview
N-260,Liu et al. (2025),https://doi.org/10.1021/acs.est.5c05684,Not stated by publisher,"Row with id = 260 in the ""Database"" sheet of the freely downloadable Supporting Information (SI) at the DOI above.",Face-to-face interview
N-261,Liu et al. (2025),https://doi.org/10.1021/acs.est.5c05684,Not stated by publisher,"Row with id = 261 in the ""Database"" sheet of the freely downloadable Supporting Information (SI) at the DOI above.",Face-to-face interview
N-262,Liu et al. (2025),https://doi.org/10.1021/acs.est.5c05684,Not stated by publisher,"Row with id = 262 in the ""Database"" sheet of the freely downloadable Supporting Information (SI) at the DOI above.",Face-to-face interview
N-263,Liu et al. (2025),https://doi.org/10.1021/acs.est.5c05684,Not stated by publisher,"Row with id = 263 in the ""Database"" sheet of the freely downloadable Supporting Information (SI) at the DOI above.",Face-to-face interview
N-264,Liu et al. (2025),https://doi.org/10.1021/acs.est.5c05684,Not stated by publisher,"Row with id = 264 in the ""Database"" sheet of the freely downloadable Supporting Information (SI) at the DOI above.",Face-to-face interview
N-265,Liu et al. (2025),https://doi.org/10.1021/acs.est.5c05684,Not stated by publisher,"Row with id = 265 in the ""Database"" sheet of the freely downloadable Supporting Information (SI) at the DOI above.",Face-to-face interview
N-266,Liu et al. (2025),https://doi.org/10.1021/acs.est.5c05684,Not stated by publisher,"Row with id = 266 in the ""Database"" sheet of the freely downloadable Supporting Information (SI) at the DOI above.",Face-to-face interview
N-267,Liu et al. (2025),https://doi.org/10.1021/acs.est.5c05684,Not stated by publisher,"Row with id = 267 in the ""Database"" sheet of the freely downloadable Supporting Information (SI) at the DOI above.",Face-to-face interview
N-268,Liu et al. (2025),https://doi.org/10.1021/acs.est.5c05684,Not stated by publisher,"Row with id = 268 in the ""Database"" sheet of the freely downloadable Supporting Information (SI) at the DOI above.",Face-to-face interview
N-269,Liu et al. (2025),https://doi.org/10.1021/acs.est.5c05684,Not stated by publisher,"Row with id = 269 in the ""Database"" sheet of the freely downloadable Supporting Information (SI) at the DOI above.",Face-to-face interview
N-270,Liu et al. (2025),https://doi.org/10.1021/acs.est.5c05684,Not stated by publisher,"Row with id = 270 in the ""Database"" sheet of the freely downloadable Supporting Information (SI) at the DOI above.",Face-to-face interview
N-271,Liu et al. (2025),https://doi.org/10.1021/acs.est.5c05684,Not stated by publisher,"Row with id = 271 in the ""Database"" sheet of the freely downloadable Supporting Information (SI) at the DOI above.",Face-to-face interview
N-272,Liu et al. (2025),https://doi.org/10.1021/acs.est.5c05684,Not stated by publisher,"Row with id = 272 in the ""Database"" sheet of the freely downloadable Supporting Information (SI) at the DOI above.",Face-to-face interview
N-273,Liu et al. (2025),https://doi.org/10.1021/acs.est.5c05684,Not stated by publisher,"Row with id = 273 in the ""Database"" sheet of the freely downloadable Supporting Information (SI) at the DOI above.",Face-to-face interview
N-274,Liu et al. (2025),https://doi.org/10.1021/acs.est.5c05684,Not stated by publisher,"Row with id = 274 in the ""Database"" sheet of the freely downloadable Supporting Information (SI) at the DOI above.",Face-to-face interview
N-275,Liu et al. (2025),https://doi.org/10.1021/acs.est.5c05684,Not stated by publisher,"Row with id = 275 in the ""Database"" sheet of the freely downloadable Supporting Information (SI) at the DOI above.",Face-to-face interview
N-276,Liu et al. (2025),https://doi.org/10.1021/acs.est.5c05684,Not stated by publisher,"Row with id = 276 in the ""Database"" sheet of the freely downloadable Supporting Information (SI) at the DOI above.",Face-to-face interview
N-277,Liu et al. (2025),https://doi.org/10.1021/acs.est.5c05684,Not stated by publisher,"Row with id = 277 in the ""Database"" sheet of the freely downloadable Supporting Information (SI) at the DOI above.",Face-to-face interview
N-278,Liu et al. (2025),https://doi.org/10.1021/acs.est.5c05684,Not stated by publisher,"Row with id = 278 in the ""Database"" sheet of the freely downloadable Supporting Information (SI) at the DOI above.",Face-to-face interview
N-279,Liu et al. (2025),https://doi.org/10.1021/acs.est.5c05684,Not stated by publisher,"Row with id = 279 in the ""Database"" sheet of the freely downloadable Supporting Information (SI) at the DOI above.",Face-to-face interview
N-280,Liu et al. (2025),https://doi.org/10.1021/acs.est.5c05684,Not stated by publisher,"Row with id = 280 in the ""Database"" sheet of the freely downloadable Supporting Information (SI) at the DOI above.",Face-to-face interview
N-282,Liu et al. (2025),https://doi.org/10.1021/acs.est.5c05684,Not stated by publisher,"Row with id = 282 in the ""Database"" sheet of the freely downloadable Supporting Information (SI) at the DOI above.",Face-to-face interview
N-283,Liu et al. (2025),https://doi.org/10.1021/acs.est.5c05684,Not stated by publisher,"Row with id = 283 in the ""Database"" sheet of the freely downloadable Supporting Information (SI) at the DOI above.",Face-to-face interview
N-284,Liu et al. (2025),https://doi.org/10.1021/acs.est.5c05684,Not stated by publisher,"Row with id = 284 in the ""Database"" sheet of the freely downloadable Supporting Information (SI) at the DOI above.",Face-to-face interview
N-285,Liu et al. (2025),https://doi.org/10.1021/acs.est.5c05684,Not stated by publisher,"Row with id = 285 in the ""Database"" sheet of the freely downloadable Supporting Information (SI) at the DOI above.",Face-to-face interview
N-286,Liu et al. (2025),https://doi.org/10.1021/acs.est.5c05684,Not stated by publisher,"Row with id = 286 in the ""Database"" sheet of the freely downloadable Supporting Information (SI) at the DOI above.",Face-to-face interview
N-287,Liu et al. (2025),https://doi.org/10.1021/acs.est.5c05684,Not stated by publisher,"Row with id = 287 in the ""Database"" sheet of the freely downloadable Supporting Information (SI) at the DOI above.",Face-to-face interview
N-288,Liu et al. (2025),https://doi.org/10.1021/acs.est.5c05684,Not stated by publisher,"Row with id = 288 in the ""Database"" sheet of the freely downloadable Supporting Information (SI) at the DOI above.",Face-to-face interview
N-289,Liu et al. (2025),https://doi.org/10.1021/acs.est.5c05684,Not stated by publisher,"Row with id = 289 in the ""Database"" sheet of the freely downloadable Supporting Information (SI) at the DOI above.",Face-to-face interview
N-290,Liu et al. (2025),https://doi.org/10.1021/acs.est.5c05684,Not stated by publisher,"Row with id = 290 in the ""Database"" sheet of the freely downloadable Supporting Information (SI) at the DOI above.",Face-to-face interview
N-291,Liu et al. (2025),https://doi.org/10.1021/acs.est.5c05684,Not stated by publisher,"Row with id = 291 in the ""Database"" sheet of the freely downloadable Supporting Information (SI) at the DOI above.",Face-to-face interview
N-292,Liu et al. (2025),https://doi.org/10.1021/acs.est.5c05684,Not stated by publisher,"Row with id = 292 in the ""Database"" sheet of the freely downloadable Supporting Information (SI) at the DOI above.",Face-to-face interview
N-293,Liu et al. (2025),https://doi.org/10.1021/acs.est.5c05684,Not stated by publisher,"Row with id = 293 in the ""Database"" sheet of the freely downloadable Supporting Information (SI) at the DOI above.",Face-to-face interview
N-294,Liu et al. (2025),https://doi.org/10.1021/acs.est.5c05684,Not stated by publisher,"Row with id = 294 in the ""Database"" sheet of the freely downloadable Supporting Information (SI) at the DOI above.",Face-to-face interview
N-295,Liu et al. (2025),https://doi.org/10.1021/acs.est.5c05684,Not stated by publisher,"Row with id = 295 in the ""Database"" sheet of the freely downloadable Supporting Information (SI) at the DOI above.",Face-to-face interview
N-296,Liu et al. (2025),https://doi.org/10.1021/acs.est.5c05684,Not stated by publisher,"Row with id = 296 in the ""Database"" sheet of the freely downloadable Supporting Information (SI) at the DOI above.",Face-to-face interview
N-297,Liu et al. (2025),https://doi.org/10.1021/acs.est.5c05684,Not stated by publisher,"Row with id = 297 in the ""Database"" sheet of the freely downloadable Supporting Information (SI) at the DOI above.",Face-to-face interview
N-298,Liu et al. (2025),https://doi.org/10.1021/acs.est.5c05684,Not stated by publisher,"Row with id = 298 in the ""Database"" sheet of the freely downloadable Supporting Information (SI) at the DOI above.",Face-to-face interview
N-299,Liu et al. (2025),https://doi.org/10.1021/acs.est.5c05684,Not stated by publisher,"Row with id = 299 in the ""Database"" sheet of the freely downloadable Supporting Information (SI) at the DOI above.",Face-to-face interview
N-300,Liu et al. (2025),https://doi.org/10.1021/acs.est.5c05684,Not stated by publisher,"Row with id = 300 in the ""Database"" sheet of the freely downloadable Supporting Information (SI) at the DOI above.",Face-to-face interview
N-301,Liu et al. (2025),https://doi.org/10.1021/acs.est.5c05684,Not stated by publisher,"Row with id = 301 in the ""Database"" sheet of the freely downloadable Supporting Information (SI) at the DOI above.",Face-to-face interview
N-302,Liu et al. (2025),https://doi.org/10.1021/acs.est.5c05684,Not stated by publisher,"Row with id = 302 in the ""Database"" sheet of the freely downloadable Supporting Information (SI) at the DOI above.",Face-to-face interview
N-303,Liu et al. (2025),https://doi.org/10.1021/acs.est.5c05684,Not stated by publisher,"Row with id = 303 in the ""Database"" sheet of the freely downloadable Supporting Information (SI) at the DOI above.",Face-to-face interview
N-304,Liu et al. (2025),https://doi.org/10.1021/acs.est.5c05684,Not stated by publisher,"Row with id = 304 in the ""Database"" sheet of the freely downloadable Supporting Information (SI) at the DOI above.",Face-to-face interview
N-305,Liu et al. (2025),https://doi.org/10.1021/acs.est.5c05684,Not stated by publisher,"Row with id = 305 in the ""Database"" sheet of the freely downloadable Supporting Information (SI) at the DOI above.",Face-to-face interview
N-306,Liu et al. (2025),https://doi.org/10.1021/acs.est.5c05684,Not stated by publisher,"Row with id = 306 in the ""Database"" sheet of the freely downloadable Supporting Information (SI) at the DOI above.",Face-to-face interview
N-307,Liu et al. (2025),https://doi.org/10.1021/acs.est.5c05684,Not stated by publisher,"Row with id = 307 in the ""Database"" sheet of the freely downloadable Supporting Information (SI) at the DOI above.",Face-to-face interview
N-308,Liu et al. (2025),https://doi.org/10.1021/acs.est.5c05684,Not stated by publisher,"Row with id = 308 in the ""Database"" sheet of the freely downloadable Supporting Information (SI) at the DOI above.",Face-to-face interview
N-309,Liu et al. (2025),https://doi.org/10.1021/acs.est.5c05684,Not stated by publisher,"Row with id = 309 in the ""Database"" sheet of the freely downloadable Supporting Information (SI) at the DOI above.",Face-to-face interview
N-310,Liu et al. (2025),https://doi.org/10.1021/acs.est.5c05684,Not stated by publisher,"Row with id = 310 in the ""Database"" sheet of the freely downloadable Supporting Information (SI) at the DOI above.",Face-to-face interview
N-311,Liu et al. (2025),https://doi.org/10.1021/acs.est.5c05684,Not stated by publisher,"Row with id = 311 in the ""Database"" sheet of the freely downloadable Supporting Information (SI) at the DOI above.",Face-to-face interview
N-312,Liu et al. (2025),https://doi.org/10.1021/acs.est.5c05684,Not stated by publisher,"Row with id = 312 in the ""Database"" sheet of the freely downloadable Supporting Information (SI) at the DOI above.",Face-to-face interview
N-313,Liu et al. (2025),https://doi.org/10.1021/acs.est.5c05684,Not stated by publisher,"Row with id = 313 in the ""Database"" sheet of the freely downloadable Supporting Information (SI) at the DOI above.",Face-to-face interview
N-314,Liu et al. (2025),https://doi.org/10.1021/acs.est.5c05684,Not stated by publisher,"Row with id = 314 in the ""Database"" sheet of the freely downloadable Supporting Information (SI) at the DOI above.",Face-to-face interview
N-315,Liu et al. (2025),https://doi.org/10.1021/acs.est.5c05684,Not stated by publisher,"Row with id = 315 in the ""Database"" sheet of the freely downloadable Supporting Information (SI) at the DOI above.",Face-to-face interview
N-316,Liu et al. (2025),https://doi.org/10.1021/acs.est.5c05684,Not stated by publisher,"Row with id = 316 in the ""Database"" sheet of the freely downloadable Supporting Information (SI) at the DOI above.",Face-to-face interview
N-317,Liu et al. (2025),https://doi.org/10.1021/acs.est.5c05684,Not stated by publisher,"Row with id = 317 in the ""Database"" sheet of the freely downloadable Supporting Information (SI) at the DOI above.",Face-to-face interview
N-318,Liu et al. (2025),https://doi.org/10.1021/acs.est.5c05684,Not stated by publisher,"Row with id = 318 in the ""Database"" sheet of the freely downloadable Supporting Information (SI) at the DOI above.",Face-to-face interview
N-319,Liu et al. (2025),https://doi.org/10.1021/acs.est.5c05684,Not stated by publisher,"Row with id = 319 in the ""Database"" sheet of the freely downloadable Supporting Information (SI) at the DOI above.",Face-to-face interview
N-320,Liu et al. (2025),https://doi.org/10.1021/acs.est.5c05684,Not stated by publisher,"Row with id = 320 in the ""Database"" sheet of the freely downloadable Supporting Information (SI) at the DOI above.",Face-to-face interview
N-321,Liu et al. (2025),https://doi.org/10.1021/acs.est.5c05684,Not stated by publisher,"Row with id = 321 in the ""Database"" sheet of the freely downloadable Supporting Information (SI) at the DOI above.",Face-to-face interview
N-322,Liu et al. (2025),https://doi.org/10.1021/acs.est.5c05684,Not stated by publisher,"Row with id = 322 in the ""Database"" sheet of the freely downloadable Supporting Information (SI) at the DOI above.",Face-to-face interview
N-323,Liu et al. (2025),https://doi.org/10.1021/acs.est.5c05684,Not stated by publisher,"Row with id = 323 in the ""Database"" sheet of the freely downloadable Supporting Information (SI) at the DOI above.",Face-to-face interview
N-324,Liu et al. (2025),https://doi.org/10.1021/acs.est.5c05684,Not stated by publisher,"Row with id = 324 in the ""Database"" sheet of the freely downloadable Supporting Information (SI) at the DOI above.",Face-to-face interview
N-325,Liu et al. (2025),https://doi.org/10.1021/acs.est.5c05684,Not stated by publisher,"Row with id = 325 in the ""Database"" sheet of the freely downloadable Supporting Information (SI) at the DOI above.",Face-to-face interview
N-326,Liu et al. (2025),https://doi.org/10.1021/acs.est.5c05684,Not stated by publisher,"Row with id = 326 in the ""Database"" sheet of the freely downloadable Supporting Information (SI) at the DOI above.",Face-to-face interview
N-327,Liu et al. (2025),https://doi.org/10.1021/acs.est.5c05684,Not stated by publisher,"Row with id = 327 in the ""Database"" sheet of the freely downloadable Supporting Information (SI) at the DOI above.",Face-to-face interview
N-328,Liu et al. (2025),https://doi.org/10.1021/acs.est.5c05684,Not stated by publisher,"Row with id = 328 in the ""Database"" sheet of the freely downloadable Supporting Information (SI) at the DOI above.",Face-to-face interview
N-329,Liu et al. (2025),https://doi.org/10.1021/acs.est.5c05684,Not stated by publisher,"Row with id = 329 in the ""Database"" sheet of the freely downloadable Supporting Information (SI) at the DOI above.",Face-to-face interview
N-332,Liu et al. (2025),https://doi.org/10.1021/acs.est.5c05684,Not stated by publisher,"Row with id = 332 in the ""Database"" sheet of the freely downloadable Supporting Information (SI) at the DOI above.","Yang, D. et al. Urban buildings material intensity in China from 1949 to 2015. Resour. Conserv. Recycl. 159, 104824 (2020)."
N-333,Liu et al. (2025),https://doi.org/10.1021/acs.est.5c05684,Not stated by publisher,"Row with id = 333 in the ""Database"" sheet of the freely downloadable Supporting Information (SI) at the DOI above.","Yang, D. et al. Urban buildings material intensity in China from 1949 to 2015. Resour. Conserv. Recycl. 159, 104824 (2020)."
N-334,Liu et al. (2025),https://doi.org/10.1021/acs.est.5c05684,Not stated by publisher,"Row with id = 334 in the ""Database"" sheet of the freely downloadable Supporting Information (SI) at the DOI above.","Yang, D. et al. Urban buildings material intensity in China from 1949 to 2015. Resour. Conserv. Recycl. 159, 104824 (2020)."
N-335,Liu et al. (2025),https://doi.org/10.1021/acs.est.5c05684,Not stated by publisher,"Row with id = 335 in the ""Database"" sheet of the freely downloadable Supporting Information (SI) at the DOI above.","Yang, D. et al. Urban buildings material intensity in China from 1949 to 2015. Resour. Conserv. Recycl. 159, 104824 (2020)."
N-336,Liu et al. (2025),https://doi.org/10.1021/acs.est.5c05684,Not stated by publisher,"Row with id = 336 in the ""Database"" sheet of the freely downloadable Supporting Information (SI) at the DOI above.","Yang, D. et al. Urban buildings material intensity in China from 1949 to 2015. Resour. Conserv. Recycl. 159, 104824 (2020)."
N-337,Liu et al. (2025),https://doi.org/10.1021/acs.est.5c05684,Not stated by publisher,"Row with id = 337 in the ""Database"" sheet of the freely downloadable Supporting Information (SI) at the DOI above.","Yang, D. et al. Urban buildings material intensity in China from 1949 to 2015. Resour. Conserv. Recycl. 159, 104824 (2020)."
N-338,Liu et al. (2025),https://doi.org/10.1021/acs.est.5c05684,Not stated by publisher,"Row with id = 338 in the ""Database"" sheet of the freely downloadable Supporting Information (SI) at the DOI above.","Yang, D. et al. Urban buildings material intensity in China from 1949 to 2015. Resour. Conserv. Recycl. 159, 104824 (2020)."
N-339,Liu et al. (2025),https://doi.org/10.1021/acs.est.5c05684,Not stated by publisher,"Row with id = 339 in the ""Database"" sheet of the freely downloadable Supporting Information (SI) at the DOI above.","Yang, D. et al. Urban buildings material intensity in China from 1949 to 2015. Resour. Conserv. Recycl. 159, 104824 (2020)."
N-340,Liu et al. (2025),https://doi.org/10.1021/acs.est.5c05684,Not stated by publisher,"Row with id = 340 in the ""Database"" sheet of the freely downloadable Supporting Information (SI) at the DOI above.","Yang, D. et al. Urban buildings material intensity in China from 1949 to 2015. Resour. Conserv. Recycl. 159, 104824 (2020)."
N-341,Liu et al. (2025),https://doi.org/10.1021/acs.est.5c05684,Not stated by publisher,"Row with id = 341 in the ""Database"" sheet of the freely downloadable Supporting Information (SI) at the DOI above.","Yang, D. et al. Urban buildings material intensity in China from 1949 to 2015. Resour. Conserv. Recycl. 159, 104824 (2020)."
N-342,Liu et al. (2025),https://doi.org/10.1021/acs.est.5c05684,Not stated by publisher,"Row with id = 342 in the ""Database"" sheet of the freely downloadable Supporting Information (SI) at the DOI above.","Yang, D. et al. Urban buildings material intensity in China from 1949 to 2015. Resour. Conserv. Recycl. 159, 104824 (2020)."
N-343,Liu et al. (2025),https://doi.org/10.1021/acs.est.5c05684,Not stated by publisher,"Row with id = 343 in the ""Database"" sheet of the freely downloadable Supporting Information (SI) at the DOI above.","Yang, D. et al. Urban buildings material intensity in China from 1949 to 2015. Resour. Conserv. Recycl. 159, 104824 (2020)."
N-344,Liu et al. (2025),https://doi.org/10.1021/acs.est.5c05684,Not stated by publisher,"Row with id = 344 in the ""Database"" sheet of the freely downloadable Supporting Information (SI) at the DOI above.","Yang, D. et al. Urban buildings material intensity in China from 1949 to 2015. Resour. Conserv. Recycl. 159, 104824 (2020)."
N-345,Liu et al. (2025),https://doi.org/10.1021/acs.est.5c05684,Not stated by publisher,"Row with id = 345 in the ""Database"" sheet of the freely downloadable Supporting Information (SI) at the DOI above.","Yang, D. et al. Urban buildings material intensity in China from 1949 to 2015. Resour. Conserv. Recycl. 159, 104824 (2020)."
N-346,Liu et al. (2025),https://doi.org/10.1021/acs.est.5c05684,Not stated by publisher,"Row with id = 346 in the ""Database"" sheet of the freely downloadable Supporting Information (SI) at the DOI above.","Yang, D. et al. Urban buildings material intensity in China from 1949 to 2015. Resour. Conserv. Recycl. 159, 104824 (2020)."
N-347,Liu et al. (2025),https://doi.org/10.1021/acs.est.5c05684,Not stated by publisher,"Row with id = 347 in the ""Database"" sheet of the freely downloadable Supporting Information (SI) at the DOI above.","Yang, D. et al. Urban buildings material intensity in China from 1949 to 2015. Resour. Conserv. Recycl. 159, 104824 (2020)."
N-348,Liu et al. (2025),https://doi.org/10.1021/acs.est.5c05684,Not stated by publisher,"Row with id = 348 in the ""Database"" sheet of the freely downloadable Supporting Information (SI) at the DOI above.","Yang, D. et al. Urban buildings material intensity in China from 1949 to 2015. Resour. Conserv. Recycl. 159, 104824 (2020)."
N-349,Liu et al. (2025),https://doi.org/10.1021/acs.est.5c05684,Not stated by publisher,"Row with id = 349 in the ""Database"" sheet of the freely downloadable Supporting Information (SI) at the DOI above.","Yang, D. et al. Urban buildings material intensity in China from 1949 to 2015. Resour. Conserv. Recycl. 159, 104824 (2020)."
N-350,Liu et al. (2025),https://doi.org/10.1021/acs.est.5c05684,Not stated by publisher,"Row with id = 350 in the ""Database"" sheet of the freely downloadable Supporting Information (SI) at the DOI above.","Yang, D. et al. Urban buildings material intensity in China from 1949 to 2015. Resour. Conserv. Recycl. 159, 104824 (2020)."
N-351,Liu et al. (2025),https://doi.org/10.1021/acs.est.5c05684,Not stated by publisher,"Row with id = 351 in the ""Database"" sheet of the freely downloadable Supporting Information (SI) at the DOI above.","Yang, D. et al. Urban buildings material intensity in China from 1949 to 2015. Resour. Conserv. Recycl. 159, 104824 (2020)."
N-353,Liu et al. (2025),https://doi.org/10.1021/acs.est.5c05684,Not stated by publisher,"Row with id = 353 in the ""Database"" sheet of the freely downloadable Supporting Information (SI) at the DOI above.","Yang, D. et al. Urban buildings material intensity in China from 1949 to 2015. Resour. Conserv. Recycl. 159, 104824 (2020)."
N-354,Liu et al. (2025),https://doi.org/10.1021/acs.est.5c05684,Not stated by publisher,"Row with id = 354 in the ""Database"" sheet of the freely downloadable Supporting Information (SI) at the DOI above.","Yang, D. et al. Urban buildings material intensity in China from 1949 to 2015. Resour. Conserv. Recycl. 159, 104824 (2020)."
N-355,Liu et al. (2025),https://doi.org/10.1021/acs.est.5c05684,Not stated by publisher,"Row with id = 355 in the ""Database"" sheet of the freely downloadable Supporting Information (SI) at the DOI above.","Yang, D. et al. Urban buildings material intensity in China from 1949 to 2015. Resour. Conserv. Recycl. 159, 104824 (2020)."
N-356,Liu et al. (2025),https://doi.org/10.1021/acs.est.5c05684,Not stated by publisher,"Row with id = 356 in the ""Database"" sheet of the freely downloadable Supporting Information (SI) at the DOI above.","Yang, D. et al. Urban buildings material intensity in China from 1949 to 2015. Resour. Conserv. Recycl. 159, 104824 (2020)."
N-357,Liu et al. (2025),https://doi.org/10.1021/acs.est.5c05684,Not stated by publisher,"Row with id = 357 in the ""Database"" sheet of the freely downloadable Supporting Information (SI) at the DOI above.","Yang, D. et al. Urban buildings material intensity in China from 1949 to 2015. Resour. Conserv. Recycl. 159, 104824 (2020)."
N-358,Liu et al. (2025),https://doi.org/10.1021/acs.est.5c05684,Not stated by publisher,"Row with id = 358 in the ""Database"" sheet of the freely downloadable Supporting Information (SI) at the DOI above.","Yang, D. et al. Urban buildings material intensity in China from 1949 to 2015. Resour. Conserv. Recycl. 159, 104824 (2020)."
N-359,Liu et al. (2025),https://doi.org/10.1021/acs.est.5c05684,Not stated by publisher,"Row with id = 359 in the ""Database"" sheet of the freely downloadable Supporting Information (SI) at the DOI above.","Yang, D. et al. Urban buildings material intensity in China from 1949 to 2015. Resour. Conserv. Recycl. 159, 104824 (2020)."
N-360,Liu et al. (2025),https://doi.org/10.1021/acs.est.5c05684,Not stated by publisher,"Row with id = 360 in the ""Database"" sheet of the freely downloadable Supporting Information (SI) at the DOI above.","Yang, D. et al. Urban buildings material intensity in China from 1949 to 2015. Resour. Conserv. Recycl. 159, 104824 (2020)."
N-361,Liu et al. (2025),https://doi.org/10.1021/acs.est.5c05684,Not stated by publisher,"Row with id = 361 in the ""Database"" sheet of the freely downloadable Supporting Information (SI) at the DOI above.","Yang, D. et al. Urban buildings material intensity in China from 1949 to 2015. Resour. Conserv. Recycl. 159, 104824 (2020)."
N-362,Liu et al. (2025),https://doi.org/10.1021/acs.est.5c05684,Not stated by publisher,"Row with id = 362 in the ""Database"" sheet of the freely downloadable Supporting Information (SI) at the DOI above.","Yang, D. et al. Urban buildings material intensity in China from 1949 to 2015. Resour. Conserv. Recycl. 159, 104824 (2020)."
N-363,Liu et al. (2025),https://doi.org/10.1021/acs.est.5c05684,Not stated by publisher,"Row with id = 363 in the ""Database"" sheet of the freely downloadable Supporting Information (SI) at the DOI above.","Yang, D. et al. Urban buildings material intensity in China from 1949 to 2015. Resour. Conserv. Recycl. 159, 104824 (2020)."
N-364,Liu et al. (2025),https://doi.org/10.1021/acs.est.5c05684,Not stated by publisher,"Row with id = 364 in the ""Database"" sheet of the freely downloadable Supporting Information (SI) at the DOI above.","Yang, D. et al. Urban buildings material intensity in China from 1949 to 2015. Resour. Conserv. Recycl. 159, 104824 (2020)."
N-365,Liu et al. (2025),https://doi.org/10.1021/acs.est.5c05684,Not stated by publisher,"Row with id = 365 in the ""Database"" sheet of the freely downloadable Supporting Information (SI) at the DOI above.","Yang, D. et al. Urban buildings material intensity in China from 1949 to 2015. Resour. Conserv. Recycl. 159, 104824 (2020)."
N-366,Liu et al. (2025),https://doi.org/10.1021/acs.est.5c05684,Not stated by publisher,"Row with id = 366 in the ""Database"" sheet of the freely downloadable Supporting Information (SI) at the DOI above.","Yang, D. et al. Urban buildings material intensity in China from 1949 to 2015. Resour. Conserv. Recycl. 159, 104824 (2020)."
N-367,Liu et al. (2025),https://doi.org/10.1021/acs.est.5c05684,Not stated by publisher,"Row with id = 367 in the ""Database"" sheet of the freely downloadable Supporting Information (SI) at the DOI above.","Yang, D. et al. Urban buildings material intensity in China from 1949 to 2015. Resour. Conserv. Recycl. 159, 104824 (2020)."
N-368,Liu et al. (2025),https://doi.org/10.1021/acs.est.5c05684,Not stated by publisher,"Row with id = 368 in the ""Database"" sheet of the freely downloadable Supporting Information (SI) at the DOI above.","Yang, D. et al. Urban buildings material intensity in China from 1949 to 2015. Resour. Conserv. Recycl. 159, 104824 (2020)."
N-369,Liu et al. (2025),https://doi.org/10.1021/acs.est.5c05684,Not stated by publisher,"Row with id = 369 in the ""Database"" sheet of the freely downloadable Supporting Information (SI) at the DOI above.","Yang, D. et al. Urban buildings material intensity in China from 1949 to 2015. Resour. Conserv. Recycl. 159, 104824 (2020)."
N-370,Liu et al. (2025),https://doi.org/10.1021/acs.est.5c05684,Not stated by publisher,"Row with id = 370 in the ""Database"" sheet of the freely downloadable Supporting Information (SI) at the DOI above.","Yang, D. et al. Urban buildings material intensity in China from 1949 to 2015. Resour. Conserv. Recycl. 159, 104824 (2020)."
N-371,Liu et al. (2025),https://doi.org/10.1021/acs.est.5c05684,Not stated by publisher,"Row with id = 371 in the ""Database"" sheet of the freely downloadable Supporting Information (SI) at the DOI above.","Yang, D. et al. Urban buildings material intensity in China from 1949 to 2015. Resour. Conserv. Recycl. 159, 104824 (2020)."
N-372,Liu et al. (2025),https://doi.org/10.1021/acs.est.5c05684,Not stated by publisher,"Row with id = 372 in the ""Database"" sheet of the freely downloadable Supporting Information (SI) at the DOI above.","Yang, D. et al. Urban buildings material intensity in China from 1949 to 2015. Resour. Conserv. Recycl. 159, 104824 (2020)."
N-373,Liu et al. (2025),https://doi.org/10.1021/acs.est.5c05684,Not stated by publisher,"Row with id = 373 in the ""Database"" sheet of the freely downloadable Supporting Information (SI) at the DOI above.","Yang, D. et al. Urban buildings material intensity in China from 1949 to 2015. Resour. Conserv. Recycl. 159, 104824 (2020)."
N-374,Liu et al. (2025),https://doi.org/10.1021/acs.est.5c05684,Not stated by publisher,"Row with id = 374 in the ""Database"" sheet of the freely downloadable Supporting Information (SI) at the DOI above.","Yang, D. et al. Urban buildings material intensity in China from 1949 to 2015. Resour. Conserv. Recycl. 159, 104824 (2020)."
N-375,Liu et al. (2025),https://doi.org/10.1021/acs.est.5c05684,Not stated by publisher,"Row with id = 375 in the ""Database"" sheet of the freely downloadable Supporting Information (SI) at the DOI above.","Yang, D. et al. Urban buildings material intensity in China from 1949 to 2015. Resour. Conserv. Recycl. 159, 104824 (2020)."
N-376,Liu et al. (2025),https://doi.org/10.1021/acs.est.5c05684,Not stated by publisher,"Row with id = 376 in the ""Database"" sheet of the freely downloadable Supporting Information (SI) at the DOI above.","Yang, D. et al. Urban buildings material intensity in China from 1949 to 2015. Resour. Conserv. Recycl. 159, 104824 (2020)."
N-377,Liu et al. (2025),https://doi.org/10.1021/acs.est.5c05684,Not stated by publisher,"Row with id = 377 in the ""Database"" sheet of the freely downloadable Supporting Information (SI) at the DOI above.","Yang, D. et al. Urban buildings material intensity in China from 1949 to 2015. Resour. Conserv. Recycl. 159, 104824 (2020)."
N-378,Liu et al. (2025),https://doi.org/10.1021/acs.est.5c05684,Not stated by publisher,"Row with id = 378 in the ""Database"" sheet of the freely downloadable Supporting Information (SI) at the DOI above.","Yang, D. et al. Urban buildings material intensity in China from 1949 to 2015. Resour. Conserv. Recycl. 159, 104824 (2020)."
N-379,Liu et al. (2025),https://doi.org/10.1021/acs.est.5c05684,Not stated by publisher,"Row with id = 379 in the ""Database"" sheet of the freely downloadable Supporting Information (SI) at the DOI above.","Yang, D. et al. Urban buildings material intensity in China from 1949 to 2015. Resour. Conserv. Recycl. 159, 104824 (2020)."
N-380,Liu et al. (2025),https://doi.org/10.1021/acs.est.5c05684,Not stated by publisher,"Row with id = 380 in the ""Database"" sheet of the freely downloadable Supporting Information (SI) at the DOI above.","Yang, D. et al. Urban buildings material intensity in China from 1949 to 2015. Resour. Conserv. Recycl. 159, 104824 (2020)."
N-381,Liu et al. (2025),https://doi.org/10.1021/acs.est.5c05684,Not stated by publisher,"Row with id = 381 in the ""Database"" sheet of the freely downloadable Supporting Information (SI) at the DOI above.","Yang, D. et al. Urban buildings material intensity in China from 1949 to 2015. Resour. Conserv. Recycl. 159, 104824 (2020)."
N-382,Liu et al. (2025),https://doi.org/10.1021/acs.est.5c05684,Not stated by publisher,"Row with id = 382 in the ""Database"" sheet of the freely downloadable Supporting Information (SI) at the DOI above.","Yang, D. et al. Urban buildings material intensity in China from 1949 to 2015. Resour. Conserv. Recycl. 159, 104824 (2020)."
N-383,Liu et al. (2025),https://doi.org/10.1021/acs.est.5c05684,Not stated by publisher,"Row with id = 383 in the ""Database"" sheet of the freely downloadable Supporting Information (SI) at the DOI above.","Yang, D. et al. Urban buildings material intensity in China from 1949 to 2015. Resour. Conserv. Recycl. 159, 104824 (2020)."
N-384,Liu et al. (2025),https://doi.org/10.1021/acs.est.5c05684,Not stated by publisher,"Row with id = 384 in the ""Database"" sheet of the freely downloadable Supporting Information (SI) at the DOI above.","Yang, D. et al. Urban buildings material intensity in China from 1949 to 2015. Resour. Conserv. Recycl. 159, 104824 (2020)."
N-385,Liu et al. (2025),https://doi.org/10.1021/acs.est.5c05684,Not stated by publisher,"Row with id = 385 in the ""Database"" sheet of the freely downloadable Supporting Information (SI) at the DOI above.","Yang, D. et al. Urban buildings material intensity in China from 1949 to 2015. Resour. Conserv. Recycl. 159, 104824 (2020)."
N-386,Liu et al. (2025),https://doi.org/10.1021/acs.est.5c05684,Not stated by publisher,"Row with id = 386 in the ""Database"" sheet of the freely downloadable Supporting Information (SI) at the DOI above.","Yang, D. et al. Urban buildings material intensity in China from 1949 to 2015. Resour. Conserv. Recycl. 159, 104824 (2020)."
N-387,Liu et al. (2025),https://doi.org/10.1021/acs.est.5c05684,Not stated by publisher,"Row with id = 387 in the ""Database"" sheet of the freely downloadable Supporting Information (SI) at the DOI above.","Yang, D. et al. Urban buildings material intensity in China from 1949 to 2015. Resour. Conserv. Recycl. 159, 104824 (2020)."
N-388,Liu et al. (2025),https://doi.org/10.1021/acs.est.5c05684,Not stated by publisher,"Row with id = 388 in the ""Database"" sheet of the freely downloadable Supporting Information (SI) at the DOI above.","Yang, D. et al. Urban buildings material intensity in China from 1949 to 2015. Resour. Conserv. Recycl. 159, 104824 (2020)."
N-389,Liu et al. (2025),https://doi.org/10.1021/acs.est.5c05684,Not stated by publisher,"Row with id = 389 in the ""Database"" sheet of the freely downloadable Supporting Information (SI) at the DOI above.","Yang, D. et al. Urban buildings material intensity in China from 1949 to 2015. Resour. Conserv. Recycl. 159, 104824 (2020)."
N-390,Liu et al. (2025),https://doi.org/10.1021/acs.est.5c05684,Not stated by publisher,"Row with id = 390 in the ""Database"" sheet of the freely downloadable Supporting Information (SI) at the DOI above.","Yang, D. et al. Urban buildings material intensity in China from 1949 to 2015. Resour. Conserv. Recycl. 159, 104824 (2020)."
N-391,Liu et al. (2025),https://doi.org/10.1021/acs.est.5c05684,Not stated by publisher,"Row with id = 391 in the ""Database"" sheet of the freely downloadable Supporting Information (SI) at the DOI above.","Yang, D. et al. Urban buildings material intensity in China from 1949 to 2015. Resour. Conserv. Recycl. 159, 104824 (2020)."
N-392,Liu et al. (2025),https://doi.org/10.1021/acs.est.5c05684,Not stated by publisher,"Row with id = 392 in the ""Database"" sheet of the freely downloadable Supporting Information (SI) at the DOI above.","Yang, D. et al. Urban buildings material intensity in China from 1949 to 2015. Resour. Conserv. Recycl. 159, 104824 (2020)."
N-393,Liu et al. (2025),https://doi.org/10.1021/acs.est.5c05684,Not stated by publisher,"Row with id = 393 in the ""Database"" sheet of the freely downloadable Supporting Information (SI) at the DOI above.","Yang, D. et al. Urban buildings material intensity in China from 1949 to 2015. Resour. Conserv. Recycl. 159, 104824 (2020)."
N-394,Liu et al. (2025),https://doi.org/10.1021/acs.est.5c05684,Not stated by publisher,"Row with id = 394 in the ""Database"" sheet of the freely downloadable Supporting Information (SI) at the DOI above.","Yang, D. et al. Urban buildings material intensity in China from 1949 to 2015. Resour. Conserv. Recycl. 159, 104824 (2020)."
N-395,Liu et al. (2025),https://doi.org/10.1021/acs.est.5c05684,Not stated by publisher,"Row with id = 395 in the ""Database"" sheet of the freely downloadable Supporting Information (SI) at the DOI above.","Yang, D. et al. Urban buildings material intensity in China from 1949 to 2015. Resour. Conserv. Recycl. 159, 104824 (2020)."
N-396,Liu et al. (2025),https://doi.org/10.1021/acs.est.5c05684,Not stated by publisher,"Row with id = 396 in the ""Database"" sheet of the freely downloadable Supporting Information (SI) at the DOI above.","Yang, D. et al. Urban buildings material intensity in China from 1949 to 2015. Resour. Conserv. Recycl. 159, 104824 (2020)."
N-397,Liu et al. (2025),https://doi.org/10.1021/acs.est.5c05684,Not stated by publisher,"Row with id = 397 in the ""Database"" sheet of the freely downloadable Supporting Information (SI) at the DOI above.","Yang, D. et al. Urban buildings material intensity in China from 1949 to 2015. Resour. Conserv. Recycl. 159, 104824 (2020)."
N-398,Liu et al. (2025),https://doi.org/10.1021/acs.est.5c05684,Not stated by publisher,"Row with id = 398 in the ""Database"" sheet of the freely downloadable Supporting Information (SI) at the DOI above.","Yang, D. et al. Urban buildings material intensity in China from 1949 to 2015. Resour. Conserv. Recycl. 159, 104824 (2020)."
N-399,Liu et al. (2025),https://doi.org/10.1021/acs.est.5c05684,Not stated by publisher,"Row with id = 399 in the ""Database"" sheet of the freely downloadable Supporting Information (SI) at the DOI above.","Yang, D. et al. Urban buildings material intensity in China from 1949 to 2015. Resour. Conserv. Recycl. 159, 104824 (2020)."
N-400,Liu et al. (2025),https://doi.org/10.1021/acs.est.5c05684,Not stated by publisher,"Row with id = 400 in the ""Database"" sheet of the freely downloadable Supporting Information (SI) at the DOI above.","Yang, D. et al. Urban buildings material intensity in China from 1949 to 2015. Resour. Conserv. Recycl. 159, 104824 (2020)."
N-401,Liu et al. (2025),https://doi.org/10.1021/acs.est.5c05684,Not stated by publisher,"Row with id = 401 in the ""Database"" sheet of the freely downloadable Supporting Information (SI) at the DOI above.","Yang, D. et al. Urban buildings material intensity in China from 1949 to 2015. Resour. Conserv. Recycl. 159, 104824 (2020)."
N-402,Liu et al. (2025),https://doi.org/10.1021/acs.est.5c05684,Not stated by publisher,"Row with id = 402 in the ""Database"" sheet of the freely downloadable Supporting Information (SI) at the DOI above.","Yang, D. et al. Urban buildings material intensity in China from 1949 to 2015. Resour. Conserv. Recycl. 159, 104824 (2020)."
N-403,Liu et al. (2025),https://doi.org/10.1021/acs.est.5c05684,Not stated by publisher,"Row with id = 403 in the ""Database"" sheet of the freely downloadable Supporting Information (SI) at the DOI above.","Yang, D. et al. Urban buildings material intensity in China from 1949 to 2015. Resour. Conserv. Recycl. 159, 104824 (2020)."
N-404,Liu et al. (2025),https://doi.org/10.1021/acs.est.5c05684,Not stated by publisher,"Row with id = 404 in the ""Database"" sheet of the freely downloadable Supporting Information (SI) at the DOI above.","Yang, D. et al. Urban buildings material intensity in China from 1949 to 2015. Resour. Conserv. Recycl. 159, 104824 (2020)."
N-405,Liu et al. (2025),https://doi.org/10.1021/acs.est.5c05684,Not stated by publisher,"Row with id = 405 in the ""Database"" sheet of the freely downloadable Supporting Information (SI) at the DOI above.","Yang, D. et al. Urban buildings material intensity in China from 1949 to 2015. Resour. Conserv. Recycl. 159, 104824 (2020)."
N-406,Liu et al. (2025),https://doi.org/10.1021/acs.est.5c05684,Not stated by publisher,"Row with id = 406 in the ""Database"" sheet of the freely downloadable Supporting Information (SI) at the DOI above.","Yang, D. et al. Urban buildings material intensity in China from 1949 to 2015. Resour. Conserv. Recycl. 159, 104824 (2020)."
N-407,Liu et al. (2025),https://doi.org/10.1021/acs.est.5c05684,Not stated by publisher,"Row with id = 407 in the ""Database"" sheet of the freely downloadable Supporting Information (SI) at the DOI above.","Yang, D. et al. Urban buildings material intensity in China from 1949 to 2015. Resour. Conserv. Recycl. 159, 104824 (2020)."
N-408,Liu et al. (2025),https://doi.org/10.1021/acs.est.5c05684,Not stated by publisher,"Row with id = 408 in the ""Database"" sheet of the freely downloadable Supporting Information (SI) at the DOI above.","Yang, D. et al. Urban buildings material intensity in China from 1949 to 2015. Resour. Conserv. Recycl. 159, 104824 (2020)."
N-409,Liu et al. (2025),https://doi.org/10.1021/acs.est.5c05684,Not stated by publisher,"Row with id = 409 in the ""Database"" sheet of the freely downloadable Supporting Information (SI) at the DOI above.","Yang, D. et al. Urban buildings material intensity in China from 1949 to 2015. Resour. Conserv. Recycl. 159, 104824 (2020)."
N-410,Liu et al. (2025),https://doi.org/10.1021/acs.est.5c05684,Not stated by publisher,"Row with id = 410 in the ""Database"" sheet of the freely downloadable Supporting Information (SI) at the DOI above.","Yang, D. et al. Urban buildings material intensity in China from 1949 to 2015. Resour. Conserv. Recycl. 159, 104824 (2020)."
N-411,Liu et al. (2025),https://doi.org/10.1021/acs.est.5c05684,Not stated by publisher,"Row with id = 411 in the ""Database"" sheet of the freely downloadable Supporting Information (SI) at the DOI above.","Yang, D. et al. Urban buildings material intensity in China from 1949 to 2015. Resour. Conserv. Recycl. 159, 104824 (2020)."
N-412,Liu et al. (2025),https://doi.org/10.1021/acs.est.5c05684,Not stated by publisher,"Row with id = 412 in the ""Database"" sheet of the freely downloadable Supporting Information (SI) at the DOI above.","Yang, D. et al. Urban buildings material intensity in China from 1949 to 2015. Resour. Conserv. Recycl. 159, 104824 (2020)."
N-413,Liu et al. (2025),https://doi.org/10.1021/acs.est.5c05684,Not stated by publisher,"Row with id = 413 in the ""Database"" sheet of the freely downloadable Supporting Information (SI) at the DOI above.","Yang, D. et al. Urban buildings material intensity in China from 1949 to 2015. Resour. Conserv. Recycl. 159, 104824 (2020)."
N-414,Liu et al. (2025),https://doi.org/10.1021/acs.est.5c05684,Not stated by publisher,"Row with id = 414 in the ""Database"" sheet of the freely downloadable Supporting Information (SI) at the DOI above.","Yang, D. et al. Urban buildings material intensity in China from 1949 to 2015. Resour. Conserv. Recycl. 159, 104824 (2020)."
N-415,Liu et al. (2025),https://doi.org/10.1021/acs.est.5c05684,Not stated by publisher,"Row with id = 415 in the ""Database"" sheet of the freely downloadable Supporting Information (SI) at the DOI above.","Yang, D. et al. Urban buildings material intensity in China from 1949 to 2015. Resour. Conserv. Recycl. 159, 104824 (2020)."
N-416,Liu et al. (2025),https://doi.org/10.1021/acs.est.5c05684,Not stated by publisher,"Row with id = 416 in the ""Database"" sheet of the freely downloadable Supporting Information (SI) at the DOI above.","Yang, D. et al. Urban buildings material intensity in China from 1949 to 2015. Resour. Conserv. Recycl. 159, 104824 (2020)."
N-417,Liu et al. (2025),https://doi.org/10.1021/acs.est.5c05684,Not stated by publisher,"Row with id = 417 in the ""Database"" sheet of the freely downloadable Supporting Information (SI) at the DOI above.","Yang, D. et al. Urban buildings material intensity in China from 1949 to 2015. Resour. Conserv. Recycl. 159, 104824 (2020)."
N-418,Liu et al. (2025),https://doi.org/10.1021/acs.est.5c05684,Not stated by publisher,"Row with id = 418 in the ""Database"" sheet of the freely downloadable Supporting Information (SI) at the DOI above.","Yang, D. et al. Urban buildings material intensity in China from 1949 to 2015. Resour. Conserv. Recycl. 159, 104824 (2020)."
N-419,Liu et al. (2025),https://doi.org/10.1021/acs.est.5c05684,Not stated by publisher,"Row with id = 419 in the ""Database"" sheet of the freely downloadable Supporting Information (SI) at the DOI above.","Yang, D. et al. Urban buildings material intensity in China from 1949 to 2015. Resour. Conserv. Recycl. 159, 104824 (2020)."
N-420,Liu et al. (2025),https://doi.org/10.1021/acs.est.5c05684,Not stated by publisher,"Row with id = 420 in the ""Database"" sheet of the freely downloadable Supporting Information (SI) at the DOI above.","Yang, D. et al. Urban buildings material intensity in China from 1949 to 2015. Resour. Conserv. Recycl. 159, 104824 (2020)."
N-421,Liu et al. (2025),https://doi.org/10.1021/acs.est.5c05684,Not stated by publisher,"Row with id = 421 in the ""Database"" sheet of the freely downloadable Supporting Information (SI) at the DOI above.","Yang, D. et al. Urban buildings material intensity in China from 1949 to 2015. Resour. Conserv. Recycl. 159, 104824 (2020)."
N-422,Liu et al. (2025),https://doi.org/10.1021/acs.est.5c05684,Not stated by publisher,"Row with id = 422 in the ""Database"" sheet of the freely downloadable Supporting Information (SI) at the DOI above.","Yang, D. et al. Urban buildings material intensity in China from 1949 to 2015. Resour. Conserv. Recycl. 159, 104824 (2020)."
N-423,Liu et al. (2025),https://doi.org/10.1021/acs.est.5c05684,Not stated by publisher,"Row with id = 423 in the ""Database"" sheet of the freely downloadable Supporting Information (SI) at the DOI above.","Yang, D. et al. Urban buildings material intensity in China from 1949 to 2015. Resour. Conserv. Recycl. 159, 104824 (2020)."
N-424,Liu et al. (2025),https://doi.org/10.1021/acs.est.5c05684,Not stated by publisher,"Row with id = 424 in the ""Database"" sheet of the freely downloadable Supporting Information (SI) at the DOI above.","Yang, D. et al. Urban buildings material intensity in China from 1949 to 2015. Resour. Conserv. Recycl. 159, 104824 (2020)."
N-425,Liu et al. (2025),https://doi.org/10.1021/acs.est.5c05684,Not stated by publisher,"Row with id = 425 in the ""Database"" sheet of the freely downloadable Supporting Information (SI) at the DOI above.","Yang, D. et al. Urban buildings material intensity in China from 1949 to 2015. Resour. Conserv. Recycl. 159, 104824 (2020)."
N-426,Liu et al. (2025),https://doi.org/10.1021/acs.est.5c05684,Not stated by publisher,"Row with id = 426 in the ""Database"" sheet of the freely downloadable Supporting Information (SI) at the DOI above.","Yang, D. et al. Urban buildings material intensity in China from 1949 to 2015. Resour. Conserv. Recycl. 159, 104824 (2020)."
N-427,Liu et al. (2025),https://doi.org/10.1021/acs.est.5c05684,Not stated by publisher,"Row with id = 427 in the ""Database"" sheet of the freely downloadable Supporting Information (SI) at the DOI above.","Yang, D. et al. Urban buildings material intensity in China from 1949 to 2015. Resour. Conserv. Recycl. 159, 104824 (2020)."
N-428,Liu et al. (2025),https://doi.org/10.1021/acs.est.5c05684,Not stated by publisher,"Row with id = 428 in the ""Database"" sheet of the freely downloadable Supporting Information (SI) at the DOI above.","Yang, D. et al. Urban buildings material intensity in China from 1949 to 2015. Resour. Conserv. Recycl. 159, 104824 (2020)."
N-429,Liu et al. (2025),https://doi.org/10.1021/acs.est.5c05684,Not stated by publisher,"Row with id = 429 in the ""Database"" sheet of the freely downloadable Supporting Information (SI) at the DOI above.","Yang, D. et al. Urban buildings material intensity in China from 1949 to 2015. Resour. Conserv. Recycl. 159, 104824 (2020)."
N-430,Liu et al. (2025),https://doi.org/10.1021/acs.est.5c05684,Not stated by publisher,"Row with id = 430 in the ""Database"" sheet of the freely downloadable Supporting Information (SI) at the DOI above.","Yang, D. et al. Urban buildings material intensity in China from 1949 to 2015. Resour. Conserv. Recycl. 159, 104824 (2020)."
N-431,Liu et al. (2025),https://doi.org/10.1021/acs.est.5c05684,Not stated by publisher,"Row with id = 431 in the ""Database"" sheet of the freely downloadable Supporting Information (SI) at the DOI above.","Yang, D. et al. Urban buildings material intensity in China from 1949 to 2015. Resour. Conserv. Recycl. 159, 104824 (2020)."
N-432,Liu et al. (2025),https://doi.org/10.1021/acs.est.5c05684,Not stated by publisher,"Row with id = 432 in the ""Database"" sheet of the freely downloadable Supporting Information (SI) at the DOI above.","Yang, D. et al. Urban buildings material intensity in China from 1949 to 2015. Resour. Conserv. Recycl. 159, 104824 (2020)."
N-433,Liu et al. (2025),https://doi.org/10.1021/acs.est.5c05684,Not stated by publisher,"Row with id = 433 in the ""Database"" sheet of the freely downloadable Supporting Information (SI) at the DOI above.","Yang, D. et al. Urban buildings material intensity in China from 1949 to 2015. Resour. Conserv. Recycl. 159, 104824 (2020)."
N-434,Liu et al. (2025),https://doi.org/10.1021/acs.est.5c05684,Not stated by publisher,"Row with id = 434 in the ""Database"" sheet of the freely downloadable Supporting Information (SI) at the DOI above.","Yang, D. et al. Urban buildings material intensity in China from 1949 to 2015. Resour. Conserv. Recycl. 159, 104824 (2020)."
N-435,Liu et al. (2025),https://doi.org/10.1021/acs.est.5c05684,Not stated by publisher,"Row with id = 435 in the ""Database"" sheet of the freely downloadable Supporting Information (SI) at the DOI above.","Yang, D. et al. Urban buildings material intensity in China from 1949 to 2015. Resour. Conserv. Recycl. 159, 104824 (2020)."
N-436,Liu et al. (2025),https://doi.org/10.1021/acs.est.5c05684,Not stated by publisher,"Row with id = 436 in the ""Database"" sheet of the freely downloadable Supporting Information (SI) at the DOI above.","Yang, D. et al. Urban buildings material intensity in China from 1949 to 2015. Resour. Conserv. Recycl. 159, 104824 (2020)."
N-437,Liu et al. (2025),https://doi.org/10.1021/acs.est.5c05684,Not stated by publisher,"Row with id = 437 in the ""Database"" sheet of the freely downloadable Supporting Information (SI) at the DOI above.","Yang, D. et al. Urban buildings material intensity in China from 1949 to 2015. Resour. Conserv. Recycl. 159, 104824 (2020)."
N-438,Liu et al. (2025),https://doi.org/10.1021/acs.est.5c05684,Not stated by publisher,"Row with id = 438 in the ""Database"" sheet of the freely downloadable Supporting Information (SI) at the DOI above.","Yang, D. et al. Urban buildings material intensity in China from 1949 to 2015. Resour. Conserv. Recycl. 159, 104824 (2020)."
N-439,Liu et al. (2025),https://doi.org/10.1021/acs.est.5c05684,Not stated by publisher,"Row with id = 439 in the ""Database"" sheet of the freely downloadable Supporting Information (SI) at the DOI above.","Yang, D. et al. Urban buildings material intensity in China from 1949 to 2015. Resour. Conserv. Recycl. 159, 104824 (2020)."
N-440,Liu et al. (2025),https://doi.org/10.1021/acs.est.5c05684,Not stated by publisher,"Row with id = 440 in the ""Database"" sheet of the freely downloadable Supporting Information (SI) at the DOI above.","Yang, D. et al. Urban buildings material intensity in China from 1949 to 2015. Resour. Conserv. Recycl. 159, 104824 (2020)."
N-441,Liu et al. (2025),https://doi.org/10.1021/acs.est.5c05684,Not stated by publisher,"Row with id = 441 in the ""Database"" sheet of the freely downloadable Supporting Information (SI) at the DOI above.","Yang, D. et al. Urban buildings material intensity in China from 1949 to 2015. Resour. Conserv. Recycl. 159, 104824 (2020)."
N-442,Liu et al. (2025),https://doi.org/10.1021/acs.est.5c05684,Not stated by publisher,"Row with id = 442 in the ""Database"" sheet of the freely downloadable Supporting Information (SI) at the DOI above.","Yang, D. et al. Urban buildings material intensity in China from 1949 to 2015. Resour. Conserv. Recycl. 159, 104824 (2020)."
N-443,Liu et al. (2025),https://doi.org/10.1021/acs.est.5c05684,Not stated by publisher,"Row with id = 443 in the ""Database"" sheet of the freely downloadable Supporting Information (SI) at the DOI above.","Yang, D. et al. Urban buildings material intensity in China from 1949 to 2015. Resour. Conserv. Recycl. 159, 104824 (2020)."
N-444,Liu et al. (2025),https://doi.org/10.1021/acs.est.5c05684,Not stated by publisher,"Row with id = 444 in the ""Database"" sheet of the freely downloadable Supporting Information (SI) at the DOI above.","Yang, D. et al. Urban buildings material intensity in China from 1949 to 2015. Resour. Conserv. Recycl. 159, 104824 (2020)."
N-445,Liu et al. (2025),https://doi.org/10.1021/acs.est.5c05684,Not stated by publisher,"Row with id = 445 in the ""Database"" sheet of the freely downloadable Supporting Information (SI) at the DOI above.","Yang, D. et al. Urban buildings material intensity in China from 1949 to 2015. Resour. Conserv. Recycl. 159, 104824 (2020)."
N-446,Liu et al. (2025),https://doi.org/10.1021/acs.est.5c05684,Not stated by publisher,"Row with id = 446 in the ""Database"" sheet of the freely downloadable Supporting Information (SI) at the DOI above.","Yang, D. et al. Urban buildings material intensity in China from 1949 to 2015. Resour. Conserv. Recycl. 159, 104824 (2020)."
N-447,Liu et al. (2025),https://doi.org/10.1021/acs.est.5c05684,Not stated by publisher,"Row with id = 447 in the ""Database"" sheet of the freely downloadable Supporting Information (SI) at the DOI above.","Yang, D. et al. Urban buildings material intensity in China from 1949 to 2015. Resour. Conserv. Recycl. 159, 104824 (2020)."
N-448,Liu et al. (2025),https://doi.org/10.1021/acs.est.5c05684,Not stated by publisher,"Row with id = 448 in the ""Database"" sheet of the freely downloadable Supporting Information (SI) at the DOI above.","Yang, D. et al. Urban buildings material intensity in China from 1949 to 2015. Resour. Conserv. Recycl. 159, 104824 (2020)."
N-449,Liu et al. (2025),https://doi.org/10.1021/acs.est.5c05684,Not stated by publisher,"Row with id = 449 in the ""Database"" sheet of the freely downloadable Supporting Information (SI) at the DOI above.","Yang, D. et al. Urban buildings material intensity in China from 1949 to 2015. Resour. Conserv. Recycl. 159, 104824 (2020)."
N-450,Liu et al. (2025),https://doi.org/10.1021/acs.est.5c05684,Not stated by publisher,"Row with id = 450 in the ""Database"" sheet of the freely downloadable Supporting Information (SI) at the DOI above.","Yang, D. et al. Urban buildings material intensity in China from 1949 to 2015. Resour. Conserv. Recycl. 159, 104824 (2020)."
N-451,Liu et al. (2025),https://doi.org/10.1021/acs.est.5c05684,Not stated by publisher,"Row with id = 451 in the ""Database"" sheet of the freely downloadable Supporting Information (SI) at the DOI above.","Yang, D. et al. Urban buildings material intensity in China from 1949 to 2015. Resour. Conserv. Recycl. 159, 104824 (2020)."
N-452,Liu et al. (2025),https://doi.org/10.1021/acs.est.5c05684,Not stated by publisher,"Row with id = 452 in the ""Database"" sheet of the freely downloadable Supporting Information (SI) at the DOI above.","Yang, D. et al. Urban buildings material intensity in China from 1949 to 2015. Resour. Conserv. Recycl. 159, 104824 (2020)."
N-453,Liu et al. (2025),https://doi.org/10.1021/acs.est.5c05684,Not stated by publisher,"Row with id = 453 in the ""Database"" sheet of the freely downloadable Supporting Information (SI) at the DOI above.","Yang, D. et al. Urban buildings material intensity in China from 1949 to 2015. Resour. Conserv. Recycl. 159, 104824 (2020)."
N-454,Liu et al. (2025),https://doi.org/10.1021/acs.est.5c05684,Not stated by publisher,"Row with id = 454 in the ""Database"" sheet of the freely downloadable Supporting Information (SI) at the DOI above.","Yang, D. et al. Urban buildings material intensity in China from 1949 to 2015. Resour. Conserv. Recycl. 159, 104824 (2020)."
N-455,Liu et al. (2025),https://doi.org/10.1021/acs.est.5c05684,Not stated by publisher,"Row with id = 455 in the ""Database"" sheet of the freely downloadable Supporting Information (SI) at the DOI above.","Yang, D. et al. Urban buildings material intensity in China from 1949 to 2015. Resour. Conserv. Recycl. 159, 104824 (2020)."
N-456,Liu et al. (2025),https://doi.org/10.1021/acs.est.5c05684,Not stated by publisher,"Row with id = 456 in the ""Database"" sheet of the freely downloadable Supporting Information (SI) at the DOI above.","Yang, D. et al. Urban buildings material intensity in China from 1949 to 2015. Resour. Conserv. Recycl. 159, 104824 (2020)."
N-457,Liu et al. (2025),https://doi.org/10.1021/acs.est.5c05684,Not stated by publisher,"Row with id = 457 in the ""Database"" sheet of the freely downloadable Supporting Information (SI) at the DOI above.","Yang, D. et al. Urban buildings material intensity in China from 1949 to 2015. Resour. Conserv. Recycl. 159, 104824 (2020)."
N-458,Liu et al. (2025),https://doi.org/10.1021/acs.est.5c05684,Not stated by publisher,"Row with id = 458 in the ""Database"" sheet of the freely downloadable Supporting Information (SI) at the DOI above.","Yang, D. et al. Urban buildings material intensity in China from 1949 to 2015. Resour. Conserv. Recycl. 159, 104824 (2020)."
N-459,Liu et al. (2025),https://doi.org/10.1021/acs.est.5c05684,Not stated by publisher,"Row with id = 459 in the ""Database"" sheet of the freely downloadable Supporting Information (SI) at the DOI above.","Yang, D. et al. Urban buildings material intensity in China from 1949 to 2015. Resour. Conserv. Recycl. 159, 104824 (2020)."
N-460,Liu et al. (2025),https://doi.org/10.1021/acs.est.5c05684,Not stated by publisher,"Row with id = 460 in the ""Database"" sheet of the freely downloadable Supporting Information (SI) at the DOI above.","Yang, D. et al. Urban buildings material intensity in China from 1949 to 2015. Resour. Conserv. Recycl. 159, 104824 (2020)."
N-461,Liu et al. (2025),https://doi.org/10.1021/acs.est.5c05684,Not stated by publisher,"Row with id = 461 in the ""Database"" sheet of the freely downloadable Supporting Information (SI) at the DOI above.","Yang, D. et al. Urban buildings material intensity in China from 1949 to 2015. Resour. Conserv. Recycl. 159, 104824 (2020)."
N-462,Liu et al. (2025),https://doi.org/10.1021/acs.est.5c05684,Not stated by publisher,"Row with id = 462 in the ""Database"" sheet of the freely downloadable Supporting Information (SI) at the DOI above.","Yang, D. et al. Urban buildings material intensity in China from 1949 to 2015. Resour. Conserv. Recycl. 159, 104824 (2020)."
N-463,Liu et al. (2025),https://doi.org/10.1021/acs.est.5c05684,Not stated by publisher,"Row with id = 463 in the ""Database"" sheet of the freely downloadable Supporting Information (SI) at the DOI above.","Yang, D. et al. Urban buildings material intensity in China from 1949 to 2015. Resour. Conserv. Recycl. 159, 104824 (2020)."
N-464,Liu et al. (2025),https://doi.org/10.1021/acs.est.5c05684,Not stated by publisher,"Row with id = 464 in the ""Database"" sheet of the freely downloadable Supporting Information (SI) at the DOI above.","Yang, D. et al. Urban buildings material intensity in China from 1949 to 2015. Resour. Conserv. Recycl. 159, 104824 (2020)."
N-465,Liu et al. (2025),https://doi.org/10.1021/acs.est.5c05684,Not stated by publisher,"Row with id = 465 in the ""Database"" sheet of the freely downloadable Supporting Information (SI) at the DOI above.","Yang, D. et al. Urban buildings material intensity in China from 1949 to 2015. Resour. Conserv. Recycl. 159, 104824 (2020)."
N-466,Liu et al. (2025),https://doi.org/10.1021/acs.est.5c05684,Not stated by publisher,"Row with id = 466 in the ""Database"" sheet of the freely downloadable Supporting Information (SI) at the DOI above.","Yang, D. et al. Urban buildings material intensity in China from 1949 to 2015. Resour. Conserv. Recycl. 159, 104824 (2020)."
N-467,Liu et al. (2025),https://doi.org/10.1021/acs.est.5c05684,Not stated by publisher,"Row with id = 467 in the ""Database"" sheet of the freely downloadable Supporting Information (SI) at the DOI above.","Yang, D. et al. Urban buildings material intensity in China from 1949 to 2015. Resour. Conserv. Recycl. 159, 104824 (2020)."
N-468,Liu et al. (2025),https://doi.org/10.1021/acs.est.5c05684,Not stated by publisher,"Row with id = 468 in the ""Database"" sheet of the freely downloadable Supporting Information (SI) at the DOI above.","Yang, D. et al. Urban buildings material intensity in China from 1949 to 2015. Resour. Conserv. Recycl. 159, 104824 (2020)."
N-469,Liu et al. (2025),https://doi.org/10.1021/acs.est.5c05684,Not stated by publisher,"Row with id = 469 in the ""Database"" sheet of the freely downloadable Supporting Information (SI) at the DOI above.","Yang, D. et al. Urban buildings material intensity in China from 1949 to 2015. Resour. Conserv. Recycl. 159, 104824 (2020)."
N-470,Liu et al. (2025),https://doi.org/10.1021/acs.est.5c05684,Not stated by publisher,"Row with id = 470 in the ""Database"" sheet of the freely downloadable Supporting Information (SI) at the DOI above.","Yang, D. et al. Urban buildings material intensity in China from 1949 to 2015. Resour. Conserv. Recycl. 159, 104824 (2020)."
N-471,Liu et al. (2025),https://doi.org/10.1021/acs.est.5c05684,Not stated by publisher,"Row with id = 471 in the ""Database"" sheet of the freely downloadable Supporting Information (SI) at the DOI above.","Yang, D. et al. Urban buildings material intensity in China from 1949 to 2015. Resour. Conserv. Recycl. 159, 104824 (2020)."
N-472,Liu et al. (2025),https://doi.org/10.1021/acs.est.5c05684,Not stated by publisher,"Row with id = 472 in the ""Database"" sheet of the freely downloadable Supporting Information (SI) at the DOI above.","Yang, D. et al. Urban buildings material intensity in China from 1949 to 2015. Resour. Conserv. Recycl. 159, 104824 (2020)."
N-473,Liu et al. (2025),https://doi.org/10.1021/acs.est.5c05684,Not stated by publisher,"Row with id = 473 in the ""Database"" sheet of the freely downloadable Supporting Information (SI) at the DOI above.","Yang, D. et al. Urban buildings material intensity in China from 1949 to 2015. Resour. Conserv. Recycl. 159, 104824 (2020)."
N-474,Liu et al. (2025),https://doi.org/10.1021/acs.est.5c05684,Not stated by publisher,"Row with id = 474 in the ""Database"" sheet of the freely downloadable Supporting Information (SI) at the DOI above.","Yang, D. et al. Urban buildings material intensity in China from 1949 to 2015. Resour. Conserv. Recycl. 159, 104824 (2020)."
N-475,Liu et al. (2025),https://doi.org/10.1021/acs.est.5c05684,Not stated by publisher,"Row with id = 475 in the ""Database"" sheet of the freely downloadable Supporting Information (SI) at the DOI above.","Yang, D. et al. Urban buildings material intensity in China from 1949 to 2015. Resour. Conserv. Recycl. 159, 104824 (2020)."
N-476,Liu et al. (2025),https://doi.org/10.1021/acs.est.5c05684,Not stated by publisher,"Row with id = 476 in the ""Database"" sheet of the freely downloadable Supporting Information (SI) at the DOI above.","Yang, D. et al. Urban buildings material intensity in China from 1949 to 2015. Resour. Conserv. Recycl. 159, 104824 (2020)."
N-477,Liu et al. (2025),https://doi.org/10.1021/acs.est.5c05684,Not stated by publisher,"Row with id = 477 in the ""Database"" sheet of the freely downloadable Supporting Information (SI) at the DOI above.","Yang, D. et al. Urban buildings material intensity in China from 1949 to 2015. Resour. Conserv. Recycl. 159, 104824 (2020)."
N-478,Liu et al. (2025),https://doi.org/10.1021/acs.est.5c05684,Not stated by publisher,"Row with id = 478 in the ""Database"" sheet of the freely downloadable Supporting Information (SI) at the DOI above.","Yang, D. et al. Urban buildings material intensity in China from 1949 to 2015. Resour. Conserv. Recycl. 159, 104824 (2020)."
N-479,Liu et al. (2025),https://doi.org/10.1021/acs.est.5c05684,Not stated by publisher,"Row with id = 479 in the ""Database"" sheet of the freely downloadable Supporting Information (SI) at the DOI above.","Yang, D. et al. Urban buildings material intensity in China from 1949 to 2015. Resour. Conserv. Recycl. 159, 104824 (2020)."
N-480,Liu et al. (2025),https://doi.org/10.1021/acs.est.5c05684,Not stated by publisher,"Row with id = 480 in the ""Database"" sheet of the freely downloadable Supporting Information (SI) at the DOI above.","Yang, D. et al. Urban buildings material intensity in China from 1949 to 2015. Resour. Conserv. Recycl. 159, 104824 (2020)."
N-481,Liu et al. (2025),https://doi.org/10.1021/acs.est.5c05684,Not stated by publisher,"Row with id = 481 in the ""Database"" sheet of the freely downloadable Supporting Information (SI) at the DOI above.","Yang, D. et al. Urban buildings material intensity in China from 1949 to 2015. Resour. Conserv. Recycl. 159, 104824 (2020)."
N-482,Liu et al. (2025),https://doi.org/10.1021/acs.est.5c05684,Not stated by publisher,"Row with id = 482 in the ""Database"" sheet of the freely downloadable Supporting Information (SI) at the DOI above.","Yang, D. et al. Urban buildings material intensity in China from 1949 to 2015. Resour. Conserv. Recycl. 159, 104824 (2020)."
N-483,Liu et al. (2025),https://doi.org/10.1021/acs.est.5c05684,Not stated by publisher,"Row with id = 483 in the ""Database"" sheet of the freely downloadable Supporting Information (SI) at the DOI above.","Yang, D. et al. Urban buildings material intensity in China from 1949 to 2015. Resour. Conserv. Recycl. 159, 104824 (2020)."
N-484,Liu et al. (2025),https://doi.org/10.1021/acs.est.5c05684,Not stated by publisher,"Row with id = 484 in the ""Database"" sheet of the freely downloadable Supporting Information (SI) at the DOI above.","Yang, D. et al. Urban buildings material intensity in China from 1949 to 2015. Resour. Conserv. Recycl. 159, 104824 (2020)."
N-485,Liu et al. (2025),https://doi.org/10.1021/acs.est.5c05684,Not stated by publisher,"Row with id = 485 in the ""Database"" sheet of the freely downloadable Supporting Information (SI) at the DOI above.","Yang, D. et al. Urban buildings material intensity in China from 1949 to 2015. Resour. Conserv. Recycl. 159, 104824 (2020)."
N-486,Liu et al. (2025),https://doi.org/10.1021/acs.est.5c05684,Not stated by publisher,"Row with id = 486 in the ""Database"" sheet of the freely downloadable Supporting Information (SI) at the DOI above.","Yang, D. et al. Urban buildings material intensity in China from 1949 to 2015. Resour. Conserv. Recycl. 159, 104824 (2020)."
N-487,Liu et al. (2025),https://doi.org/10.1021/acs.est.5c05684,Not stated by publisher,"Row with id = 487 in the ""Database"" sheet of the freely downloadable Supporting Information (SI) at the DOI above.","Yang, D. et al. Urban buildings material intensity in China from 1949 to 2015. Resour. Conserv. Recycl. 159, 104824 (2020)."
N-488,Liu et al. (2025),https://doi.org/10.1021/acs.est.5c05684,Not stated by publisher,"Row with id = 488 in the ""Database"" sheet of the freely downloadable Supporting Information (SI) at the DOI above.","Yang, D. et al. Urban buildings material intensity in China from 1949 to 2015. Resour. Conserv. Recycl. 159, 104824 (2020)."
N-489,Liu et al. (2025),https://doi.org/10.1021/acs.est.5c05684,Not stated by publisher,"Row with id = 489 in the ""Database"" sheet of the freely downloadable Supporting Information (SI) at the DOI above.","Yang, D. et al. Urban buildings material intensity in China from 1949 to 2015. Resour. Conserv. Recycl. 159, 104824 (2020)."
N-490,Liu et al. (2025),https://doi.org/10.1021/acs.est.5c05684,Not stated by publisher,"Row with id = 490 in the ""Database"" sheet of the freely downloadable Supporting Information (SI) at the DOI above.","Yang, D. et al. Urban buildings material intensity in China from 1949 to 2015. Resour. Conserv. Recycl. 159, 104824 (2020)."
N-491,Liu et al. (2025),https://doi.org/10.1021/acs.est.5c05684,Not stated by publisher,"Row with id = 491 in the ""Database"" sheet of the freely downloadable Supporting Information (SI) at the DOI above.","Yang, D. et al. Urban buildings material intensity in China from 1949 to 2015. Resour. Conserv. Recycl. 159, 104824 (2020)."
N-492,Liu et al. (2025),https://doi.org/10.1021/acs.est.5c05684,Not stated by publisher,"Row with id = 492 in the ""Database"" sheet of the freely downloadable Supporting Information (SI) at the DOI above.","Yang, D. et al. Urban buildings material intensity in China from 1949 to 2015. Resour. Conserv. Recycl. 159, 104824 (2020)."
N-493,Liu et al. (2025),https://doi.org/10.1021/acs.est.5c05684,Not stated by publisher,"Row with id = 493 in the ""Database"" sheet of the freely downloadable Supporting Information (SI) at the DOI above.","Yang, D. et al. Urban buildings material intensity in China from 1949 to 2015. Resour. Conserv. Recycl. 159, 104824 (2020)."
N-494,Liu et al. (2025),https://doi.org/10.1021/acs.est.5c05684,Not stated by publisher,"Row with id = 494 in the ""Database"" sheet of the freely downloadable Supporting Information (SI) at the DOI above.","Yang, D. et al. Urban buildings material intensity in China from 1949 to 2015. Resour. Conserv. Recycl. 159, 104824 (2020)."
N-495,Liu et al. (2025),https://doi.org/10.1021/acs.est.5c05684,Not stated by publisher,"Row with id = 495 in the ""Database"" sheet of the freely downloadable Supporting Information (SI) at the DOI above.","Yang, D. et al. Urban buildings material intensity in China from 1949 to 2015. Resour. Conserv. Recycl. 159, 104824 (2020)."
N-496,Liu et al. (2025),https://doi.org/10.1021/acs.est.5c05684,Not stated by publisher,"Row with id = 496 in the ""Database"" sheet of the freely downloadable Supporting Information (SI) at the DOI above.","Yang, D. et al. Urban buildings material intensity in China from 1949 to 2015. Resour. Conserv. Recycl. 159, 104824 (2020)."
N-497,Liu et al. (2025),https://doi.org/10.1021/acs.est.5c05684,Not stated by publisher,"Row with id = 497 in the ""Database"" sheet of the freely downloadable Supporting Information (SI) at the DOI above.","Yang, D. et al. Urban buildings material intensity in China from 1949 to 2015. Resour. Conserv. Recycl. 159, 104824 (2020)."
N-498,Liu et al. (2025),https://doi.org/10.1021/acs.est.5c05684,Not stated by publisher,"Row with id = 498 in the ""Database"" sheet of the freely downloadable Supporting Information (SI) at the DOI above.","Yang, D. et al. Urban buildings material intensity in China from 1949 to 2015. Resour. Conserv. Recycl. 159, 104824 (2020)."
N-499,Liu et al. (2025),https://doi.org/10.1021/acs.est.5c05684,Not stated by publisher,"Row with id = 499 in the ""Database"" sheet of the freely downloadable Supporting Information (SI) at the DOI above.","Yang, D. et al. Urban buildings material intensity in China from 1949 to 2015. Resour. Conserv. Recycl. 159, 104824 (2020)."
N-500,Liu et al. (2025),https://doi.org/10.1021/acs.est.5c05684,Not stated by publisher,"Row with id = 500 in the ""Database"" sheet of the freely downloadable Supporting Information (SI) at the DOI above.","Yang, D. et al. Urban buildings material intensity in China from 1949 to 2015. Resour. Conserv. Recycl. 159, 104824 (2020)."
N-501,Liu et al. (2025),https://doi.org/10.1021/acs.est.5c05684,Not stated by publisher,"Row with id = 501 in the ""Database"" sheet of the freely downloadable Supporting Information (SI) at the DOI above.","Yang, D. et al. Urban buildings material intensity in China from 1949 to 2015. Resour. Conserv. Recycl. 159, 104824 (2020)."
N-502,Liu et al. (2025),https://doi.org/10.1021/acs.est.5c05684,Not stated by publisher,"Row with id = 502 in the ""Database"" sheet of the freely downloadable Supporting Information (SI) at the DOI above.","Yang, D. et al. Urban buildings material intensity in China from 1949 to 2015. Resour. Conserv. Recycl. 159, 104824 (2020)."
N-503,Liu et al. (2025),https://doi.org/10.1021/acs.est.5c05684,Not stated by publisher,"Row with id = 503 in the ""Database"" sheet of the freely downloadable Supporting Information (SI) at the DOI above.","Yang, D. et al. Urban buildings material intensity in China from 1949 to 2015. Resour. Conserv. Recycl. 159, 104824 (2020)."
N-504,Liu et al. (2025),https://doi.org/10.1021/acs.est.5c05684,Not stated by publisher,"Row with id = 504 in the ""Database"" sheet of the freely downloadable Supporting Information (SI) at the DOI above.","Yang, D. et al. Urban buildings material intensity in China from 1949 to 2015. Resour. Conserv. Recycl. 159, 104824 (2020)."
N-505,Liu et al. (2025),https://doi.org/10.1021/acs.est.5c05684,Not stated by publisher,"Row with id = 505 in the ""Database"" sheet of the freely downloadable Supporting Information (SI) at the DOI above.","Yang, D. et al. Urban buildings material intensity in China from 1949 to 2015. Resour. Conserv. Recycl. 159, 104824 (2020)."
N-506,Liu et al. (2025),https://doi.org/10.1021/acs.est.5c05684,Not stated by publisher,"Row with id = 506 in the ""Database"" sheet of the freely downloadable Supporting Information (SI) at the DOI above.","Yang, D. et al. Urban buildings material intensity in China from 1949 to 2015. Resour. Conserv. Recycl. 159, 104824 (2020)."
N-507,Liu et al. (2025),https://doi.org/10.1021/acs.est.5c05684,Not stated by publisher,"Row with id = 507 in the ""Database"" sheet of the freely downloadable Supporting Information (SI) at the DOI above.","Yang, D. et al. Urban buildings material intensity in China from 1949 to 2015. Resour. Conserv. Recycl. 159, 104824 (2020)."
N-508,Liu et al. (2025),https://doi.org/10.1021/acs.est.5c05684,Not stated by publisher,"Row with id = 508 in the ""Database"" sheet of the freely downloadable Supporting Information (SI) at the DOI above.","Yang, D. et al. Urban buildings material intensity in China from 1949 to 2015. Resour. Conserv. Recycl. 159, 104824 (2020)."
N-509,Liu et al. (2025),https://doi.org/10.1021/acs.est.5c05684,Not stated by publisher,"Row with id = 509 in the ""Database"" sheet of the freely downloadable Supporting Information (SI) at the DOI above.","Yang, D. et al. Urban buildings material intensity in China from 1949 to 2015. Resour. Conserv. Recycl. 159, 104824 (2020)."
N-510,Liu et al. (2025),https://doi.org/10.1021/acs.est.5c05684,Not stated by publisher,"Row with id = 510 in the ""Database"" sheet of the freely downloadable Supporting Information (SI) at the DOI above.","Yang, D. et al. Urban buildings material intensity in China from 1949 to 2015. Resour. Conserv. Recycl. 159, 104824 (2020)."
N-511,Liu et al. (2025),https://doi.org/10.1021/acs.est.5c05684,Not stated by publisher,"Row with id = 511 in the ""Database"" sheet of the freely downloadable Supporting Information (SI) at the DOI above.","Yang, D. et al. Urban buildings material intensity in China from 1949 to 2015. Resour. Conserv. Recycl. 159, 104824 (2020)."
N-512,Liu et al. (2025),https://doi.org/10.1021/acs.est.5c05684,Not stated by publisher,"Row with id = 512 in the ""Database"" sheet of the freely downloadable Supporting Information (SI) at the DOI above.","Yang, D. et al. Urban buildings material intensity in China from 1949 to 2015. Resour. Conserv. Recycl. 159, 104824 (2020)."
N-513,Liu et al. (2025),https://doi.org/10.1021/acs.est.5c05684,Not stated by publisher,"Row with id = 513 in the ""Database"" sheet of the freely downloadable Supporting Information (SI) at the DOI above.","Yang, D. et al. Urban buildings material intensity in China from 1949 to 2015. Resour. Conserv. Recycl. 159, 104824 (2020)."
N-514,Liu et al. (2025),https://doi.org/10.1021/acs.est.5c05684,Not stated by publisher,"Row with id = 514 in the ""Database"" sheet of the freely downloadable Supporting Information (SI) at the DOI above.","Yang, D. et al. Urban buildings material intensity in China from 1949 to 2015. Resour. Conserv. Recycl. 159, 104824 (2020)."
N-515,Liu et al. (2025),https://doi.org/10.1021/acs.est.5c05684,Not stated by publisher,"Row with id = 515 in the ""Database"" sheet of the freely downloadable Supporting Information (SI) at the DOI above.","Yang, D. et al. Urban buildings material intensity in China from 1949 to 2015. Resour. Conserv. Recycl. 159, 104824 (2020)."
N-516,Liu et al. (2025),https://doi.org/10.1021/acs.est.5c05684,Not stated by publisher,"Row with id = 516 in the ""Database"" sheet of the freely downloadable Supporting Information (SI) at the DOI above.","Yang, D. et al. Urban buildings material intensity in China from 1949 to 2015. Resour. Conserv. Recycl. 159, 104824 (2020)."
N-517,Liu et al. (2025),https://doi.org/10.1021/acs.est.5c05684,Not stated by publisher,"Row with id = 517 in the ""Database"" sheet of the freely downloadable Supporting Information (SI) at the DOI above.","Yang, D. et al. Urban buildings material intensity in China from 1949 to 2015. Resour. Conserv. Recycl. 159, 104824 (2020)."
N-518,Liu et al. (2025),https://doi.org/10.1021/acs.est.5c05684,Not stated by publisher,"Row with id = 518 in the ""Database"" sheet of the freely downloadable Supporting Information (SI) at the DOI above.","Yang, D. et al. Urban buildings material intensity in China from 1949 to 2015. Resour. Conserv. Recycl. 159, 104824 (2020)."
N-519,Liu et al. (2025),https://doi.org/10.1021/acs.est.5c05684,Not stated by publisher,"Row with id = 519 in the ""Database"" sheet of the freely downloadable Supporting Information (SI) at the DOI above.","Yang, D. et al. Urban buildings material intensity in China from 1949 to 2015. Resour. Conserv. Recycl. 159, 104824 (2020)."
N-520,Liu et al. (2025),https://doi.org/10.1021/acs.est.5c05684,Not stated by publisher,"Row with id = 520 in the ""Database"" sheet of the freely downloadable Supporting Information (SI) at the DOI above.","Yang, D. et al. Urban buildings material intensity in China from 1949 to 2015. Resour. Conserv. Recycl. 159, 104824 (2020)."
N-521,Liu et al. (2025),https://doi.org/10.1021/acs.est.5c05684,Not stated by publisher,"Row with id = 521 in the ""Database"" sheet of the freely downloadable Supporting Information (SI) at the DOI above.","Yang, D. et al. Urban buildings material intensity in China from 1949 to 2015. Resour. Conserv. Recycl. 159, 104824 (2020)."
N-522,Liu et al. (2025),https://doi.org/10.1021/acs.est.5c05684,Not stated by publisher,"Row with id = 522 in the ""Database"" sheet of the freely downloadable Supporting Information (SI) at the DOI above.","Yang, D. et al. Urban buildings material intensity in China from 1949 to 2015. Resour. Conserv. Recycl. 159, 104824 (2020)."
N-523,Liu et al. (2025),https://doi.org/10.1021/acs.est.5c05684,Not stated by publisher,"Row with id = 523 in the ""Database"" sheet of the freely downloadable Supporting Information (SI) at the DOI above.","Yang, D. et al. Urban buildings material intensity in China from 1949 to 2015. Resour. Conserv. Recycl. 159, 104824 (2020)."
N-524,Liu et al. (2025),https://doi.org/10.1021/acs.est.5c05684,Not stated by publisher,"Row with id = 524 in the ""Database"" sheet of the freely downloadable Supporting Information (SI) at the DOI above.","Yang, D. et al. Urban buildings material intensity in China from 1949 to 2015. Resour. Conserv. Recycl. 159, 104824 (2020)."
N-525,Liu et al. (2025),https://doi.org/10.1021/acs.est.5c05684,Not stated by publisher,"Row with id = 525 in the ""Database"" sheet of the freely downloadable Supporting Information (SI) at the DOI above.","Yang, D. et al. Urban buildings material intensity in China from 1949 to 2015. Resour. Conserv. Recycl. 159, 104824 (2020)."
N-526,Liu et al. (2025),https://doi.org/10.1021/acs.est.5c05684,Not stated by publisher,"Row with id = 526 in the ""Database"" sheet of the freely downloadable Supporting Information (SI) at the DOI above.","Yang, D. et al. Urban buildings material intensity in China from 1949 to 2015. Resour. Conserv. Recycl. 159, 104824 (2020)."
N-527,Liu et al. (2025),https://doi.org/10.1021/acs.est.5c05684,Not stated by publisher,"Row with id = 527 in the ""Database"" sheet of the freely downloadable Supporting Information (SI) at the DOI above.","Yang, D. et al. Urban buildings material intensity in China from 1949 to 2015. Resour. Conserv. Recycl. 159, 104824 (2020)."
N-528,Liu et al. (2025),https://doi.org/10.1021/acs.est.5c05684,Not stated by publisher,"Row with id = 528 in the ""Database"" sheet of the freely downloadable Supporting Information (SI) at the DOI above.","Yang, D. et al. Urban buildings material intensity in China from 1949 to 2015. Resour. Conserv. Recycl. 159, 104824 (2020)."
N-529,Liu et al. (2025),https://doi.org/10.1021/acs.est.5c05684,Not stated by publisher,"Row with id = 529 in the ""Database"" sheet of the freely downloadable Supporting Information (SI) at the DOI above.","Yang, D. et al. Urban buildings material intensity in China from 1949 to 2015. Resour. Conserv. Recycl. 159, 104824 (2020)."
N-530,Liu et al. (2025),https://doi.org/10.1021/acs.est.5c05684,Not stated by publisher,"Row with id = 530 in the ""Database"" sheet of the freely downloadable Supporting Information (SI) at the DOI above.","Yang, D. et al. Urban buildings material intensity in China from 1949 to 2015. Resour. Conserv. Recycl. 159, 104824 (2020)."
N-531,Liu et al. (2025),https://doi.org/10.1021/acs.est.5c05684,Not stated by publisher,"Row with id = 531 in the ""Database"" sheet of the freely downloadable Supporting Information (SI) at the DOI above.","Yang, D. et al. Urban buildings material intensity in China from 1949 to 2015. Resour. Conserv. Recycl. 159, 104824 (2020)."
N-532,Liu et al. (2025),https://doi.org/10.1021/acs.est.5c05684,Not stated by publisher,"Row with id = 532 in the ""Database"" sheet of the freely downloadable Supporting Information (SI) at the DOI above.","Yang, D. et al. Urban buildings material intensity in China from 1949 to 2015. Resour. Conserv. Recycl. 159, 104824 (2020)."
N-533,Liu et al. (2025),https://doi.org/10.1021/acs.est.5c05684,Not stated by publisher,"Row with id = 533 in the ""Database"" sheet of the freely downloadable Supporting Information (SI) at the DOI above.","Yang, D. et al. Urban buildings material intensity in China from 1949 to 2015. Resour. Conserv. Recycl. 159, 104824 (2020)."
N-534,Liu et al. (2025),https://doi.org/10.1021/acs.est.5c05684,Not stated by publisher,"Row with id = 534 in the ""Database"" sheet of the freely downloadable Supporting Information (SI) at the DOI above.","Yang, D. et al. Urban buildings material intensity in China from 1949 to 2015. Resour. Conserv. Recycl. 159, 104824 (2020)."
N-535,Liu et al. (2025),https://doi.org/10.1021/acs.est.5c05684,Not stated by publisher,"Row with id = 535 in the ""Database"" sheet of the freely downloadable Supporting Information (SI) at the DOI above.","Yang, D. et al. Urban buildings material intensity in China from 1949 to 2015. Resour. Conserv. Recycl. 159, 104824 (2020)."
N-536,Liu et al. (2025),https://doi.org/10.1021/acs.est.5c05684,Not stated by publisher,"Row with id = 536 in the ""Database"" sheet of the freely downloadable Supporting Information (SI) at the DOI above.","Yang, D. et al. Urban buildings material intensity in China from 1949 to 2015. Resour. Conserv. Recycl. 159, 104824 (2020)."
N-537,Liu et al. (2025),https://doi.org/10.1021/acs.est.5c05684,Not stated by publisher,"Row with id = 537 in the ""Database"" sheet of the freely downloadable Supporting Information (SI) at the DOI above.","Yang, D. et al. Urban buildings material intensity in China from 1949 to 2015. Resour. Conserv. Recycl. 159, 104824 (2020)."
N-538,Liu et al. (2025),https://doi.org/10.1021/acs.est.5c05684,Not stated by publisher,"Row with id = 538 in the ""Database"" sheet of the freely downloadable Supporting Information (SI) at the DOI above.","Yang, D. et al. Urban buildings material intensity in China from 1949 to 2015. Resour. Conserv. Recycl. 159, 104824 (2020)."
N-539,Liu et al. (2025),https://doi.org/10.1021/acs.est.5c05684,Not stated by publisher,"Row with id = 539 in the ""Database"" sheet of the freely downloadable Supporting Information (SI) at the DOI above.","Yang, D. et al. Urban buildings material intensity in China from 1949 to 2015. Resour. Conserv. Recycl. 159, 104824 (2020)."
N-540,Liu et al. (2025),https://doi.org/10.1021/acs.est.5c05684,Not stated by publisher,"Row with id = 540 in the ""Database"" sheet of the freely downloadable Supporting Information (SI) at the DOI above.","Yang, D. et al. Urban buildings material intensity in China from 1949 to 2015. Resour. Conserv. Recycl. 159, 104824 (2020)."
N-541,Liu et al. (2025),https://doi.org/10.1021/acs.est.5c05684,Not stated by publisher,"Row with id = 541 in the ""Database"" sheet of the freely downloadable Supporting Information (SI) at the DOI above.","Yang, D. et al. Urban buildings material intensity in China from 1949 to 2015. Resour. Conserv. Recycl. 159, 104824 (2020)."
N-542,Liu et al. (2025),https://doi.org/10.1021/acs.est.5c05684,Not stated by publisher,"Row with id = 542 in the ""Database"" sheet of the freely downloadable Supporting Information (SI) at the DOI above.","Yang, D. et al. Urban buildings material intensity in China from 1949 to 2015. Resour. Conserv. Recycl. 159, 104824 (2020)."
N-543,Liu et al. (2025),https://doi.org/10.1021/acs.est.5c05684,Not stated by publisher,"Row with id = 543 in the ""Database"" sheet of the freely downloadable Supporting Information (SI) at the DOI above.","Yang, D. et al. Urban buildings material intensity in China from 1949 to 2015. Resour. Conserv. Recycl. 159, 104824 (2020)."
N-544,Liu et al. (2025),https://doi.org/10.1021/acs.est.5c05684,Not stated by publisher,"Row with id = 544 in the ""Database"" sheet of the freely downloadable Supporting Information (SI) at the DOI above.","Yang, D. et al. Urban buildings material intensity in China from 1949 to 2015. Resour. Conserv. Recycl. 159, 104824 (2020)."
N-545,Liu et al. (2025),https://doi.org/10.1021/acs.est.5c05684,Not stated by publisher,"Row with id = 545 in the ""Database"" sheet of the freely downloadable Supporting Information (SI) at the DOI above.","Yang, D. et al. Urban buildings material intensity in China from 1949 to 2015. Resour. Conserv. Recycl. 159, 104824 (2020)."
N-546,Liu et al. (2025),https://doi.org/10.1021/acs.est.5c05684,Not stated by publisher,"Row with id = 546 in the ""Database"" sheet of the freely downloadable Supporting Information (SI) at the DOI above.","Yang, D. et al. Urban buildings material intensity in China from 1949 to 2015. Resour. Conserv. Recycl. 159, 104824 (2020)."
N-547,Liu et al. (2025),https://doi.org/10.1021/acs.est.5c05684,Not stated by publisher,"Row with id = 547 in the ""Database"" sheet of the freely downloadable Supporting Information (SI) at the DOI above.","Yang, D. et al. Urban buildings material intensity in China from 1949 to 2015. Resour. Conserv. Recycl. 159, 104824 (2020)."
N-548,Liu et al. (2025),https://doi.org/10.1021/acs.est.5c05684,Not stated by publisher,"Row with id = 548 in the ""Database"" sheet of the freely downloadable Supporting Information (SI) at the DOI above.","Yang, D. et al. Urban buildings material intensity in China from 1949 to 2015. Resour. Conserv. Recycl. 159, 104824 (2020)."
N-549,Liu et al. (2025),https://doi.org/10.1021/acs.est.5c05684,Not stated by publisher,"Row with id = 549 in the ""Database"" sheet of the freely downloadable Supporting Information (SI) at the DOI above.","Yang, D. et al. Urban buildings material intensity in China from 1949 to 2015. Resour. Conserv. Recycl. 159, 104824 (2020)."
N-550,Liu et al. (2025),https://doi.org/10.1021/acs.est.5c05684,Not stated by publisher,"Row with id = 550 in the ""Database"" sheet of the freely downloadable Supporting Information (SI) at the DOI above.","Yang, D. et al. Urban buildings material intensity in China from 1949 to 2015. Resour. Conserv. Recycl. 159, 104824 (2020)."
N-551,Liu et al. (2025),https://doi.org/10.1021/acs.est.5c05684,Not stated by publisher,"Row with id = 551 in the ""Database"" sheet of the freely downloadable Supporting Information (SI) at the DOI above.","Yang, D. et al. Urban buildings material intensity in China from 1949 to 2015. Resour. Conserv. Recycl. 159, 104824 (2020)."
N-552,Liu et al. (2025),https://doi.org/10.1021/acs.est.5c05684,Not stated by publisher,"Row with id = 552 in the ""Database"" sheet of the freely downloadable Supporting Information (SI) at the DOI above.","Yang, D. et al. Urban buildings material intensity in China from 1949 to 2015. Resour. Conserv. Recycl. 159, 104824 (2020)."
N-553,Liu et al. (2025),https://doi.org/10.1021/acs.est.5c05684,Not stated by publisher,"Row with id = 553 in the ""Database"" sheet of the freely downloadable Supporting Information (SI) at the DOI above.","Yang, D. et al. Urban buildings material intensity in China from 1949 to 2015. Resour. Conserv. Recycl. 159, 104824 (2020)."
N-554,Liu et al. (2025),https://doi.org/10.1021/acs.est.5c05684,Not stated by publisher,"Row with id = 554 in the ""Database"" sheet of the freely downloadable Supporting Information (SI) at the DOI above.","Yang, D. et al. Urban buildings material intensity in China from 1949 to 2015. Resour. Conserv. Recycl. 159, 104824 (2020)."
N-555,Liu et al. (2025),https://doi.org/10.1021/acs.est.5c05684,Not stated by publisher,"Row with id = 555 in the ""Database"" sheet of the freely downloadable Supporting Information (SI) at the DOI above.","Yang, D. et al. Urban buildings material intensity in China from 1949 to 2015. Resour. Conserv. Recycl. 159, 104824 (2020)."
N-556,Liu et al. (2025),https://doi.org/10.1021/acs.est.5c05684,Not stated by publisher,"Row with id = 556 in the ""Database"" sheet of the freely downloadable Supporting Information (SI) at the DOI above.","Yang, D. et al. Urban buildings material intensity in China from 1949 to 2015. Resour. Conserv. Recycl. 159, 104824 (2020)."
N-557,Liu et al. (2025),https://doi.org/10.1021/acs.est.5c05684,Not stated by publisher,"Row with id = 557 in the ""Database"" sheet of the freely downloadable Supporting Information (SI) at the DOI above.","Yang, D. et al. Urban buildings material intensity in China from 1949 to 2015. Resour. Conserv. Recycl. 159, 104824 (2020)."
N-558,Liu et al. (2025),https://doi.org/10.1021/acs.est.5c05684,Not stated by publisher,"Row with id = 558 in the ""Database"" sheet of the freely downloadable Supporting Information (SI) at the DOI above.","Yang, D. et al. Urban buildings material intensity in China from 1949 to 2015. Resour. Conserv. Recycl. 159, 104824 (2020)."
N-559,Liu et al. (2025),https://doi.org/10.1021/acs.est.5c05684,Not stated by publisher,"Row with id = 559 in the ""Database"" sheet of the freely downloadable Supporting Information (SI) at the DOI above.","Yang, D. et al. Urban buildings material intensity in China from 1949 to 2015. Resour. Conserv. Recycl. 159, 104824 (2020)."
N-560,Liu et al. (2025),https://doi.org/10.1021/acs.est.5c05684,Not stated by publisher,"Row with id = 560 in the ""Database"" sheet of the freely downloadable Supporting Information (SI) at the DOI above.","Yang, D. et al. Urban buildings material intensity in China from 1949 to 2015. Resour. Conserv. Recycl. 159, 104824 (2020)."
N-561,Liu et al. (2025),https://doi.org/10.1021/acs.est.5c05684,Not stated by publisher,"Row with id = 561 in the ""Database"" sheet of the freely downloadable Supporting Information (SI) at the DOI above.","Yang, D. et al. Urban buildings material intensity in China from 1949 to 2015. Resour. Conserv. Recycl. 159, 104824 (2020)."
N-562,Liu et al. (2025),https://doi.org/10.1021/acs.est.5c05684,Not stated by publisher,"Row with id = 562 in the ""Database"" sheet of the freely downloadable Supporting Information (SI) at the DOI above.","Yang, D. et al. Urban buildings material intensity in China from 1949 to 2015. Resour. Conserv. Recycl. 159, 104824 (2020)."
N-563,Liu et al. (2025),https://doi.org/10.1021/acs.est.5c05684,Not stated by publisher,"Row with id = 563 in the ""Database"" sheet of the freely downloadable Supporting Information (SI) at the DOI above.","Yang, D. et al. Urban buildings material intensity in China from 1949 to 2015. Resour. Conserv. Recycl. 159, 104824 (2020)."
N-564,Liu et al. (2025),https://doi.org/10.1021/acs.est.5c05684,Not stated by publisher,"Row with id = 564 in the ""Database"" sheet of the freely downloadable Supporting Information (SI) at the DOI above.","Yang, D. et al. Urban buildings material intensity in China from 1949 to 2015. Resour. Conserv. Recycl. 159, 104824 (2020)."
N-565,Liu et al. (2025),https://doi.org/10.1021/acs.est.5c05684,Not stated by publisher,"Row with id = 565 in the ""Database"" sheet of the freely downloadable Supporting Information (SI) at the DOI above.","Yang, D. et al. Urban buildings material intensity in China from 1949 to 2015. Resour. Conserv. Recycl. 159, 104824 (2020)."
N-566,Liu et al. (2025),https://doi.org/10.1021/acs.est.5c05684,Not stated by publisher,"Row with id = 566 in the ""Database"" sheet of the freely downloadable Supporting Information (SI) at the DOI above.","Yang, D. et al. Urban buildings material intensity in China from 1949 to 2015. Resour. Conserv. Recycl. 159, 104824 (2020)."
N-567,Liu et al. (2025),https://doi.org/10.1021/acs.est.5c05684,Not stated by publisher,"Row with id = 567 in the ""Database"" sheet of the freely downloadable Supporting Information (SI) at the DOI above.","Yang, D. et al. Urban buildings material intensity in China from 1949 to 2015. Resour. Conserv. Recycl. 159, 104824 (2020)."
N-568,Liu et al. (2025),https://doi.org/10.1021/acs.est.5c05684,Not stated by publisher,"Row with id = 568 in the ""Database"" sheet of the freely downloadable Supporting Information (SI) at the DOI above.","Yang, D. et al. Urban buildings material intensity in China from 1949 to 2015. Resour. Conserv. Recycl. 159, 104824 (2020)."
N-569,Liu et al. (2025),https://doi.org/10.1021/acs.est.5c05684,Not stated by publisher,"Row with id = 569 in the ""Database"" sheet of the freely downloadable Supporting Information (SI) at the DOI above.","Yang, D. et al. Urban buildings material intensity in China from 1949 to 2015. Resour. Conserv. Recycl. 159, 104824 (2020)."
N-570,Liu et al. (2025),https://doi.org/10.1021/acs.est.5c05684,Not stated by publisher,"Row with id = 570 in the ""Database"" sheet of the freely downloadable Supporting Information (SI) at the DOI above.","Yang, D. et al. Urban buildings material intensity in China from 1949 to 2015. Resour. Conserv. Recycl. 159, 104824 (2020)."
N-571,Liu et al. (2025),https://doi.org/10.1021/acs.est.5c05684,Not stated by publisher,"Row with id = 571 in the ""Database"" sheet of the freely downloadable Supporting Information (SI) at the DOI above.","Yang, D. et al. Urban buildings material intensity in China from 1949 to 2015. Resour. Conserv. Recycl. 159, 104824 (2020)."
N-572,Liu et al. (2025),https://doi.org/10.1021/acs.est.5c05684,Not stated by publisher,"Row with id = 572 in the ""Database"" sheet of the freely downloadable Supporting Information (SI) at the DOI above.","Yang, D. et al. Urban buildings material intensity in China from 1949 to 2015. Resour. Conserv. Recycl. 159, 104824 (2020)."
N-573,Liu et al. (2025),https://doi.org/10.1021/acs.est.5c05684,Not stated by publisher,"Row with id = 573 in the ""Database"" sheet of the freely downloadable Supporting Information (SI) at the DOI above.","Yang, D. et al. Urban buildings material intensity in China from 1949 to 2015. Resour. Conserv. Recycl. 159, 104824 (2020)."
N-574,Liu et al. (2025),https://doi.org/10.1021/acs.est.5c05684,Not stated by publisher,"Row with id = 574 in the ""Database"" sheet of the freely downloadable Supporting Information (SI) at the DOI above.","Yang, D. et al. Urban buildings material intensity in China from 1949 to 2015. Resour. Conserv. Recycl. 159, 104824 (2020)."
N-575,Liu et al. (2025),https://doi.org/10.1021/acs.est.5c05684,Not stated by publisher,"Row with id = 575 in the ""Database"" sheet of the freely downloadable Supporting Information (SI) at the DOI above.","Yang, D. et al. Urban buildings material intensity in China from 1949 to 2015. Resour. Conserv. Recycl. 159, 104824 (2020)."
N-576,Liu et al. (2025),https://doi.org/10.1021/acs.est.5c05684,Not stated by publisher,"Row with id = 576 in the ""Database"" sheet of the freely downloadable Supporting Information (SI) at the DOI above.","Yang, D. et al. Urban buildings material intensity in China from 1949 to 2015. Resour. Conserv. Recycl. 159, 104824 (2020)."
N-577,Liu et al. (2025),https://doi.org/10.1021/acs.est.5c05684,Not stated by publisher,"Row with id = 577 in the ""Database"" sheet of the freely downloadable Supporting Information (SI) at the DOI above.","Yang, D. et al. Urban buildings material intensity in China from 1949 to 2015. Resour. Conserv. Recycl. 159, 104824 (2020)."
N-578,Liu et al. (2025),https://doi.org/10.1021/acs.est.5c05684,Not stated by publisher,"Row with id = 578 in the ""Database"" sheet of the freely downloadable Supporting Information (SI) at the DOI above.","Yang, D. et al. Urban buildings material intensity in China from 1949 to 2015. Resour. Conserv. Recycl. 159, 104824 (2020)."
N-579,Liu et al. (2025),https://doi.org/10.1021/acs.est.5c05684,Not stated by publisher,"Row with id = 579 in the ""Database"" sheet of the freely downloadable Supporting Information (SI) at the DOI above.","Yang, D. et al. Urban buildings material intensity in China from 1949 to 2015. Resour. Conserv. Recycl. 159, 104824 (2020)."
N-580,Liu et al. (2025),https://doi.org/10.1021/acs.est.5c05684,Not stated by publisher,"Row with id = 580 in the ""Database"" sheet of the freely downloadable Supporting Information (SI) at the DOI above.","Yang, D. et al. Urban buildings material intensity in China from 1949 to 2015. Resour. Conserv. Recycl. 159, 104824 (2020)."
N-581,Liu et al. (2025),https://doi.org/10.1021/acs.est.5c05684,Not stated by publisher,"Row with id = 581 in the ""Database"" sheet of the freely downloadable Supporting Information (SI) at the DOI above.","Yang, D. et al. Urban buildings material intensity in China from 1949 to 2015. Resour. Conserv. Recycl. 159, 104824 (2020)."
N-582,Liu et al. (2025),https://doi.org/10.1021/acs.est.5c05684,Not stated by publisher,"Row with id = 582 in the ""Database"" sheet of the freely downloadable Supporting Information (SI) at the DOI above.","Yang, D. et al. Urban buildings material intensity in China from 1949 to 2015. Resour. Conserv. Recycl. 159, 104824 (2020)."
N-583,Liu et al. (2025),https://doi.org/10.1021/acs.est.5c05684,Not stated by publisher,"Row with id = 583 in the ""Database"" sheet of the freely downloadable Supporting Information (SI) at the DOI above.","Yang, D. et al. Urban buildings material intensity in China from 1949 to 2015. Resour. Conserv. Recycl. 159, 104824 (2020)."
N-584,Liu et al. (2025),https://doi.org/10.1021/acs.est.5c05684,Not stated by publisher,"Row with id = 584 in the ""Database"" sheet of the freely downloadable Supporting Information (SI) at the DOI above.","Yang, D. et al. Urban buildings material intensity in China from 1949 to 2015. Resour. Conserv. Recycl. 159, 104824 (2020)."
N-585,Liu et al. (2025),https://doi.org/10.1021/acs.est.5c05684,Not stated by publisher,"Row with id = 585 in the ""Database"" sheet of the freely downloadable Supporting Information (SI) at the DOI above.","Yang, D. et al. Urban buildings material intensity in China from 1949 to 2015. Resour. Conserv. Recycl. 159, 104824 (2020)."
N-586,Liu et al. (2025),https://doi.org/10.1021/acs.est.5c05684,Not stated by publisher,"Row with id = 586 in the ""Database"" sheet of the freely downloadable Supporting Information (SI) at the DOI above.","Yang, D. et al. Urban buildings material intensity in China from 1949 to 2015. Resour. Conserv. Recycl. 159, 104824 (2020)."
N-587,Liu et al. (2025),https://doi.org/10.1021/acs.est.5c05684,Not stated by publisher,"Row with id = 587 in the ""Database"" sheet of the freely downloadable Supporting Information (SI) at the DOI above.","Yang, D. et al. Urban buildings material intensity in China from 1949 to 2015. Resour. Conserv. Recycl. 159, 104824 (2020)."
N-588,Liu et al. (2025),https://doi.org/10.1021/acs.est.5c05684,Not stated by publisher,"Row with id = 588 in the ""Database"" sheet of the freely downloadable Supporting Information (SI) at the DOI above.","Yang, D. et al. Urban buildings material intensity in China from 1949 to 2015. Resour. Conserv. Recycl. 159, 104824 (2020)."
N-589,Liu et al. (2025),https://doi.org/10.1021/acs.est.5c05684,Not stated by publisher,"Row with id = 589 in the ""Database"" sheet of the freely downloadable Supporting Information (SI) at the DOI above.","Yang, D. et al. Urban buildings material intensity in China from 1949 to 2015. Resour. Conserv. Recycl. 159, 104824 (2020)."
N-590,Liu et al. (2025),https://doi.org/10.1021/acs.est.5c05684,Not stated by publisher,"Row with id = 590 in the ""Database"" sheet of the freely downloadable Supporting Information (SI) at the DOI above.","Yang, D. et al. Urban buildings material intensity in China from 1949 to 2015. Resour. Conserv. Recycl. 159, 104824 (2020)."
N-591,Liu et al. (2025),https://doi.org/10.1021/acs.est.5c05684,Not stated by publisher,"Row with id = 591 in the ""Database"" sheet of the freely downloadable Supporting Information (SI) at the DOI above.","Yang, D. et al. Urban buildings material intensity in China from 1949 to 2015. Resour. Conserv. Recycl. 159, 104824 (2020)."
N-592,Liu et al. (2025),https://doi.org/10.1021/acs.est.5c05684,Not stated by publisher,"Row with id = 592 in the ""Database"" sheet of the freely downloadable Supporting Information (SI) at the DOI above.","Yang, D. et al. Urban buildings material intensity in China from 1949 to 2015. Resour. Conserv. Recycl. 159, 104824 (2020)."
N-593,Liu et al. (2025),https://doi.org/10.1021/acs.est.5c05684,Not stated by publisher,"Row with id = 593 in the ""Database"" sheet of the freely downloadable Supporting Information (SI) at the DOI above.","Yang, D. et al. Urban buildings material intensity in China from 1949 to 2015. Resour. Conserv. Recycl. 159, 104824 (2020)."
N-594,Liu et al. (2025),https://doi.org/10.1021/acs.est.5c05684,Not stated by publisher,"Row with id = 594 in the ""Database"" sheet of the freely downloadable Supporting Information (SI) at the DOI above.","Yang, D. et al. Urban buildings material intensity in China from 1949 to 2015. Resour. Conserv. Recycl. 159, 104824 (2020)."
N-595,Liu et al. (2025),https://doi.org/10.1021/acs.est.5c05684,Not stated by publisher,"Row with id = 595 in the ""Database"" sheet of the freely downloadable Supporting Information (SI) at the DOI above.","Yang, D. et al. Urban buildings material intensity in China from 1949 to 2015. Resour. Conserv. Recycl. 159, 104824 (2020)."
N-596,Liu et al. (2025),https://doi.org/10.1021/acs.est.5c05684,Not stated by publisher,"Row with id = 596 in the ""Database"" sheet of the freely downloadable Supporting Information (SI) at the DOI above.","Yang, D. et al. Urban buildings material intensity in China from 1949 to 2015. Resour. Conserv. Recycl. 159, 104824 (2020)."
N-597,Liu et al. (2025),https://doi.org/10.1021/acs.est.5c05684,Not stated by publisher,"Row with id = 597 in the ""Database"" sheet of the freely downloadable Supporting Information (SI) at the DOI above.","Yang, D. et al. Urban buildings material intensity in China from 1949 to 2015. Resour. Conserv. Recycl. 159, 104824 (2020)."
N-598,Liu et al. (2025),https://doi.org/10.1021/acs.est.5c05684,Not stated by publisher,"Row with id = 598 in the ""Database"" sheet of the freely downloadable Supporting Information (SI) at the DOI above.","Yang, D. et al. Urban buildings material intensity in China from 1949 to 2015. Resour. Conserv. Recycl. 159, 104824 (2020)."
N-599,Liu et al. (2025),https://doi.org/10.1021/acs.est.5c05684,Not stated by publisher,"Row with id = 599 in the ""Database"" sheet of the freely downloadable Supporting Information (SI) at the DOI above.","Yang, D. et al. Urban buildings material intensity in China from 1949 to 2015. Resour. Conserv. Recycl. 159, 104824 (2020)."
N-600,Liu et al. (2025),https://doi.org/10.1021/acs.est.5c05684,Not stated by publisher,"Row with id = 600 in the ""Database"" sheet of the freely downloadable Supporting Information (SI) at the DOI above.","Yang, D. et al. Urban buildings material intensity in China from 1949 to 2015. Resour. Conserv. Recycl. 159, 104824 (2020)."
N-601,Liu et al. (2025),https://doi.org/10.1021/acs.est.5c05684,Not stated by publisher,"Row with id = 601 in the ""Database"" sheet of the freely downloadable Supporting Information (SI) at the DOI above.","Yang, D. et al. Urban buildings material intensity in China from 1949 to 2015. Resour. Conserv. Recycl. 159, 104824 (2020)."
N-602,Liu et al. (2025),https://doi.org/10.1021/acs.est.5c05684,Not stated by publisher,"Row with id = 602 in the ""Database"" sheet of the freely downloadable Supporting Information (SI) at the DOI above.","Yang, D. et al. Urban buildings material intensity in China from 1949 to 2015. Resour. Conserv. Recycl. 159, 104824 (2020)."
N-603,Liu et al. (2025),https://doi.org/10.1021/acs.est.5c05684,Not stated by publisher,"Row with id = 603 in the ""Database"" sheet of the freely downloadable Supporting Information (SI) at the DOI above.","Yang, D. et al. Urban buildings material intensity in China from 1949 to 2015. Resour. Conserv. Recycl. 159, 104824 (2020)."
N-604,Liu et al. (2025),https://doi.org/10.1021/acs.est.5c05684,Not stated by publisher,"Row with id = 604 in the ""Database"" sheet of the freely downloadable Supporting Information (SI) at the DOI above.","Yang, D. et al. Urban buildings material intensity in China from 1949 to 2015. Resour. Conserv. Recycl. 159, 104824 (2020)."
N-605,Liu et al. (2025),https://doi.org/10.1021/acs.est.5c05684,Not stated by publisher,"Row with id = 605 in the ""Database"" sheet of the freely downloadable Supporting Information (SI) at the DOI above.","Yang, D. et al. Urban buildings material intensity in China from 1949 to 2015. Resour. Conserv. Recycl. 159, 104824 (2020)."
N-606,Liu et al. (2025),https://doi.org/10.1021/acs.est.5c05684,Not stated by publisher,"Row with id = 606 in the ""Database"" sheet of the freely downloadable Supporting Information (SI) at the DOI above.","Yang, D. et al. Urban buildings material intensity in China from 1949 to 2015. Resour. Conserv. Recycl. 159, 104824 (2020)."
N-607,Liu et al. (2025),https://doi.org/10.1021/acs.est.5c05684,Not stated by publisher,"Row with id = 607 in the ""Database"" sheet of the freely downloadable Supporting Information (SI) at the DOI above.","Yang, D. et al. Urban buildings material intensity in China from 1949 to 2015. Resour. Conserv. Recycl. 159, 104824 (2020)."
N-608,Liu et al. (2025),https://doi.org/10.1021/acs.est.5c05684,Not stated by publisher,"Row with id = 608 in the ""Database"" sheet of the freely downloadable Supporting Information (SI) at the DOI above.","Yang, D. et al. Urban buildings material intensity in China from 1949 to 2015. Resour. Conserv. Recycl. 159, 104824 (2020)."
N-609,Liu et al. (2025),https://doi.org/10.1021/acs.est.5c05684,Not stated by publisher,"Row with id = 609 in the ""Database"" sheet of the freely downloadable Supporting Information (SI) at the DOI above.","Yang, D. et al. Urban buildings material intensity in China from 1949 to 2015. Resour. Conserv. Recycl. 159, 104824 (2020)."
N-610,Liu et al. (2025),https://doi.org/10.1021/acs.est.5c05684,Not stated by publisher,"Row with id = 610 in the ""Database"" sheet of the freely downloadable Supporting Information (SI) at the DOI above.","Yang, D. et al. Urban buildings material intensity in China from 1949 to 2015. Resour. Conserv. Recycl. 159, 104824 (2020)."
N-611,Liu et al. (2025),https://doi.org/10.1021/acs.est.5c05684,Not stated by publisher,"Row with id = 611 in the ""Database"" sheet of the freely downloadable Supporting Information (SI) at the DOI above.","Yang, D. et al. Urban buildings material intensity in China from 1949 to 2015. Resour. Conserv. Recycl. 159, 104824 (2020)."
N-612,Liu et al. (2025),https://doi.org/10.1021/acs.est.5c05684,Not stated by publisher,"Row with id = 612 in the ""Database"" sheet of the freely downloadable Supporting Information (SI) at the DOI above.","Yang, D. et al. Urban buildings material intensity in China from 1949 to 2015. Resour. Conserv. Recycl. 159, 104824 (2020)."
N-613,Liu et al. (2025),https://doi.org/10.1021/acs.est.5c05684,Not stated by publisher,"Row with id = 613 in the ""Database"" sheet of the freely downloadable Supporting Information (SI) at the DOI above.","Yang, D. et al. Urban buildings material intensity in China from 1949 to 2015. Resour. Conserv. Recycl. 159, 104824 (2020)."
N-614,Liu et al. (2025),https://doi.org/10.1021/acs.est.5c05684,Not stated by publisher,"Row with id = 614 in the ""Database"" sheet of the freely downloadable Supporting Information (SI) at the DOI above.","Yang, D. et al. Urban buildings material intensity in China from 1949 to 2015. Resour. Conserv. Recycl. 159, 104824 (2020)."
N-615,Liu et al. (2025),https://doi.org/10.1021/acs.est.5c05684,Not stated by publisher,"Row with id = 615 in the ""Database"" sheet of the freely downloadable Supporting Information (SI) at the DOI above.","Yang, D. et al. Urban buildings material intensity in China from 1949 to 2015. Resour. Conserv. Recycl. 159, 104824 (2020)."
N-616,Liu et al. (2025),https://doi.org/10.1021/acs.est.5c05684,Not stated by publisher,"Row with id = 616 in the ""Database"" sheet of the freely downloadable Supporting Information (SI) at the DOI above.","Yang, D. et al. Urban buildings material intensity in China from 1949 to 2015. Resour. Conserv. Recycl. 159, 104824 (2020)."
N-617,Liu et al. (2025),https://doi.org/10.1021/acs.est.5c05684,Not stated by publisher,"Row with id = 617 in the ""Database"" sheet of the freely downloadable Supporting Information (SI) at the DOI above.","Yang, D. et al. Urban buildings material intensity in China from 1949 to 2015. Resour. Conserv. Recycl. 159, 104824 (2020)."
N-618,Liu et al. (2025),https://doi.org/10.1021/acs.est.5c05684,Not stated by publisher,"Row with id = 618 in the ""Database"" sheet of the freely downloadable Supporting Information (SI) at the DOI above.","Yang, D. et al. Urban buildings material intensity in China from 1949 to 2015. Resour. Conserv. Recycl. 159, 104824 (2020)."
N-619,Liu et al. (2025),https://doi.org/10.1021/acs.est.5c05684,Not stated by publisher,"Row with id = 619 in the ""Database"" sheet of the freely downloadable Supporting Information (SI) at the DOI above.","Yang, D. et al. Urban buildings material intensity in China from 1949 to 2015. Resour. Conserv. Recycl. 159, 104824 (2020)."
N-620,Liu et al. (2025),https://doi.org/10.1021/acs.est.5c05684,Not stated by publisher,"Row with id = 620 in the ""Database"" sheet of the freely downloadable Supporting Information (SI) at the DOI above.","Yang, D. et al. Urban buildings material intensity in China from 1949 to 2015. Resour. Conserv. Recycl. 159, 104824 (2020)."
N-621,Liu et al. (2025),https://doi.org/10.1021/acs.est.5c05684,Not stated by publisher,"Row with id = 621 in the ""Database"" sheet of the freely downloadable Supporting Information (SI) at the DOI above.","Yang, D. et al. Urban buildings material intensity in China from 1949 to 2015. Resour. Conserv. Recycl. 159, 104824 (2020)."
N-622,Liu et al. (2025),https://doi.org/10.1021/acs.est.5c05684,Not stated by publisher,"Row with id = 622 in the ""Database"" sheet of the freely downloadable Supporting Information (SI) at the DOI above.","Yang, D. et al. Urban buildings material intensity in China from 1949 to 2015. Resour. Conserv. Recycl. 159, 104824 (2020)."
N-623,Liu et al. (2025),https://doi.org/10.1021/acs.est.5c05684,Not stated by publisher,"Row with id = 623 in the ""Database"" sheet of the freely downloadable Supporting Information (SI) at the DOI above.","Yang, D. et al. Urban buildings material intensity in China from 1949 to 2015. Resour. Conserv. Recycl. 159, 104824 (2020)."
N-624,Liu et al. (2025),https://doi.org/10.1021/acs.est.5c05684,Not stated by publisher,"Row with id = 624 in the ""Database"" sheet of the freely downloadable Supporting Information (SI) at the DOI above.","Yang, D. et al. Urban buildings material intensity in China from 1949 to 2015. Resour. Conserv. Recycl. 159, 104824 (2020)."
N-625,Liu et al. (2025),https://doi.org/10.1021/acs.est.5c05684,Not stated by publisher,"Row with id = 625 in the ""Database"" sheet of the freely downloadable Supporting Information (SI) at the DOI above.","Yang, D. et al. Urban buildings material intensity in China from 1949 to 2015. Resour. Conserv. Recycl. 159, 104824 (2020)."
N-626,Liu et al. (2025),https://doi.org/10.1021/acs.est.5c05684,Not stated by publisher,"Row with id = 626 in the ""Database"" sheet of the freely downloadable Supporting Information (SI) at the DOI above.","Yang, D. et al. Urban buildings material intensity in China from 1949 to 2015. Resour. Conserv. Recycl. 159, 104824 (2020)."
N-627,Liu et al. (2025),https://doi.org/10.1021/acs.est.5c05684,Not stated by publisher,"Row with id = 627 in the ""Database"" sheet of the freely downloadable Supporting Information (SI) at the DOI above.","Yang, D. et al. Urban buildings material intensity in China from 1949 to 2015. Resour. Conserv. Recycl. 159, 104824 (2020)."
N-628,Liu et al. (2025),https://doi.org/10.1021/acs.est.5c05684,Not stated by publisher,"Row with id = 628 in the ""Database"" sheet of the freely downloadable Supporting Information (SI) at the DOI above.","Yang, D. et al. Urban buildings material intensity in China from 1949 to 2015. Resour. Conserv. Recycl. 159, 104824 (2020)."
N-629,Liu et al. (2025),https://doi.org/10.1021/acs.est.5c05684,Not stated by publisher,"Row with id = 629 in the ""Database"" sheet of the freely downloadable Supporting Information (SI) at the DOI above.","Yang, D. et al. Urban buildings material intensity in China from 1949 to 2015. Resour. Conserv. Recycl. 159, 104824 (2020)."
N-630,Liu et al. (2025),https://doi.org/10.1021/acs.est.5c05684,Not stated by publisher,"Row with id = 630 in the ""Database"" sheet of the freely downloadable Supporting Information (SI) at the DOI above.","Yang, D. et al. Urban buildings material intensity in China from 1949 to 2015. Resour. Conserv. Recycl. 159, 104824 (2020)."
N-631,Liu et al. (2025),https://doi.org/10.1021/acs.est.5c05684,Not stated by publisher,"Row with id = 631 in the ""Database"" sheet of the freely downloadable Supporting Information (SI) at the DOI above.","Yang, D. et al. Urban buildings material intensity in China from 1949 to 2015. Resour. Conserv. Recycl. 159, 104824 (2020)."
N-632,Liu et al. (2025),https://doi.org/10.1021/acs.est.5c05684,Not stated by publisher,"Row with id = 632 in the ""Database"" sheet of the freely downloadable Supporting Information (SI) at the DOI above.","Yang, D. et al. Urban buildings material intensity in China from 1949 to 2015. Resour. Conserv. Recycl. 159, 104824 (2020)."
N-633,Liu et al. (2025),https://doi.org/10.1021/acs.est.5c05684,Not stated by publisher,"Row with id = 633 in the ""Database"" sheet of the freely downloadable Supporting Information (SI) at the DOI above.","Yang, D. et al. Urban buildings material intensity in China from 1949 to 2015. Resour. Conserv. Recycl. 159, 104824 (2020)."
N-634,Liu et al. (2025),https://doi.org/10.1021/acs.est.5c05684,Not stated by publisher,"Row with id = 634 in the ""Database"" sheet of the freely downloadable Supporting Information (SI) at the DOI above.","Yang, D. et al. Urban buildings material intensity in China from 1949 to 2015. Resour. Conserv. Recycl. 159, 104824 (2020)."
N-635,Liu et al. (2025),https://doi.org/10.1021/acs.est.5c05684,Not stated by publisher,"Row with id = 635 in the ""Database"" sheet of the freely downloadable Supporting Information (SI) at the DOI above.","Yang, D. et al. Urban buildings material intensity in China from 1949 to 2015. Resour. Conserv. Recycl. 159, 104824 (2020)."
N-636,Liu et al. (2025),https://doi.org/10.1021/acs.est.5c05684,Not stated by publisher,"Row with id = 636 in the ""Database"" sheet of the freely downloadable Supporting Information (SI) at the DOI above.","Yang, D. et al. Urban buildings material intensity in China from 1949 to 2015. Resour. Conserv. Recycl. 159, 104824 (2020)."
N-637,Liu et al. (2025),https://doi.org/10.1021/acs.est.5c05684,Not stated by publisher,"Row with id = 637 in the ""Database"" sheet of the freely downloadable Supporting Information (SI) at the DOI above.","Yang, D. et al. Urban buildings material intensity in China from 1949 to 2015. Resour. Conserv. Recycl. 159, 104824 (2020)."
N-638,Liu et al. (2025),https://doi.org/10.1021/acs.est.5c05684,Not stated by publisher,"Row with id = 638 in the ""Database"" sheet of the freely downloadable Supporting Information (SI) at the DOI above.","Yang, D. et al. Urban buildings material intensity in China from 1949 to 2015. Resour. Conserv. Recycl. 159, 104824 (2020)."
N-639,Liu et al. (2025),https://doi.org/10.1021/acs.est.5c05684,Not stated by publisher,"Row with id = 639 in the ""Database"" sheet of the freely downloadable Supporting Information (SI) at the DOI above.","Yang, D. et al. Urban buildings material intensity in China from 1949 to 2015. Resour. Conserv. Recycl. 159, 104824 (2020)."
N-640,Liu et al. (2025),https://doi.org/10.1021/acs.est.5c05684,Not stated by publisher,"Row with id = 640 in the ""Database"" sheet of the freely downloadable Supporting Information (SI) at the DOI above.","Yang, D. et al. Urban buildings material intensity in China from 1949 to 2015. Resour. Conserv. Recycl. 159, 104824 (2020)."
N-641,Liu et al. (2025),https://doi.org/10.1021/acs.est.5c05684,Not stated by publisher,"Row with id = 641 in the ""Database"" sheet of the freely downloadable Supporting Information (SI) at the DOI above.","Yang, D. et al. Urban buildings material intensity in China from 1949 to 2015. Resour. Conserv. Recycl. 159, 104824 (2020)."
N-642,Liu et al. (2025),https://doi.org/10.1021/acs.est.5c05684,Not stated by publisher,"Row with id = 642 in the ""Database"" sheet of the freely downloadable Supporting Information (SI) at the DOI above.","Yang, D. et al. Urban buildings material intensity in China from 1949 to 2015. Resour. Conserv. Recycl. 159, 104824 (2020)."
N-643,Liu et al. (2025),https://doi.org/10.1021/acs.est.5c05684,Not stated by publisher,"Row with id = 643 in the ""Database"" sheet of the freely downloadable Supporting Information (SI) at the DOI above.","Yang, D. et al. Urban buildings material intensity in China from 1949 to 2015. Resour. Conserv. Recycl. 159, 104824 (2020)."
N-644,Liu et al. (2025),https://doi.org/10.1021/acs.est.5c05684,Not stated by publisher,"Row with id = 644 in the ""Database"" sheet of the freely downloadable Supporting Information (SI) at the DOI above.","Yang, D. et al. Urban buildings material intensity in China from 1949 to 2015. Resour. Conserv. Recycl. 159, 104824 (2020)."
N-645,Liu et al. (2025),https://doi.org/10.1021/acs.est.5c05684,Not stated by publisher,"Row with id = 645 in the ""Database"" sheet of the freely downloadable Supporting Information (SI) at the DOI above.","Yang, D. et al. Urban buildings material intensity in China from 1949 to 2015. Resour. Conserv. Recycl. 159, 104824 (2020)."
N-646,Liu et al. (2025),https://doi.org/10.1021/acs.est.5c05684,Not stated by publisher,"Row with id = 646 in the ""Database"" sheet of the freely downloadable Supporting Information (SI) at the DOI above.","Yang, D. et al. Urban buildings material intensity in China from 1949 to 2015. Resour. Conserv. Recycl. 159, 104824 (2020)."
N-647,Liu et al. (2025),https://doi.org/10.1021/acs.est.5c05684,Not stated by publisher,"Row with id = 647 in the ""Database"" sheet of the freely downloadable Supporting Information (SI) at the DOI above.","Yang, D. et al. Urban buildings material intensity in China from 1949 to 2015. Resour. Conserv. Recycl. 159, 104824 (2020)."
N-648,Liu et al. (2025),https://doi.org/10.1021/acs.est.5c05684,Not stated by publisher,"Row with id = 648 in the ""Database"" sheet of the freely downloadable Supporting Information (SI) at the DOI above.","Yang, D. et al. Urban buildings material intensity in China from 1949 to 2015. Resour. Conserv. Recycl. 159, 104824 (2020)."
N-649,Liu et al. (2025),https://doi.org/10.1021/acs.est.5c05684,Not stated by publisher,"Row with id = 649 in the ""Database"" sheet of the freely downloadable Supporting Information (SI) at the DOI above.","Yang, D. et al. Urban buildings material intensity in China from 1949 to 2015. Resour. Conserv. Recycl. 159, 104824 (2020)."
N-650,Liu et al. (2025),https://doi.org/10.1021/acs.est.5c05684,Not stated by publisher,"Row with id = 650 in the ""Database"" sheet of the freely downloadable Supporting Information (SI) at the DOI above.","Yang, D. et al. Urban buildings material intensity in China from 1949 to 2015. Resour. Conserv. Recycl. 159, 104824 (2020)."
N-651,Liu et al. (2025),https://doi.org/10.1021/acs.est.5c05684,Not stated by publisher,"Row with id = 651 in the ""Database"" sheet of the freely downloadable Supporting Information (SI) at the DOI above.","Yang, D. et al. Urban buildings material intensity in China from 1949 to 2015. Resour. Conserv. Recycl. 159, 104824 (2020)."
N-652,Liu et al. (2025),https://doi.org/10.1021/acs.est.5c05684,Not stated by publisher,"Row with id = 652 in the ""Database"" sheet of the freely downloadable Supporting Information (SI) at the DOI above.","Yang, D. et al. Urban buildings material intensity in China from 1949 to 2015. Resour. Conserv. Recycl. 159, 104824 (2020)."
N-653,Liu et al. (2025),https://doi.org/10.1021/acs.est.5c05684,Not stated by publisher,"Row with id = 653 in the ""Database"" sheet of the freely downloadable Supporting Information (SI) at the DOI above.","Yang, D. et al. Urban buildings material intensity in China from 1949 to 2015. Resour. Conserv. Recycl. 159, 104824 (2020)."
N-654,Liu et al. (2025),https://doi.org/10.1021/acs.est.5c05684,Not stated by publisher,"Row with id = 654 in the ""Database"" sheet of the freely downloadable Supporting Information (SI) at the DOI above.","Yang, D. et al. Urban buildings material intensity in China from 1949 to 2015. Resour. Conserv. Recycl. 159, 104824 (2020)."
N-655,Liu et al. (2025),https://doi.org/10.1021/acs.est.5c05684,Not stated by publisher,"Row with id = 655 in the ""Database"" sheet of the freely downloadable Supporting Information (SI) at the DOI above.","Yang, D. et al. Urban buildings material intensity in China from 1949 to 2015. Resour. Conserv. Recycl. 159, 104824 (2020)."
N-656,Liu et al. (2025),https://doi.org/10.1021/acs.est.5c05684,Not stated by publisher,"Row with id = 656 in the ""Database"" sheet of the freely downloadable Supporting Information (SI) at the DOI above.","Yang, D. et al. Urban buildings material intensity in China from 1949 to 2015. Resour. Conserv. Recycl. 159, 104824 (2020)."
N-657,Liu et al. (2025),https://doi.org/10.1021/acs.est.5c05684,Not stated by publisher,"Row with id = 657 in the ""Database"" sheet of the freely downloadable Supporting Information (SI) at the DOI above.","Yang, D. et al. Urban buildings material intensity in China from 1949 to 2015. Resour. Conserv. Recycl. 159, 104824 (2020)."
N-658,Liu et al. (2025),https://doi.org/10.1021/acs.est.5c05684,Not stated by publisher,"Row with id = 658 in the ""Database"" sheet of the freely downloadable Supporting Information (SI) at the DOI above.","Yang, D. et al. Urban buildings material intensity in China from 1949 to 2015. Resour. Conserv. Recycl. 159, 104824 (2020)."
N-659,Liu et al. (2025),https://doi.org/10.1021/acs.est.5c05684,Not stated by publisher,"Row with id = 659 in the ""Database"" sheet of the freely downloadable Supporting Information (SI) at the DOI above.","Yang, D. et al. Urban buildings material intensity in China from 1949 to 2015. Resour. Conserv. Recycl. 159, 104824 (2020)."
N-660,Liu et al. (2025),https://doi.org/10.1021/acs.est.5c05684,Not stated by publisher,"Row with id = 660 in the ""Database"" sheet of the freely downloadable Supporting Information (SI) at the DOI above.","Yang, D. et al. Urban buildings material intensity in China from 1949 to 2015. Resour. Conserv. Recycl. 159, 104824 (2020)."
N-661,Liu et al. (2025),https://doi.org/10.1021/acs.est.5c05684,Not stated by publisher,"Row with id = 661 in the ""Database"" sheet of the freely downloadable Supporting Information (SI) at the DOI above.","Yang, D. et al. Urban buildings material intensity in China from 1949 to 2015. Resour. Conserv. Recycl. 159, 104824 (2020)."
N-662,Liu et al. (2025),https://doi.org/10.1021/acs.est.5c05684,Not stated by publisher,"Row with id = 662 in the ""Database"" sheet of the freely downloadable Supporting Information (SI) at the DOI above.","Yang, D. et al. Urban buildings material intensity in China from 1949 to 2015. Resour. Conserv. Recycl. 159, 104824 (2020)."
N-663,Liu et al. (2025),https://doi.org/10.1021/acs.est.5c05684,Not stated by publisher,"Row with id = 663 in the ""Database"" sheet of the freely downloadable Supporting Information (SI) at the DOI above.","Yang, D. et al. Urban buildings material intensity in China from 1949 to 2015. Resour. Conserv. Recycl. 159, 104824 (2020)."
N-664,Liu et al. (2025),https://doi.org/10.1021/acs.est.5c05684,Not stated by publisher,"Row with id = 664 in the ""Database"" sheet of the freely downloadable Supporting Information (SI) at the DOI above.","Yang, D. et al. Urban buildings material intensity in China from 1949 to 2015. Resour. Conserv. Recycl. 159, 104824 (2020)."
N-665,Liu et al. (2025),https://doi.org/10.1021/acs.est.5c05684,Not stated by publisher,"Row with id = 665 in the ""Database"" sheet of the freely downloadable Supporting Information (SI) at the DOI above.","Yang, D. et al. Urban buildings material intensity in China from 1949 to 2015. Resour. Conserv. Recycl. 159, 104824 (2020)."
N-666,Liu et al. (2025),https://doi.org/10.1021/acs.est.5c05684,Not stated by publisher,"Row with id = 666 in the ""Database"" sheet of the freely downloadable Supporting Information (SI) at the DOI above.","Yang, D. et al. Urban buildings material intensity in China from 1949 to 2015. Resour. Conserv. Recycl. 159, 104824 (2020)."
N-667,Liu et al. (2025),https://doi.org/10.1021/acs.est.5c05684,Not stated by publisher,"Row with id = 667 in the ""Database"" sheet of the freely downloadable Supporting Information (SI) at the DOI above.","Yang, D. et al. Urban buildings material intensity in China from 1949 to 2015. Resour. Conserv. Recycl. 159, 104824 (2020)."
N-668,Liu et al. (2025),https://doi.org/10.1021/acs.est.5c05684,Not stated by publisher,"Row with id = 668 in the ""Database"" sheet of the freely downloadable Supporting Information (SI) at the DOI above.","Yang, D. et al. Urban buildings material intensity in China from 1949 to 2015. Resour. Conserv. Recycl. 159, 104824 (2020)."
N-669,Liu et al. (2025),https://doi.org/10.1021/acs.est.5c05684,Not stated by publisher,"Row with id = 669 in the ""Database"" sheet of the freely downloadable Supporting Information (SI) at the DOI above.","Yang, D. et al. Urban buildings material intensity in China from 1949 to 2015. Resour. Conserv. Recycl. 159, 104824 (2020)."
N-670,Liu et al. (2025),https://doi.org/10.1021/acs.est.5c05684,Not stated by publisher,"Row with id = 670 in the ""Database"" sheet of the freely downloadable Supporting Information (SI) at the DOI above.","Yang, D. et al. Urban buildings material intensity in China from 1949 to 2015. Resour. Conserv. Recycl. 159, 104824 (2020)."
N-671,Liu et al. (2025),https://doi.org/10.1021/acs.est.5c05684,Not stated by publisher,"Row with id = 671 in the ""Database"" sheet of the freely downloadable Supporting Information (SI) at the DOI above.","Yang, D. et al. Urban buildings material intensity in China from 1949 to 2015. Resour. Conserv. Recycl. 159, 104824 (2020)."
N-672,Liu et al. (2025),https://doi.org/10.1021/acs.est.5c05684,Not stated by publisher,"Row with id = 672 in the ""Database"" sheet of the freely downloadable Supporting Information (SI) at the DOI above.","Yang, D. et al. Urban buildings material intensity in China from 1949 to 2015. Resour. Conserv. Recycl. 159, 104824 (2020)."
N-673,Liu et al. (2025),https://doi.org/10.1021/acs.est.5c05684,Not stated by publisher,"Row with id = 673 in the ""Database"" sheet of the freely downloadable Supporting Information (SI) at the DOI above.","Yang, D. et al. Urban buildings material intensity in China from 1949 to 2015. Resour. Conserv. Recycl. 159, 104824 (2020)."
N-674,Liu et al. (2025),https://doi.org/10.1021/acs.est.5c05684,Not stated by publisher,"Row with id = 674 in the ""Database"" sheet of the freely downloadable Supporting Information (SI) at the DOI above.","Yang, D. et al. Urban buildings material intensity in China from 1949 to 2015. Resour. Conserv. Recycl. 159, 104824 (2020)."
N-675,Liu et al. (2025),https://doi.org/10.1021/acs.est.5c05684,Not stated by publisher,"Row with id = 675 in the ""Database"" sheet of the freely downloadable Supporting Information (SI) at the DOI above.","Yang, D. et al. Urban buildings material intensity in China from 1949 to 2015. Resour. Conserv. Recycl. 159, 104824 (2020)."
N-676,Liu et al. (2025),https://doi.org/10.1021/acs.est.5c05684,Not stated by publisher,"Row with id = 676 in the ""Database"" sheet of the freely downloadable Supporting Information (SI) at the DOI above.","Yang, D. et al. Urban buildings material intensity in China from 1949 to 2015. Resour. Conserv. Recycl. 159, 104824 (2020)."
N-677,Liu et al. (2025),https://doi.org/10.1021/acs.est.5c05684,Not stated by publisher,"Row with id = 677 in the ""Database"" sheet of the freely downloadable Supporting Information (SI) at the DOI above.","Yang, D. et al. Urban buildings material intensity in China from 1949 to 2015. Resour. Conserv. Recycl. 159, 104824 (2020)."
N-678,Liu et al. (2025),https://doi.org/10.1021/acs.est.5c05684,Not stated by publisher,"Row with id = 678 in the ""Database"" sheet of the freely downloadable Supporting Information (SI) at the DOI above.","Yang, D. et al. Urban buildings material intensity in China from 1949 to 2015. Resour. Conserv. Recycl. 159, 104824 (2020)."
N-679,Liu et al. (2025),https://doi.org/10.1021/acs.est.5c05684,Not stated by publisher,"Row with id = 679 in the ""Database"" sheet of the freely downloadable Supporting Information (SI) at the DOI above.","Yang, D. et al. Urban buildings material intensity in China from 1949 to 2015. Resour. Conserv. Recycl. 159, 104824 (2020)."
N-680,Liu et al. (2025),https://doi.org/10.1021/acs.est.5c05684,Not stated by publisher,"Row with id = 680 in the ""Database"" sheet of the freely downloadable Supporting Information (SI) at the DOI above.","Yang, D. et al. Urban buildings material intensity in China from 1949 to 2015. Resour. Conserv. Recycl. 159, 104824 (2020)."
N-681,Liu et al. (2025),https://doi.org/10.1021/acs.est.5c05684,Not stated by publisher,"Row with id = 681 in the ""Database"" sheet of the freely downloadable Supporting Information (SI) at the DOI above.","Yang, D. et al. Urban buildings material intensity in China from 1949 to 2015. Resour. Conserv. Recycl. 159, 104824 (2020)."
N-682,Liu et al. (2025),https://doi.org/10.1021/acs.est.5c05684,Not stated by publisher,"Row with id = 682 in the ""Database"" sheet of the freely downloadable Supporting Information (SI) at the DOI above.","Yang, D. et al. Urban buildings material intensity in China from 1949 to 2015. Resour. Conserv. Recycl. 159, 104824 (2020)."
N-683,Liu et al. (2025),https://doi.org/10.1021/acs.est.5c05684,Not stated by publisher,"Row with id = 683 in the ""Database"" sheet of the freely downloadable Supporting Information (SI) at the DOI above.","Yang, D. et al. Urban buildings material intensity in China from 1949 to 2015. Resour. Conserv. Recycl. 159, 104824 (2020)."
N-684,Liu et al. (2025),https://doi.org/10.1021/acs.est.5c05684,Not stated by publisher,"Row with id = 684 in the ""Database"" sheet of the freely downloadable Supporting Information (SI) at the DOI above.","Yang, D. et al. Urban buildings material intensity in China from 1949 to 2015. Resour. Conserv. Recycl. 159, 104824 (2020)."
N-685,Liu et al. (2025),https://doi.org/10.1021/acs.est.5c05684,Not stated by publisher,"Row with id = 685 in the ""Database"" sheet of the freely downloadable Supporting Information (SI) at the DOI above.","Yang, D. et al. Urban buildings material intensity in China from 1949 to 2015. Resour. Conserv. Recycl. 159, 104824 (2020)."
N-686,Liu et al. (2025),https://doi.org/10.1021/acs.est.5c05684,Not stated by publisher,"Row with id = 686 in the ""Database"" sheet of the freely downloadable Supporting Information (SI) at the DOI above.","Yang, D. et al. Urban buildings material intensity in China from 1949 to 2015. Resour. Conserv. Recycl. 159, 104824 (2020)."
N-687,Liu et al. (2025),https://doi.org/10.1021/acs.est.5c05684,Not stated by publisher,"Row with id = 687 in the ""Database"" sheet of the freely downloadable Supporting Information (SI) at the DOI above.","Yang, D. et al. Urban buildings material intensity in China from 1949 to 2015. Resour. Conserv. Recycl. 159, 104824 (2020)."
N-688,Liu et al. (2025),https://doi.org/10.1021/acs.est.5c05684,Not stated by publisher,"Row with id = 688 in the ""Database"" sheet of the freely downloadable Supporting Information (SI) at the DOI above.","Yang, D. et al. Urban buildings material intensity in China from 1949 to 2015. Resour. Conserv. Recycl. 159, 104824 (2020)."
N-689,Liu et al. (2025),https://doi.org/10.1021/acs.est.5c05684,Not stated by publisher,"Row with id = 689 in the ""Database"" sheet of the freely downloadable Supporting Information (SI) at the DOI above.","Yang, D. et al. Urban buildings material intensity in China from 1949 to 2015. Resour. Conserv. Recycl. 159, 104824 (2020)."
N-690,Liu et al. (2025),https://doi.org/10.1021/acs.est.5c05684,Not stated by publisher,"Row with id = 690 in the ""Database"" sheet of the freely downloadable Supporting Information (SI) at the DOI above.","Yang, D. et al. Urban buildings material intensity in China from 1949 to 2015. Resour. Conserv. Recycl. 159, 104824 (2020)."
N-691,Liu et al. (2025),https://doi.org/10.1021/acs.est.5c05684,Not stated by publisher,"Row with id = 691 in the ""Database"" sheet of the freely downloadable Supporting Information (SI) at the DOI above.","Yang, D. et al. Urban buildings material intensity in China from 1949 to 2015. Resour. Conserv. Recycl. 159, 104824 (2020)."
N-692,Liu et al. (2025),https://doi.org/10.1021/acs.est.5c05684,Not stated by publisher,"Row with id = 692 in the ""Database"" sheet of the freely downloadable Supporting Information (SI) at the DOI above.","Yang, D. et al. Urban buildings material intensity in China from 1949 to 2015. Resour. Conserv. Recycl. 159, 104824 (2020)."
N-693,Liu et al. (2025),https://doi.org/10.1021/acs.est.5c05684,Not stated by publisher,"Row with id = 693 in the ""Database"" sheet of the freely downloadable Supporting Information (SI) at the DOI above.","Yang, D. et al. Urban buildings material intensity in China from 1949 to 2015. Resour. Conserv. Recycl. 159, 104824 (2020)."
N-694,Liu et al. (2025),https://doi.org/10.1021/acs.est.5c05684,Not stated by publisher,"Row with id = 694 in the ""Database"" sheet of the freely downloadable Supporting Information (SI) at the DOI above.","Yang, D. et al. Urban buildings material intensity in China from 1949 to 2015. Resour. Conserv. Recycl. 159, 104824 (2020)."
N-695,Liu et al. (2025),https://doi.org/10.1021/acs.est.5c05684,Not stated by publisher,"Row with id = 695 in the ""Database"" sheet of the freely downloadable Supporting Information (SI) at the DOI above.","Yang, D. et al. Urban buildings material intensity in China from 1949 to 2015. Resour. Conserv. Recycl. 159, 104824 (2020)."
N-696,Liu et al. (2025),https://doi.org/10.1021/acs.est.5c05684,Not stated by publisher,"Row with id = 696 in the ""Database"" sheet of the freely downloadable Supporting Information (SI) at the DOI above.","Yang, D. et al. Urban buildings material intensity in China from 1949 to 2015. Resour. Conserv. Recycl. 159, 104824 (2020)."
N-697,Liu et al. (2025),https://doi.org/10.1021/acs.est.5c05684,Not stated by publisher,"Row with id = 697 in the ""Database"" sheet of the freely downloadable Supporting Information (SI) at the DOI above.","Yang, D. et al. Urban buildings material intensity in China from 1949 to 2015. Resour. Conserv. Recycl. 159, 104824 (2020)."
N-698,Liu et al. (2025),https://doi.org/10.1021/acs.est.5c05684,Not stated by publisher,"Row with id = 698 in the ""Database"" sheet of the freely downloadable Supporting Information (SI) at the DOI above.","Yang, D. et al. Urban buildings material intensity in China from 1949 to 2015. Resour. Conserv. Recycl. 159, 104824 (2020)."
N-699,Liu et al. (2025),https://doi.org/10.1021/acs.est.5c05684,Not stated by publisher,"Row with id = 699 in the ""Database"" sheet of the freely downloadable Supporting Information (SI) at the DOI above.","Yang, D. et al. Urban buildings material intensity in China from 1949 to 2015. Resour. Conserv. Recycl. 159, 104824 (2020)."
N-700,Liu et al. (2025),https://doi.org/10.1021/acs.est.5c05684,Not stated by publisher,"Row with id = 700 in the ""Database"" sheet of the freely downloadable Supporting Information (SI) at the DOI above.","Yang, D. et al. Urban buildings material intensity in China from 1949 to 2015. Resour. Conserv. Recycl. 159, 104824 (2020)."
N-701,Liu et al. (2025),https://doi.org/10.1021/acs.est.5c05684,Not stated by publisher,"Row with id = 701 in the ""Database"" sheet of the freely downloadable Supporting Information (SI) at the DOI above.","Yang, D. et al. Urban buildings material intensity in China from 1949 to 2015. Resour. Conserv. Recycl. 159, 104824 (2020)."
N-702,Liu et al. (2025),https://doi.org/10.1021/acs.est.5c05684,Not stated by publisher,"Row with id = 702 in the ""Database"" sheet of the freely downloadable Supporting Information (SI) at the DOI above.","Yang, D. et al. Urban buildings material intensity in China from 1949 to 2015. Resour. Conserv. Recycl. 159, 104824 (2020)."
N-703,Liu et al. (2025),https://doi.org/10.1021/acs.est.5c05684,Not stated by publisher,"Row with id = 703 in the ""Database"" sheet of the freely downloadable Supporting Information (SI) at the DOI above.","Yang, D. et al. Urban buildings material intensity in China from 1949 to 2015. Resour. Conserv. Recycl. 159, 104824 (2020)."
N-704,Liu et al. (2025),https://doi.org/10.1021/acs.est.5c05684,Not stated by publisher,"Row with id = 704 in the ""Database"" sheet of the freely downloadable Supporting Information (SI) at the DOI above.","Yang, D. et al. Urban buildings material intensity in China from 1949 to 2015. Resour. Conserv. Recycl. 159, 104824 (2020)."
N-705,Liu et al. (2025),https://doi.org/10.1021/acs.est.5c05684,Not stated by publisher,"Row with id = 705 in the ""Database"" sheet of the freely downloadable Supporting Information (SI) at the DOI above.","Yang, D. et al. Urban buildings material intensity in China from 1949 to 2015. Resour. Conserv. Recycl. 159, 104824 (2020)."
N-706,Liu et al. (2025),https://doi.org/10.1021/acs.est.5c05684,Not stated by publisher,"Row with id = 706 in the ""Database"" sheet of the freely downloadable Supporting Information (SI) at the DOI above.","Yang, D. et al. Urban buildings material intensity in China from 1949 to 2015. Resour. Conserv. Recycl. 159, 104824 (2020)."
N-707,Liu et al. (2025),https://doi.org/10.1021/acs.est.5c05684,Not stated by publisher,"Row with id = 707 in the ""Database"" sheet of the freely downloadable Supporting Information (SI) at the DOI above.","Yang, D. et al. Urban buildings material intensity in China from 1949 to 2015. Resour. Conserv. Recycl. 159, 104824 (2020)."
N-708,Liu et al. (2025),https://doi.org/10.1021/acs.est.5c05684,Not stated by publisher,"Row with id = 708 in the ""Database"" sheet of the freely downloadable Supporting Information (SI) at the DOI above.","Yang, D. et al. Urban buildings material intensity in China from 1949 to 2015. Resour. Conserv. Recycl. 159, 104824 (2020)."
N-709,Liu et al. (2025),https://doi.org/10.1021/acs.est.5c05684,Not stated by publisher,"Row with id = 709 in the ""Database"" sheet of the freely downloadable Supporting Information (SI) at the DOI above.","Yang, D. et al. Urban buildings material intensity in China from 1949 to 2015. Resour. Conserv. Recycl. 159, 104824 (2020)."
N-710,Liu et al. (2025),https://doi.org/10.1021/acs.est.5c05684,Not stated by publisher,"Row with id = 710 in the ""Database"" sheet of the freely downloadable Supporting Information (SI) at the DOI above.","Yang, D. et al. Urban buildings material intensity in China from 1949 to 2015. Resour. Conserv. Recycl. 159, 104824 (2020)."
N-711,Liu et al. (2025),https://doi.org/10.1021/acs.est.5c05684,Not stated by publisher,"Row with id = 711 in the ""Database"" sheet of the freely downloadable Supporting Information (SI) at the DOI above.","Yang, D. et al. Urban buildings material intensity in China from 1949 to 2015. Resour. Conserv. Recycl. 159, 104824 (2020)."
N-712,Liu et al. (2025),https://doi.org/10.1021/acs.est.5c05684,Not stated by publisher,"Row with id = 712 in the ""Database"" sheet of the freely downloadable Supporting Information (SI) at the DOI above.","Yang, D. et al. Urban buildings material intensity in China from 1949 to 2015. Resour. Conserv. Recycl. 159, 104824 (2020)."
N-713,Liu et al. (2025),https://doi.org/10.1021/acs.est.5c05684,Not stated by publisher,"Row with id = 713 in the ""Database"" sheet of the freely downloadable Supporting Information (SI) at the DOI above.","Yang, D. et al. Urban buildings material intensity in China from 1949 to 2015. Resour. Conserv. Recycl. 159, 104824 (2020)."
N-714,Liu et al. (2025),https://doi.org/10.1021/acs.est.5c05684,Not stated by publisher,"Row with id = 714 in the ""Database"" sheet of the freely downloadable Supporting Information (SI) at the DOI above.","Yang, D. et al. Urban buildings material intensity in China from 1949 to 2015. Resour. Conserv. Recycl. 159, 104824 (2020)."
N-715,Liu et al. (2025),https://doi.org/10.1021/acs.est.5c05684,Not stated by publisher,"Row with id = 715 in the ""Database"" sheet of the freely downloadable Supporting Information (SI) at the DOI above.","Yang, D. et al. Urban buildings material intensity in China from 1949 to 2015. Resour. Conserv. Recycl. 159, 104824 (2020)."
N-716,Liu et al. (2025),https://doi.org/10.1021/acs.est.5c05684,Not stated by publisher,"Row with id = 716 in the ""Database"" sheet of the freely downloadable Supporting Information (SI) at the DOI above.","Yang, D. et al. Urban buildings material intensity in China from 1949 to 2015. Resour. Conserv. Recycl. 159, 104824 (2020)."
N-717,Liu et al. (2025),https://doi.org/10.1021/acs.est.5c05684,Not stated by publisher,"Row with id = 717 in the ""Database"" sheet of the freely downloadable Supporting Information (SI) at the DOI above.","Yang, D. et al. Urban buildings material intensity in China from 1949 to 2015. Resour. Conserv. Recycl. 159, 104824 (2020)."
N-718,Liu et al. (2025),https://doi.org/10.1021/acs.est.5c05684,Not stated by publisher,"Row with id = 718 in the ""Database"" sheet of the freely downloadable Supporting Information (SI) at the DOI above.","Yang, D. et al. Urban buildings material intensity in China from 1949 to 2015. Resour. Conserv. Recycl. 159, 104824 (2020)."
N-719,Liu et al. (2025),https://doi.org/10.1021/acs.est.5c05684,Not stated by publisher,"Row with id = 719 in the ""Database"" sheet of the freely downloadable Supporting Information (SI) at the DOI above.","Yang, D. et al. Urban buildings material intensity in China from 1949 to 2015. Resour. Conserv. Recycl. 159, 104824 (2020)."
N-720,Liu et al. (2025),https://doi.org/10.1021/acs.est.5c05684,Not stated by publisher,"Row with id = 720 in the ""Database"" sheet of the freely downloadable Supporting Information (SI) at the DOI above.","Yang, D. et al. Urban buildings material intensity in China from 1949 to 2015. Resour. Conserv. Recycl. 159, 104824 (2020)."
N-721,Liu et al. (2025),https://doi.org/10.1021/acs.est.5c05684,Not stated by publisher,"Row with id = 721 in the ""Database"" sheet of the freely downloadable Supporting Information (SI) at the DOI above.","Yang, D. et al. Urban buildings material intensity in China from 1949 to 2015. Resour. Conserv. Recycl. 159, 104824 (2020)."
N-722,Liu et al. (2025),https://doi.org/10.1021/acs.est.5c05684,Not stated by publisher,"Row with id = 722 in the ""Database"" sheet of the freely downloadable Supporting Information (SI) at the DOI above.","Yang, D. et al. Urban buildings material intensity in China from 1949 to 2015. Resour. Conserv. Recycl. 159, 104824 (2020)."
N-723,Liu et al. (2025),https://doi.org/10.1021/acs.est.5c05684,Not stated by publisher,"Row with id = 723 in the ""Database"" sheet of the freely downloadable Supporting Information (SI) at the DOI above.","Yang, D. et al. Urban buildings material intensity in China from 1949 to 2015. Resour. Conserv. Recycl. 159, 104824 (2020)."
N-724,Liu et al. (2025),https://doi.org/10.1021/acs.est.5c05684,Not stated by publisher,"Row with id = 724 in the ""Database"" sheet of the freely downloadable Supporting Information (SI) at the DOI above.","Yang, D. et al. Urban buildings material intensity in China from 1949 to 2015. Resour. Conserv. Recycl. 159, 104824 (2020)."
N-725,Liu et al. (2025),https://doi.org/10.1021/acs.est.5c05684,Not stated by publisher,"Row with id = 725 in the ""Database"" sheet of the freely downloadable Supporting Information (SI) at the DOI above.","Yang, D. et al. Urban buildings material intensity in China from 1949 to 2015. Resour. Conserv. Recycl. 159, 104824 (2020)."
N-726,Liu et al. (2025),https://doi.org/10.1021/acs.est.5c05684,Not stated by publisher,"Row with id = 726 in the ""Database"" sheet of the freely downloadable Supporting Information (SI) at the DOI above.","Yang, D. et al. Urban buildings material intensity in China from 1949 to 2015. Resour. Conserv. Recycl. 159, 104824 (2020)."
N-727,Liu et al. (2025),https://doi.org/10.1021/acs.est.5c05684,Not stated by publisher,"Row with id = 727 in the ""Database"" sheet of the freely downloadable Supporting Information (SI) at the DOI above.","Yang, D. et al. Urban buildings material intensity in China from 1949 to 2015. Resour. Conserv. Recycl. 159, 104824 (2020)."
N-728,Liu et al. (2025),https://doi.org/10.1021/acs.est.5c05684,Not stated by publisher,"Row with id = 728 in the ""Database"" sheet of the freely downloadable Supporting Information (SI) at the DOI above.","Yang, D. et al. Urban buildings material intensity in China from 1949 to 2015. Resour. Conserv. Recycl. 159, 104824 (2020)."
N-729,Liu et al. (2025),https://doi.org/10.1021/acs.est.5c05684,Not stated by publisher,"Row with id = 729 in the ""Database"" sheet of the freely downloadable Supporting Information (SI) at the DOI above.","Yang, D. et al. Urban buildings material intensity in China from 1949 to 2015. Resour. Conserv. Recycl. 159, 104824 (2020)."
N-730,Liu et al. (2025),https://doi.org/10.1021/acs.est.5c05684,Not stated by publisher,"Row with id = 730 in the ""Database"" sheet of the freely downloadable Supporting Information (SI) at the DOI above.","Yang, D. et al. Urban buildings material intensity in China from 1949 to 2015. Resour. Conserv. Recycl. 159, 104824 (2020)."
N-731,Liu et al. (2025),https://doi.org/10.1021/acs.est.5c05684,Not stated by publisher,"Row with id = 731 in the ""Database"" sheet of the freely downloadable Supporting Information (SI) at the DOI above.","Yang, D. et al. Urban buildings material intensity in China from 1949 to 2015. Resour. Conserv. Recycl. 159, 104824 (2020)."
N-732,Liu et al. (2025),https://doi.org/10.1021/acs.est.5c05684,Not stated by publisher,"Row with id = 732 in the ""Database"" sheet of the freely downloadable Supporting Information (SI) at the DOI above.","Yang, D. et al. Urban buildings material intensity in China from 1949 to 2015. Resour. Conserv. Recycl. 159, 104824 (2020)."
N-733,Liu et al. (2025),https://doi.org/10.1021/acs.est.5c05684,Not stated by publisher,"Row with id = 733 in the ""Database"" sheet of the freely downloadable Supporting Information (SI) at the DOI above.","Yang, D. et al. Urban buildings material intensity in China from 1949 to 2015. Resour. Conserv. Recycl. 159, 104824 (2020)."
N-734,Liu et al. (2025),https://doi.org/10.1021/acs.est.5c05684,Not stated by publisher,"Row with id = 734 in the ""Database"" sheet of the freely downloadable Supporting Information (SI) at the DOI above.","Yang, D. et al. Urban buildings material intensity in China from 1949 to 2015. Resour. Conserv. Recycl. 159, 104824 (2020)."
N-735,Liu et al. (2025),https://doi.org/10.1021/acs.est.5c05684,Not stated by publisher,"Row with id = 735 in the ""Database"" sheet of the freely downloadable Supporting Information (SI) at the DOI above.","Yang, D. et al. Urban buildings material intensity in China from 1949 to 2015. Resour. Conserv. Recycl. 159, 104824 (2020)."
N-736,Liu et al. (2025),https://doi.org/10.1021/acs.est.5c05684,Not stated by publisher,"Row with id = 736 in the ""Database"" sheet of the freely downloadable Supporting Information (SI) at the DOI above.","Yang, D. et al. Urban buildings material intensity in China from 1949 to 2015. Resour. Conserv. Recycl. 159, 104824 (2020)."
N-737,Liu et al. (2025),https://doi.org/10.1021/acs.est.5c05684,Not stated by publisher,"Row with id = 737 in the ""Database"" sheet of the freely downloadable Supporting Information (SI) at the DOI above.","Yang, D. et al. Urban buildings material intensity in China from 1949 to 2015. Resour. Conserv. Recycl. 159, 104824 (2020)."
N-738,Liu et al. (2025),https://doi.org/10.1021/acs.est.5c05684,Not stated by publisher,"Row with id = 738 in the ""Database"" sheet of the freely downloadable Supporting Information (SI) at the DOI above.","Yang, D. et al. Urban buildings material intensity in China from 1949 to 2015. Resour. Conserv. Recycl. 159, 104824 (2020)."
N-739,Liu et al. (2025),https://doi.org/10.1021/acs.est.5c05684,Not stated by publisher,"Row with id = 739 in the ""Database"" sheet of the freely downloadable Supporting Information (SI) at the DOI above.","Yang, D. et al. Urban buildings material intensity in China from 1949 to 2015. Resour. Conserv. Recycl. 159, 104824 (2020)."
N-740,Liu et al. (2025),https://doi.org/10.1021/acs.est.5c05684,Not stated by publisher,"Row with id = 740 in the ""Database"" sheet of the freely downloadable Supporting Information (SI) at the DOI above.","Yang, D. et al. Urban buildings material intensity in China from 1949 to 2015. Resour. Conserv. Recycl. 159, 104824 (2020)."
N-741,Liu et al. (2025),https://doi.org/10.1021/acs.est.5c05684,Not stated by publisher,"Row with id = 741 in the ""Database"" sheet of the freely downloadable Supporting Information (SI) at the DOI above.","Yang, D. et al. Urban buildings material intensity in China from 1949 to 2015. Resour. Conserv. Recycl. 159, 104824 (2020)."
N-742,Liu et al. (2025),https://doi.org/10.1021/acs.est.5c05684,Not stated by publisher,"Row with id = 742 in the ""Database"" sheet of the freely downloadable Supporting Information (SI) at the DOI above.","Yang, D. et al. Urban buildings material intensity in China from 1949 to 2015. Resour. Conserv. Recycl. 159, 104824 (2020)."
N-743,Liu et al. (2025),https://doi.org/10.1021/acs.est.5c05684,Not stated by publisher,"Row with id = 743 in the ""Database"" sheet of the freely downloadable Supporting Information (SI) at the DOI above.","Yang, D. et al. Urban buildings material intensity in China from 1949 to 2015. Resour. Conserv. Recycl. 159, 104824 (2020)."
N-744,Liu et al. (2025),https://doi.org/10.1021/acs.est.5c05684,Not stated by publisher,"Row with id = 744 in the ""Database"" sheet of the freely downloadable Supporting Information (SI) at the DOI above.","Yang, D. et al. Urban buildings material intensity in China from 1949 to 2015. Resour. Conserv. Recycl. 159, 104824 (2020)."
N-745,Liu et al. (2025),https://doi.org/10.1021/acs.est.5c05684,Not stated by publisher,"Row with id = 745 in the ""Database"" sheet of the freely downloadable Supporting Information (SI) at the DOI above.","Yang, D. et al. Urban buildings material intensity in China from 1949 to 2015. Resour. Conserv. Recycl. 159, 104824 (2020)."
N-746,Liu et al. (2025),https://doi.org/10.1021/acs.est.5c05684,Not stated by publisher,"Row with id = 746 in the ""Database"" sheet of the freely downloadable Supporting Information (SI) at the DOI above.","Yang, D. et al. Urban buildings material intensity in China from 1949 to 2015. Resour. Conserv. Recycl. 159, 104824 (2020)."
N-747,Liu et al. (2025),https://doi.org/10.1021/acs.est.5c05684,Not stated by publisher,"Row with id = 747 in the ""Database"" sheet of the freely downloadable Supporting Information (SI) at the DOI above.","Yang, D. et al. Urban buildings material intensity in China from 1949 to 2015. Resour. Conserv. Recycl. 159, 104824 (2020)."
N-748,Liu et al. (2025),https://doi.org/10.1021/acs.est.5c05684,Not stated by publisher,"Row with id = 748 in the ""Database"" sheet of the freely downloadable Supporting Information (SI) at the DOI above.","Yang, D. et al. Urban buildings material intensity in China from 1949 to 2015. Resour. Conserv. Recycl. 159, 104824 (2020)."
N-749,Liu et al. (2025),https://doi.org/10.1021/acs.est.5c05684,Not stated by publisher,"Row with id = 749 in the ""Database"" sheet of the freely downloadable Supporting Information (SI) at the DOI above.","Yang, D. et al. Urban buildings material intensity in China from 1949 to 2015. Resour. Conserv. Recycl. 159, 104824 (2020)."
N-750,Liu et al. (2025),https://doi.org/10.1021/acs.est.5c05684,Not stated by publisher,"Row with id = 750 in the ""Database"" sheet of the freely downloadable Supporting Information (SI) at the DOI above.","Yang, D. et al. Urban buildings material intensity in China from 1949 to 2015. Resour. Conserv. Recycl. 159, 104824 (2020)."
N-751,Liu et al. (2025),https://doi.org/10.1021/acs.est.5c05684,Not stated by publisher,"Row with id = 751 in the ""Database"" sheet of the freely downloadable Supporting Information (SI) at the DOI above.","Yang, D. et al. Urban buildings material intensity in China from 1949 to 2015. Resour. Conserv. Recycl. 159, 104824 (2020)."
N-752,Liu et al. (2025),https://doi.org/10.1021/acs.est.5c05684,Not stated by publisher,"Row with id = 752 in the ""Database"" sheet of the freely downloadable Supporting Information (SI) at the DOI above.","Yang, D. et al. Urban buildings material intensity in China from 1949 to 2015. Resour. Conserv. Recycl. 159, 104824 (2020)."
N-753,Liu et al. (2025),https://doi.org/10.1021/acs.est.5c05684,Not stated by publisher,"Row with id = 753 in the ""Database"" sheet of the freely downloadable Supporting Information (SI) at the DOI above.","Yang, D. et al. Urban buildings material intensity in China from 1949 to 2015. Resour. Conserv. Recycl. 159, 104824 (2020)."
N-754,Liu et al. (2025),https://doi.org/10.1021/acs.est.5c05684,Not stated by publisher,"Row with id = 754 in the ""Database"" sheet of the freely downloadable Supporting Information (SI) at the DOI above.","Yang, D. et al. Urban buildings material intensity in China from 1949 to 2015. Resour. Conserv. Recycl. 159, 104824 (2020)."
N-755,Liu et al. (2025),https://doi.org/10.1021/acs.est.5c05684,Not stated by publisher,"Row with id = 755 in the ""Database"" sheet of the freely downloadable Supporting Information (SI) at the DOI above.","Yang, D. et al. Urban buildings material intensity in China from 1949 to 2015. Resour. Conserv. Recycl. 159, 104824 (2020)."
N-756,Liu et al. (2025),https://doi.org/10.1021/acs.est.5c05684,Not stated by publisher,"Row with id = 756 in the ""Database"" sheet of the freely downloadable Supporting Information (SI) at the DOI above.","Yang, D. et al. Urban buildings material intensity in China from 1949 to 2015. Resour. Conserv. Recycl. 159, 104824 (2020)."
N-757,Liu et al. (2025),https://doi.org/10.1021/acs.est.5c05684,Not stated by publisher,"Row with id = 757 in the ""Database"" sheet of the freely downloadable Supporting Information (SI) at the DOI above.","Yang, D. et al. Urban buildings material intensity in China from 1949 to 2015. Resour. Conserv. Recycl. 159, 104824 (2020)."
N-758,Liu et al. (2025),https://doi.org/10.1021/acs.est.5c05684,Not stated by publisher,"Row with id = 758 in the ""Database"" sheet of the freely downloadable Supporting Information (SI) at the DOI above.","Yang, D. et al. Urban buildings material intensity in China from 1949 to 2015. Resour. Conserv. Recycl. 159, 104824 (2020)."
N-759,Liu et al. (2025),https://doi.org/10.1021/acs.est.5c05684,Not stated by publisher,"Row with id = 759 in the ""Database"" sheet of the freely downloadable Supporting Information (SI) at the DOI above.","Yang, D. et al. Urban buildings material intensity in China from 1949 to 2015. Resour. Conserv. Recycl. 159, 104824 (2020)."
N-760,Liu et al. (2025),https://doi.org/10.1021/acs.est.5c05684,Not stated by publisher,"Row with id = 760 in the ""Database"" sheet of the freely downloadable Supporting Information (SI) at the DOI above.","Yang, D. et al. Urban buildings material intensity in China from 1949 to 2015. Resour. Conserv. Recycl. 159, 104824 (2020)."
N-761,Liu et al. (2025),https://doi.org/10.1021/acs.est.5c05684,Not stated by publisher,"Row with id = 761 in the ""Database"" sheet of the freely downloadable Supporting Information (SI) at the DOI above.","Yang, D. et al. Urban buildings material intensity in China from 1949 to 2015. Resour. Conserv. Recycl. 159, 104824 (2020)."
N-762,Liu et al. (2025),https://doi.org/10.1021/acs.est.5c05684,Not stated by publisher,"Row with id = 762 in the ""Database"" sheet of the freely downloadable Supporting Information (SI) at the DOI above.","Yang, D. et al. Urban buildings material intensity in China from 1949 to 2015. Resour. Conserv. Recycl. 159, 104824 (2020)."
N-763,Liu et al. (2025),https://doi.org/10.1021/acs.est.5c05684,Not stated by publisher,"Row with id = 763 in the ""Database"" sheet of the freely downloadable Supporting Information (SI) at the DOI above.","Yang, D. et al. Urban buildings material intensity in China from 1949 to 2015. Resour. Conserv. Recycl. 159, 104824 (2020)."
N-764,Liu et al. (2025),https://doi.org/10.1021/acs.est.5c05684,Not stated by publisher,"Row with id = 764 in the ""Database"" sheet of the freely downloadable Supporting Information (SI) at the DOI above.","Yang, D. et al. Urban buildings material intensity in China from 1949 to 2015. Resour. Conserv. Recycl. 159, 104824 (2020)."
N-765,Liu et al. (2025),https://doi.org/10.1021/acs.est.5c05684,Not stated by publisher,"Row with id = 765 in the ""Database"" sheet of the freely downloadable Supporting Information (SI) at the DOI above.","Yang, D. et al. Urban buildings material intensity in China from 1949 to 2015. Resour. Conserv. Recycl. 159, 104824 (2020)."
N-766,Liu et al. (2025),https://doi.org/10.1021/acs.est.5c05684,Not stated by publisher,"Row with id = 766 in the ""Database"" sheet of the freely downloadable Supporting Information (SI) at the DOI above.","Yang, D. et al. Urban buildings material intensity in China from 1949 to 2015. Resour. Conserv. Recycl. 159, 104824 (2020)."
N-767,Liu et al. (2025),https://doi.org/10.1021/acs.est.5c05684,Not stated by publisher,"Row with id = 767 in the ""Database"" sheet of the freely downloadable Supporting Information (SI) at the DOI above.","Yang, D. et al. Urban buildings material intensity in China from 1949 to 2015. Resour. Conserv. Recycl. 159, 104824 (2020)."
N-768,Liu et al. (2025),https://doi.org/10.1021/acs.est.5c05684,Not stated by publisher,"Row with id = 768 in the ""Database"" sheet of the freely downloadable Supporting Information (SI) at the DOI above.","Yang, D. et al. Urban buildings material intensity in China from 1949 to 2015. Resour. Conserv. Recycl. 159, 104824 (2020)."
N-769,Liu et al. (2025),https://doi.org/10.1021/acs.est.5c05684,Not stated by publisher,"Row with id = 769 in the ""Database"" sheet of the freely downloadable Supporting Information (SI) at the DOI above.","Yang, D. et al. Urban buildings material intensity in China from 1949 to 2015. Resour. Conserv. Recycl. 159, 104824 (2020)."
N-770,Liu et al. (2025),https://doi.org/10.1021/acs.est.5c05684,Not stated by publisher,"Row with id = 770 in the ""Database"" sheet of the freely downloadable Supporting Information (SI) at the DOI above.","Yang, D. et al. Urban buildings material intensity in China from 1949 to 2015. Resour. Conserv. Recycl. 159, 104824 (2020)."
N-771,Liu et al. (2025),https://doi.org/10.1021/acs.est.5c05684,Not stated by publisher,"Row with id = 771 in the ""Database"" sheet of the freely downloadable Supporting Information (SI) at the DOI above.","Yang, D. et al. Urban buildings material intensity in China from 1949 to 2015. Resour. Conserv. Recycl. 159, 104824 (2020)."
N-772,Liu et al. (2025),https://doi.org/10.1021/acs.est.5c05684,Not stated by publisher,"Row with id = 772 in the ""Database"" sheet of the freely downloadable Supporting Information (SI) at the DOI above.","Yang, D. et al. Urban buildings material intensity in China from 1949 to 2015. Resour. Conserv. Recycl. 159, 104824 (2020)."
N-773,Liu et al. (2025),https://doi.org/10.1021/acs.est.5c05684,Not stated by publisher,"Row with id = 773 in the ""Database"" sheet of the freely downloadable Supporting Information (SI) at the DOI above.","Yang, D. et al. Urban buildings material intensity in China from 1949 to 2015. Resour. Conserv. Recycl. 159, 104824 (2020)."
N-774,Liu et al. (2025),https://doi.org/10.1021/acs.est.5c05684,Not stated by publisher,"Row with id = 774 in the ""Database"" sheet of the freely downloadable Supporting Information (SI) at the DOI above.","Yang, D. et al. Urban buildings material intensity in China from 1949 to 2015. Resour. Conserv. Recycl. 159, 104824 (2020)."
N-775,Liu et al. (2025),https://doi.org/10.1021/acs.est.5c05684,Not stated by publisher,"Row with id = 775 in the ""Database"" sheet of the freely downloadable Supporting Information (SI) at the DOI above.","Yang, D. et al. Urban buildings material intensity in China from 1949 to 2015. Resour. Conserv. Recycl. 159, 104824 (2020)."
N-776,Liu et al. (2025),https://doi.org/10.1021/acs.est.5c05684,Not stated by publisher,"Row with id = 776 in the ""Database"" sheet of the freely downloadable Supporting Information (SI) at the DOI above.","Yang, D. et al. Urban buildings material intensity in China from 1949 to 2015. Resour. Conserv. Recycl. 159, 104824 (2020)."
N-777,Liu et al. (2025),https://doi.org/10.1021/acs.est.5c05684,Not stated by publisher,"Row with id = 777 in the ""Database"" sheet of the freely downloadable Supporting Information (SI) at the DOI above.","Yang, D. et al. Urban buildings material intensity in China from 1949 to 2015. Resour. Conserv. Recycl. 159, 104824 (2020)."
N-778,Liu et al. (2025),https://doi.org/10.1021/acs.est.5c05684,Not stated by publisher,"Row with id = 778 in the ""Database"" sheet of the freely downloadable Supporting Information (SI) at the DOI above.","Yang, D. et al. Urban buildings material intensity in China from 1949 to 2015. Resour. Conserv. Recycl. 159, 104824 (2020)."
N-779,Liu et al. (2025),https://doi.org/10.1021/acs.est.5c05684,Not stated by publisher,"Row with id = 779 in the ""Database"" sheet of the freely downloadable Supporting Information (SI) at the DOI above.","Yang, D. et al. Urban buildings material intensity in China from 1949 to 2015. Resour. Conserv. Recycl. 159, 104824 (2020)."
N-780,Liu et al. (2025),https://doi.org/10.1021/acs.est.5c05684,Not stated by publisher,"Row with id = 780 in the ""Database"" sheet of the freely downloadable Supporting Information (SI) at the DOI above.","Yang, D. et al. Urban buildings material intensity in China from 1949 to 2015. Resour. Conserv. Recycl. 159, 104824 (2020)."
N-781,Liu et al. (2025),https://doi.org/10.1021/acs.est.5c05684,Not stated by publisher,"Row with id = 781 in the ""Database"" sheet of the freely downloadable Supporting Information (SI) at the DOI above.","Yang, D. et al. Urban buildings material intensity in China from 1949 to 2015. Resour. Conserv. Recycl. 159, 104824 (2020)."
N-782,Liu et al. (2025),https://doi.org/10.1021/acs.est.5c05684,Not stated by publisher,"Row with id = 782 in the ""Database"" sheet of the freely downloadable Supporting Information (SI) at the DOI above.","Yang, D. et al. Urban buildings material intensity in China from 1949 to 2015. Resour. Conserv. Recycl. 159, 104824 (2020)."
N-783,Liu et al. (2025),https://doi.org/10.1021/acs.est.5c05684,Not stated by publisher,"Row with id = 783 in the ""Database"" sheet of the freely downloadable Supporting Information (SI) at the DOI above.","Yang, D. et al. Urban buildings material intensity in China from 1949 to 2015. Resour. Conserv. Recycl. 159, 104824 (2020)."
N-784,Liu et al. (2025),https://doi.org/10.1021/acs.est.5c05684,Not stated by publisher,"Row with id = 784 in the ""Database"" sheet of the freely downloadable Supporting Information (SI) at the DOI above.","Yang, D. et al. Urban buildings material intensity in China from 1949 to 2015. Resour. Conserv. Recycl. 159, 104824 (2020)."
N-785,Liu et al. (2025),https://doi.org/10.1021/acs.est.5c05684,Not stated by publisher,"Row with id = 785 in the ""Database"" sheet of the freely downloadable Supporting Information (SI) at the DOI above.","Yang, D. et al. Urban buildings material intensity in China from 1949 to 2015. Resour. Conserv. Recycl. 159, 104824 (2020)."
N-786,Liu et al. (2025),https://doi.org/10.1021/acs.est.5c05684,Not stated by publisher,"Row with id = 786 in the ""Database"" sheet of the freely downloadable Supporting Information (SI) at the DOI above.","Yang, D. et al. Urban buildings material intensity in China from 1949 to 2015. Resour. Conserv. Recycl. 159, 104824 (2020)."
N-787,Liu et al. (2025),https://doi.org/10.1021/acs.est.5c05684,Not stated by publisher,"Row with id = 787 in the ""Database"" sheet of the freely downloadable Supporting Information (SI) at the DOI above.","Yang, D. et al. Urban buildings material intensity in China from 1949 to 2015. Resour. Conserv. Recycl. 159, 104824 (2020)."
N-788,Liu et al. (2025),https://doi.org/10.1021/acs.est.5c05684,Not stated by publisher,"Row with id = 788 in the ""Database"" sheet of the freely downloadable Supporting Information (SI) at the DOI above.","Yang, D. et al. Urban buildings material intensity in China from 1949 to 2015. Resour. Conserv. Recycl. 159, 104824 (2020)."
N-789,Liu et al. (2025),https://doi.org/10.1021/acs.est.5c05684,Not stated by publisher,"Row with id = 789 in the ""Database"" sheet of the freely downloadable Supporting Information (SI) at the DOI above.","Yang, D. et al. Urban buildings material intensity in China from 1949 to 2015. Resour. Conserv. Recycl. 159, 104824 (2020)."
N-790,Liu et al. (2025),https://doi.org/10.1021/acs.est.5c05684,Not stated by publisher,"Row with id = 790 in the ""Database"" sheet of the freely downloadable Supporting Information (SI) at the DOI above.","Yang, D. et al. Urban buildings material intensity in China from 1949 to 2015. Resour. Conserv. Recycl. 159, 104824 (2020)."
N-791,Liu et al. (2025),https://doi.org/10.1021/acs.est.5c05684,Not stated by publisher,"Row with id = 791 in the ""Database"" sheet of the freely downloadable Supporting Information (SI) at the DOI above.","Yang, D. et al. Urban buildings material intensity in China from 1949 to 2015. Resour. Conserv. Recycl. 159, 104824 (2020)."
N-792,Liu et al. (2025),https://doi.org/10.1021/acs.est.5c05684,Not stated by publisher,"Row with id = 792 in the ""Database"" sheet of the freely downloadable Supporting Information (SI) at the DOI above.","Yang, D. et al. Urban buildings material intensity in China from 1949 to 2015. Resour. Conserv. Recycl. 159, 104824 (2020)."
N-793,Liu et al. (2025),https://doi.org/10.1021/acs.est.5c05684,Not stated by publisher,"Row with id = 793 in the ""Database"" sheet of the freely downloadable Supporting Information (SI) at the DOI above.","Yang, D. et al. Urban buildings material intensity in China from 1949 to 2015. Resour. Conserv. Recycl. 159, 104824 (2020)."
N-794,Liu et al. (2025),https://doi.org/10.1021/acs.est.5c05684,Not stated by publisher,"Row with id = 794 in the ""Database"" sheet of the freely downloadable Supporting Information (SI) at the DOI above.","Yang, D. et al. Urban buildings material intensity in China from 1949 to 2015. Resour. Conserv. Recycl. 159, 104824 (2020)."
N-795,Liu et al. (2025),https://doi.org/10.1021/acs.est.5c05684,Not stated by publisher,"Row with id = 795 in the ""Database"" sheet of the freely downloadable Supporting Information (SI) at the DOI above.","Yang, D. et al. Urban buildings material intensity in China from 1949 to 2015. Resour. Conserv. Recycl. 159, 104824 (2020)."
N-796,Liu et al. (2025),https://doi.org/10.1021/acs.est.5c05684,Not stated by publisher,"Row with id = 796 in the ""Database"" sheet of the freely downloadable Supporting Information (SI) at the DOI above.","Yang, D. et al. Urban buildings material intensity in China from 1949 to 2015. Resour. Conserv. Recycl. 159, 104824 (2020)."
N-797,Liu et al. (2025),https://doi.org/10.1021/acs.est.5c05684,Not stated by publisher,"Row with id = 797 in the ""Database"" sheet of the freely downloadable Supporting Information (SI) at the DOI above.","Yang, D. et al. Urban buildings material intensity in China from 1949 to 2015. Resour. Conserv. Recycl. 159, 104824 (2020)."
N-798,Liu et al. (2025),https://doi.org/10.1021/acs.est.5c05684,Not stated by publisher,"Row with id = 798 in the ""Database"" sheet of the freely downloadable Supporting Information (SI) at the DOI above.","Yang, D. et al. Urban buildings material intensity in China from 1949 to 2015. Resour. Conserv. Recycl. 159, 104824 (2020)."
N-799,Liu et al. (2025),https://doi.org/10.1021/acs.est.5c05684,Not stated by publisher,"Row with id = 799 in the ""Database"" sheet of the freely downloadable Supporting Information (SI) at the DOI above.","Yang, D. et al. Urban buildings material intensity in China from 1949 to 2015. Resour. Conserv. Recycl. 159, 104824 (2020)."
N-800,Liu et al. (2025),https://doi.org/10.1021/acs.est.5c05684,Not stated by publisher,"Row with id = 800 in the ""Database"" sheet of the freely downloadable Supporting Information (SI) at the DOI above.","Yang, D. et al. Urban buildings material intensity in China from 1949 to 2015. Resour. Conserv. Recycl. 159, 104824 (2020)."
N-801,Liu et al. (2025),https://doi.org/10.1021/acs.est.5c05684,Not stated by publisher,"Row with id = 801 in the ""Database"" sheet of the freely downloadable Supporting Information (SI) at the DOI above.","Yang, D. et al. Urban buildings material intensity in China from 1949 to 2015. Resour. Conserv. Recycl. 159, 104824 (2020)."
N-802,Liu et al. (2025),https://doi.org/10.1021/acs.est.5c05684,Not stated by publisher,"Row with id = 802 in the ""Database"" sheet of the freely downloadable Supporting Information (SI) at the DOI above.","Yang, D. et al. Urban buildings material intensity in China from 1949 to 2015. Resour. Conserv. Recycl. 159, 104824 (2020)."
N-803,Liu et al. (2025),https://doi.org/10.1021/acs.est.5c05684,Not stated by publisher,"Row with id = 803 in the ""Database"" sheet of the freely downloadable Supporting Information (SI) at the DOI above.","Yang, D. et al. Urban buildings material intensity in China from 1949 to 2015. Resour. Conserv. Recycl. 159, 104824 (2020)."
N-804,Liu et al. (2025),https://doi.org/10.1021/acs.est.5c05684,Not stated by publisher,"Row with id = 804 in the ""Database"" sheet of the freely downloadable Supporting Information (SI) at the DOI above.","Yang, D. et al. Urban buildings material intensity in China from 1949 to 2015. Resour. Conserv. Recycl. 159, 104824 (2020)."
N-805,Liu et al. (2025),https://doi.org/10.1021/acs.est.5c05684,Not stated by publisher,"Row with id = 805 in the ""Database"" sheet of the freely downloadable Supporting Information (SI) at the DOI above.","Yang, D. et al. Urban buildings material intensity in China from 1949 to 2015. Resour. Conserv. Recycl. 159, 104824 (2020)."
N-806,Liu et al. (2025),https://doi.org/10.1021/acs.est.5c05684,Not stated by publisher,"Row with id = 806 in the ""Database"" sheet of the freely downloadable Supporting Information (SI) at the DOI above.","Yang, D. et al. Urban buildings material intensity in China from 1949 to 2015. Resour. Conserv. Recycl. 159, 104824 (2020)."
N-807,Liu et al. (2025),https://doi.org/10.1021/acs.est.5c05684,Not stated by publisher,"Row with id = 807 in the ""Database"" sheet of the freely downloadable Supporting Information (SI) at the DOI above.","Yang, D. et al. Urban buildings material intensity in China from 1949 to 2015. Resour. Conserv. Recycl. 159, 104824 (2020)."
N-808,Liu et al. (2025),https://doi.org/10.1021/acs.est.5c05684,Not stated by publisher,"Row with id = 808 in the ""Database"" sheet of the freely downloadable Supporting Information (SI) at the DOI above.","Yang, D. et al. Urban buildings material intensity in China from 1949 to 2015. Resour. Conserv. Recycl. 159, 104824 (2020)."
N-809,Liu et al. (2025),https://doi.org/10.1021/acs.est.5c05684,Not stated by publisher,"Row with id = 809 in the ""Database"" sheet of the freely downloadable Supporting Information (SI) at the DOI above.","Yang, D. et al. Urban buildings material intensity in China from 1949 to 2015. Resour. Conserv. Recycl. 159, 104824 (2020)."
N-810,Liu et al. (2025),https://doi.org/10.1021/acs.est.5c05684,Not stated by publisher,"Row with id = 810 in the ""Database"" sheet of the freely downloadable Supporting Information (SI) at the DOI above.","Yang, D. et al. Urban buildings material intensity in China from 1949 to 2015. Resour. Conserv. Recycl. 159, 104824 (2020)."
N-811,Liu et al. (2025),https://doi.org/10.1021/acs.est.5c05684,Not stated by publisher,"Row with id = 811 in the ""Database"" sheet of the freely downloadable Supporting Information (SI) at the DOI above.","Yang, D. et al. Urban buildings material intensity in China from 1949 to 2015. Resour. Conserv. Recycl. 159, 104824 (2020)."
N-812,Liu et al. (2025),https://doi.org/10.1021/acs.est.5c05684,Not stated by publisher,"Row with id = 812 in the ""Database"" sheet of the freely downloadable Supporting Information (SI) at the DOI above.","Yang, D. et al. Urban buildings material intensity in China from 1949 to 2015. Resour. Conserv. Recycl. 159, 104824 (2020)."
N-813,Liu et al. (2025),https://doi.org/10.1021/acs.est.5c05684,Not stated by publisher,"Row with id = 813 in the ""Database"" sheet of the freely downloadable Supporting Information (SI) at the DOI above.","Yang, D. et al. Urban buildings material intensity in China from 1949 to 2015. Resour. Conserv. Recycl. 159, 104824 (2020)."
N-814,Liu et al. (2025),https://doi.org/10.1021/acs.est.5c05684,Not stated by publisher,"Row with id = 814 in the ""Database"" sheet of the freely downloadable Supporting Information (SI) at the DOI above.","Yang, D. et al. Urban buildings material intensity in China from 1949 to 2015. Resour. Conserv. Recycl. 159, 104824 (2020)."
N-815,Liu et al. (2025),https://doi.org/10.1021/acs.est.5c05684,Not stated by publisher,"Row with id = 815 in the ""Database"" sheet of the freely downloadable Supporting Information (SI) at the DOI above.","Yang, D. et al. Urban buildings material intensity in China from 1949 to 2015. Resour. Conserv. Recycl. 159, 104824 (2020)."
N-816,Liu et al. (2025),https://doi.org/10.1021/acs.est.5c05684,Not stated by publisher,"Row with id = 816 in the ""Database"" sheet of the freely downloadable Supporting Information (SI) at the DOI above.","Yang, D. et al. Urban buildings material intensity in China from 1949 to 2015. Resour. Conserv. Recycl. 159, 104824 (2020)."
N-817,Liu et al. (2025),https://doi.org/10.1021/acs.est.5c05684,Not stated by publisher,"Row with id = 817 in the ""Database"" sheet of the freely downloadable Supporting Information (SI) at the DOI above.","Yang, D. et al. Urban buildings material intensity in China from 1949 to 2015. Resour. Conserv. Recycl. 159, 104824 (2020)."
N-818,Liu et al. (2025),https://doi.org/10.1021/acs.est.5c05684,Not stated by publisher,"Row with id = 818 in the ""Database"" sheet of the freely downloadable Supporting Information (SI) at the DOI above.","Yang, D. et al. Urban buildings material intensity in China from 1949 to 2015. Resour. Conserv. Recycl. 159, 104824 (2020)."
N-819,Liu et al. (2025),https://doi.org/10.1021/acs.est.5c05684,Not stated by publisher,"Row with id = 819 in the ""Database"" sheet of the freely downloadable Supporting Information (SI) at the DOI above.","Yang, D. et al. Urban buildings material intensity in China from 1949 to 2015. Resour. Conserv. Recycl. 159, 104824 (2020)."
N-820,Liu et al. (2025),https://doi.org/10.1021/acs.est.5c05684,Not stated by publisher,"Row with id = 820 in the ""Database"" sheet of the freely downloadable Supporting Information (SI) at the DOI above.","Yang, D. et al. Urban buildings material intensity in China from 1949 to 2015. Resour. Conserv. Recycl. 159, 104824 (2020)."
N-821,Liu et al. (2025),https://doi.org/10.1021/acs.est.5c05684,Not stated by publisher,"Row with id = 821 in the ""Database"" sheet of the freely downloadable Supporting Information (SI) at the DOI above.","Yang, D. et al. Urban buildings material intensity in China from 1949 to 2015. Resour. Conserv. Recycl. 159, 104824 (2020)."
N-822,Liu et al. (2025),https://doi.org/10.1021/acs.est.5c05684,Not stated by publisher,"Row with id = 822 in the ""Database"" sheet of the freely downloadable Supporting Information (SI) at the DOI above.","Yang, D. et al. Urban buildings material intensity in China from 1949 to 2015. Resour. Conserv. Recycl. 159, 104824 (2020)."
N-823,Liu et al. (2025),https://doi.org/10.1021/acs.est.5c05684,Not stated by publisher,"Row with id = 823 in the ""Database"" sheet of the freely downloadable Supporting Information (SI) at the DOI above.","Yang, D. et al. Urban buildings material intensity in China from 1949 to 2015. Resour. Conserv. Recycl. 159, 104824 (2020)."
N-824,Liu et al. (2025),https://doi.org/10.1021/acs.est.5c05684,Not stated by publisher,"Row with id = 824 in the ""Database"" sheet of the freely downloadable Supporting Information (SI) at the DOI above.","Yang, D. et al. Urban buildings material intensity in China from 1949 to 2015. Resour. Conserv. Recycl. 159, 104824 (2020)."
N-825,Liu et al. (2025),https://doi.org/10.1021/acs.est.5c05684,Not stated by publisher,"Row with id = 825 in the ""Database"" sheet of the freely downloadable Supporting Information (SI) at the DOI above.","Yang, D. et al. Urban buildings material intensity in China from 1949 to 2015. Resour. Conserv. Recycl. 159, 104824 (2020)."
N-826,Liu et al. (2025),https://doi.org/10.1021/acs.est.5c05684,Not stated by publisher,"Row with id = 826 in the ""Database"" sheet of the freely downloadable Supporting Information (SI) at the DOI above.","Yang, D. et al. Urban buildings material intensity in China from 1949 to 2015. Resour. Conserv. Recycl. 159, 104824 (2020)."
N-827,Liu et al. (2025),https://doi.org/10.1021/acs.est.5c05684,Not stated by publisher,"Row with id = 827 in the ""Database"" sheet of the freely downloadable Supporting Information (SI) at the DOI above.","Yang, D. et al. Urban buildings material intensity in China from 1949 to 2015. Resour. Conserv. Recycl. 159, 104824 (2020)."
N-828,Liu et al. (2025),https://doi.org/10.1021/acs.est.5c05684,Not stated by publisher,"Row with id = 828 in the ""Database"" sheet of the freely downloadable Supporting Information (SI) at the DOI above.","Yang, D. et al. Urban buildings material intensity in China from 1949 to 2015. Resour. Conserv. Recycl. 159, 104824 (2020)."
N-829,Liu et al. (2025),https://doi.org/10.1021/acs.est.5c05684,Not stated by publisher,"Row with id = 829 in the ""Database"" sheet of the freely downloadable Supporting Information (SI) at the DOI above.","Yang, D. et al. Urban buildings material intensity in China from 1949 to 2015. Resour. Conserv. Recycl. 159, 104824 (2020)."
N-830,Liu et al. (2025),https://doi.org/10.1021/acs.est.5c05684,Not stated by publisher,"Row with id = 830 in the ""Database"" sheet of the freely downloadable Supporting Information (SI) at the DOI above.","Yang, D. et al. Urban buildings material intensity in China from 1949 to 2015. Resour. Conserv. Recycl. 159, 104824 (2020)."
N-831,Liu et al. (2025),https://doi.org/10.1021/acs.est.5c05684,Not stated by publisher,"Row with id = 831 in the ""Database"" sheet of the freely downloadable Supporting Information (SI) at the DOI above.","Yang, D. et al. Urban buildings material intensity in China from 1949 to 2015. Resour. Conserv. Recycl. 159, 104824 (2020)."
N-832,Liu et al. (2025),https://doi.org/10.1021/acs.est.5c05684,Not stated by publisher,"Row with id = 832 in the ""Database"" sheet of the freely downloadable Supporting Information (SI) at the DOI above.","Yang, D. et al. Urban buildings material intensity in China from 1949 to 2015. Resour. Conserv. Recycl. 159, 104824 (2020)."
N-833,Liu et al. (2025),https://doi.org/10.1021/acs.est.5c05684,Not stated by publisher,"Row with id = 833 in the ""Database"" sheet of the freely downloadable Supporting Information (SI) at the DOI above.","Yang, D. et al. Urban buildings material intensity in China from 1949 to 2015. Resour. Conserv. Recycl. 159, 104824 (2020)."
N-834,Liu et al. (2025),https://doi.org/10.1021/acs.est.5c05684,Not stated by publisher,"Row with id = 834 in the ""Database"" sheet of the freely downloadable Supporting Information (SI) at the DOI above.","Yang, D. et al. Urban buildings material intensity in China from 1949 to 2015. Resour. Conserv. Recycl. 159, 104824 (2020)."
N-835,Liu et al. (2025),https://doi.org/10.1021/acs.est.5c05684,Not stated by publisher,"Row with id = 835 in the ""Database"" sheet of the freely downloadable Supporting Information (SI) at the DOI above.","Yang, D. et al. Urban buildings material intensity in China from 1949 to 2015. Resour. Conserv. Recycl. 159, 104824 (2020)."
N-836,Liu et al. (2025),https://doi.org/10.1021/acs.est.5c05684,Not stated by publisher,"Row with id = 836 in the ""Database"" sheet of the freely downloadable Supporting Information (SI) at the DOI above.","Yang, D. et al. Urban buildings material intensity in China from 1949 to 2015. Resour. Conserv. Recycl. 159, 104824 (2020)."
N-837,Liu et al. (2025),https://doi.org/10.1021/acs.est.5c05684,Not stated by publisher,"Row with id = 837 in the ""Database"" sheet of the freely downloadable Supporting Information (SI) at the DOI above.","Yang, D. et al. Urban buildings material intensity in China from 1949 to 2015. Resour. Conserv. Recycl. 159, 104824 (2020)."
N-838,Liu et al. (2025),https://doi.org/10.1021/acs.est.5c05684,Not stated by publisher,"Row with id = 838 in the ""Database"" sheet of the freely downloadable Supporting Information (SI) at the DOI above.","Yang, D. et al. Urban buildings material intensity in China from 1949 to 2015. Resour. Conserv. Recycl. 159, 104824 (2020)."
N-839,Liu et al. (2025),https://doi.org/10.1021/acs.est.5c05684,Not stated by publisher,"Row with id = 839 in the ""Database"" sheet of the freely downloadable Supporting Information (SI) at the DOI above.","Yang, D. et al. Urban buildings material intensity in China from 1949 to 2015. Resour. Conserv. Recycl. 159, 104824 (2020)."
N-840,Liu et al. (2025),https://doi.org/10.1021/acs.est.5c05684,Not stated by publisher,"Row with id = 840 in the ""Database"" sheet of the freely downloadable Supporting Information (SI) at the DOI above.","Yang, D. et al. Urban buildings material intensity in China from 1949 to 2015. Resour. Conserv. Recycl. 159, 104824 (2020)."
N-841,Liu et al. (2025),https://doi.org/10.1021/acs.est.5c05684,Not stated by publisher,"Row with id = 841 in the ""Database"" sheet of the freely downloadable Supporting Information (SI) at the DOI above.","Yang, D. et al. Urban buildings material intensity in China from 1949 to 2015. Resour. Conserv. Recycl. 159, 104824 (2020)."
N-842,Liu et al. (2025),https://doi.org/10.1021/acs.est.5c05684,Not stated by publisher,"Row with id = 842 in the ""Database"" sheet of the freely downloadable Supporting Information (SI) at the DOI above.","Yang, D. et al. Urban buildings material intensity in China from 1949 to 2015. Resour. Conserv. Recycl. 159, 104824 (2020)."
N-843,Liu et al. (2025),https://doi.org/10.1021/acs.est.5c05684,Not stated by publisher,"Row with id = 843 in the ""Database"" sheet of the freely downloadable Supporting Information (SI) at the DOI above.","Yang, D. et al. Urban buildings material intensity in China from 1949 to 2015. Resour. Conserv. Recycl. 159, 104824 (2020)."
N-844,Liu et al. (2025),https://doi.org/10.1021/acs.est.5c05684,Not stated by publisher,"Row with id = 844 in the ""Database"" sheet of the freely downloadable Supporting Information (SI) at the DOI above.","Yang, D. et al. Urban buildings material intensity in China from 1949 to 2015. Resour. Conserv. Recycl. 159, 104824 (2020)."
N-845,Liu et al. (2025),https://doi.org/10.1021/acs.est.5c05684,Not stated by publisher,"Row with id = 845 in the ""Database"" sheet of the freely downloadable Supporting Information (SI) at the DOI above.","Yang, D. et al. Urban buildings material intensity in China from 1949 to 2015. Resour. Conserv. Recycl. 159, 104824 (2020)."
N-846,Liu et al. (2025),https://doi.org/10.1021/acs.est.5c05684,Not stated by publisher,"Row with id = 846 in the ""Database"" sheet of the freely downloadable Supporting Information (SI) at the DOI above.","Yang, D. et al. Urban buildings material intensity in China from 1949 to 2015. Resour. Conserv. Recycl. 159, 104824 (2020)."
N-847,Liu et al. (2025),https://doi.org/10.1021/acs.est.5c05684,Not stated by publisher,"Row with id = 847 in the ""Database"" sheet of the freely downloadable Supporting Information (SI) at the DOI above.","Yang, D. et al. Urban buildings material intensity in China from 1949 to 2015. Resour. Conserv. Recycl. 159, 104824 (2020)."
N-848,Liu et al. (2025),https://doi.org/10.1021/acs.est.5c05684,Not stated by publisher,"Row with id = 848 in the ""Database"" sheet of the freely downloadable Supporting Information (SI) at the DOI above.","Yang, D. et al. Urban buildings material intensity in China from 1949 to 2015. Resour. Conserv. Recycl. 159, 104824 (2020)."
N-849,Liu et al. (2025),https://doi.org/10.1021/acs.est.5c05684,Not stated by publisher,"Row with id = 849 in the ""Database"" sheet of the freely downloadable Supporting Information (SI) at the DOI above.","Yang, D. et al. Urban buildings material intensity in China from 1949 to 2015. Resour. Conserv. Recycl. 159, 104824 (2020)."
N-850,Liu et al. (2025),https://doi.org/10.1021/acs.est.5c05684,Not stated by publisher,"Row with id = 850 in the ""Database"" sheet of the freely downloadable Supporting Information (SI) at the DOI above.","Yang, D. et al. Urban buildings material intensity in China from 1949 to 2015. Resour. Conserv. Recycl. 159, 104824 (2020)."
N-851,Liu et al. (2025),https://doi.org/10.1021/acs.est.5c05684,Not stated by publisher,"Row with id = 851 in the ""Database"" sheet of the freely downloadable Supporting Information (SI) at the DOI above.","Yang, D. et al. Urban buildings material intensity in China from 1949 to 2015. Resour. Conserv. Recycl. 159, 104824 (2020)."
N-852,Liu et al. (2025),https://doi.org/10.1021/acs.est.5c05684,Not stated by publisher,"Row with id = 852 in the ""Database"" sheet of the freely downloadable Supporting Information (SI) at the DOI above.","Yang, D. et al. Urban buildings material intensity in China from 1949 to 2015. Resour. Conserv. Recycl. 159, 104824 (2020)."
N-853,Liu et al. (2025),https://doi.org/10.1021/acs.est.5c05684,Not stated by publisher,"Row with id = 853 in the ""Database"" sheet of the freely downloadable Supporting Information (SI) at the DOI above.","Yang, D. et al. Urban buildings material intensity in China from 1949 to 2015. Resour. Conserv. Recycl. 159, 104824 (2020)."
N-854,Liu et al. (2025),https://doi.org/10.1021/acs.est.5c05684,Not stated by publisher,"Row with id = 854 in the ""Database"" sheet of the freely downloadable Supporting Information (SI) at the DOI above.","Yang, D. et al. Urban buildings material intensity in China from 1949 to 2015. Resour. Conserv. Recycl. 159, 104824 (2020)."
N-855,Liu et al. (2025),https://doi.org/10.1021/acs.est.5c05684,Not stated by publisher,"Row with id = 855 in the ""Database"" sheet of the freely downloadable Supporting Information (SI) at the DOI above.","Yang, D. et al. Urban buildings material intensity in China from 1949 to 2015. Resour. Conserv. Recycl. 159, 104824 (2020)."
N-856,Liu et al. (2025),https://doi.org/10.1021/acs.est.5c05684,Not stated by publisher,"Row with id = 856 in the ""Database"" sheet of the freely downloadable Supporting Information (SI) at the DOI above.","Yang, D. et al. Urban buildings material intensity in China from 1949 to 2015. Resour. Conserv. Recycl. 159, 104824 (2020)."
N-857,Liu et al. (2025),https://doi.org/10.1021/acs.est.5c05684,Not stated by publisher,"Row with id = 857 in the ""Database"" sheet of the freely downloadable Supporting Information (SI) at the DOI above.","Yang, D. et al. Urban buildings material intensity in China from 1949 to 2015. Resour. Conserv. Recycl. 159, 104824 (2020)."
N-858,Liu et al. (2025),https://doi.org/10.1021/acs.est.5c05684,Not stated by publisher,"Row with id = 858 in the ""Database"" sheet of the freely downloadable Supporting Information (SI) at the DOI above.","Yang, D. et al. Urban buildings material intensity in China from 1949 to 2015. Resour. Conserv. Recycl. 159, 104824 (2020)."
N-859,Liu et al. (2025),https://doi.org/10.1021/acs.est.5c05684,Not stated by publisher,"Row with id = 859 in the ""Database"" sheet of the freely downloadable Supporting Information (SI) at the DOI above.","Yang, D. et al. Urban buildings material intensity in China from 1949 to 2015. Resour. Conserv. Recycl. 159, 104824 (2020)."
N-860,Liu et al. (2025),https://doi.org/10.1021/acs.est.5c05684,Not stated by publisher,"Row with id = 860 in the ""Database"" sheet of the freely downloadable Supporting Information (SI) at the DOI above.","Yang, D. et al. Urban buildings material intensity in China from 1949 to 2015. Resour. Conserv. Recycl. 159, 104824 (2020)."
N-861,Liu et al. (2025),https://doi.org/10.1021/acs.est.5c05684,Not stated by publisher,"Row with id = 861 in the ""Database"" sheet of the freely downloadable Supporting Information (SI) at the DOI above.","Yang, D. et al. Urban buildings material intensity in China from 1949 to 2015. Resour. Conserv. Recycl. 159, 104824 (2020)."
N-862,Liu et al. (2025),https://doi.org/10.1021/acs.est.5c05684,Not stated by publisher,"Row with id = 862 in the ""Database"" sheet of the freely downloadable Supporting Information (SI) at the DOI above.","Yang, D. et al. Urban buildings material intensity in China from 1949 to 2015. Resour. Conserv. Recycl. 159, 104824 (2020)."
N-863,Liu et al. (2025),https://doi.org/10.1021/acs.est.5c05684,Not stated by publisher,"Row with id = 863 in the ""Database"" sheet of the freely downloadable Supporting Information (SI) at the DOI above.","Yang, D. et al. Urban buildings material intensity in China from 1949 to 2015. Resour. Conserv. Recycl. 159, 104824 (2020)."
N-864,Liu et al. (2025),https://doi.org/10.1021/acs.est.5c05684,Not stated by publisher,"Row with id = 864 in the ""Database"" sheet of the freely downloadable Supporting Information (SI) at the DOI above.","Yang, D. et al. Urban buildings material intensity in China from 1949 to 2015. Resour. Conserv. Recycl. 159, 104824 (2020)."
N-865,Liu et al. (2025),https://doi.org/10.1021/acs.est.5c05684,Not stated by publisher,"Row with id = 865 in the ""Database"" sheet of the freely downloadable Supporting Information (SI) at the DOI above.","Yang, D. et al. Urban buildings material intensity in China from 1949 to 2015. Resour. Conserv. Recycl. 159, 104824 (2020)."
N-866,Liu et al. (2025),https://doi.org/10.1021/acs.est.5c05684,Not stated by publisher,"Row with id = 866 in the ""Database"" sheet of the freely downloadable Supporting Information (SI) at the DOI above.","Yang, D. et al. Urban buildings material intensity in China from 1949 to 2015. Resour. Conserv. Recycl. 159, 104824 (2020)."
N-867,Liu et al. (2025),https://doi.org/10.1021/acs.est.5c05684,Not stated by publisher,"Row with id = 867 in the ""Database"" sheet of the freely downloadable Supporting Information (SI) at the DOI above.","Yang, D. et al. Urban buildings material intensity in China from 1949 to 2015. Resour. Conserv. Recycl. 159, 104824 (2020)."
N-868,Liu et al. (2025),https://doi.org/10.1021/acs.est.5c05684,Not stated by publisher,"Row with id = 868 in the ""Database"" sheet of the freely downloadable Supporting Information (SI) at the DOI above.","Yang, D. et al. Urban buildings material intensity in China from 1949 to 2015. Resour. Conserv. Recycl. 159, 104824 (2020)."
N-869,Liu et al. (2025),https://doi.org/10.1021/acs.est.5c05684,Not stated by publisher,"Row with id = 869 in the ""Database"" sheet of the freely downloadable Supporting Information (SI) at the DOI above.","Yang, D. et al. Urban buildings material intensity in China from 1949 to 2015. Resour. Conserv. Recycl. 159, 104824 (2020)."
N-870,Liu et al. (2025),https://doi.org/10.1021/acs.est.5c05684,Not stated by publisher,"Row with id = 870 in the ""Database"" sheet of the freely downloadable Supporting Information (SI) at the DOI above.","Yang, D. et al. Urban buildings material intensity in China from 1949 to 2015. Resour. Conserv. Recycl. 159, 104824 (2020)."
N-871,Liu et al. (2025),https://doi.org/10.1021/acs.est.5c05684,Not stated by publisher,"Row with id = 871 in the ""Database"" sheet of the freely downloadable Supporting Information (SI) at the DOI above.","Yang, D. et al. Urban buildings material intensity in China from 1949 to 2015. Resour. Conserv. Recycl. 159, 104824 (2020)."
N-872,Liu et al. (2025),https://doi.org/10.1021/acs.est.5c05684,Not stated by publisher,"Row with id = 872 in the ""Database"" sheet of the freely downloadable Supporting Information (SI) at the DOI above.","Yang, D. et al. Urban buildings material intensity in China from 1949 to 2015. Resour. Conserv. Recycl. 159, 104824 (2020)."
N-873,Liu et al. (2025),https://doi.org/10.1021/acs.est.5c05684,Not stated by publisher,"Row with id = 873 in the ""Database"" sheet of the freely downloadable Supporting Information (SI) at the DOI above.","Yang, D. et al. Urban buildings material intensity in China from 1949 to 2015. Resour. Conserv. Recycl. 159, 104824 (2020)."
N-874,Liu et al. (2025),https://doi.org/10.1021/acs.est.5c05684,Not stated by publisher,"Row with id = 874 in the ""Database"" sheet of the freely downloadable Supporting Information (SI) at the DOI above.","Yang, D. et al. Urban buildings material intensity in China from 1949 to 2015. Resour. Conserv. Recycl. 159, 104824 (2020)."
N-875,Liu et al. (2025),https://doi.org/10.1021/acs.est.5c05684,Not stated by publisher,"Row with id = 875 in the ""Database"" sheet of the freely downloadable Supporting Information (SI) at the DOI above.","Yang, D. et al. Urban buildings material intensity in China from 1949 to 2015. Resour. Conserv. Recycl. 159, 104824 (2020)."
N-876,Liu et al. (2025),https://doi.org/10.1021/acs.est.5c05684,Not stated by publisher,"Row with id = 876 in the ""Database"" sheet of the freely downloadable Supporting Information (SI) at the DOI above.","Yang, D. et al. Urban buildings material intensity in China from 1949 to 2015. Resour. Conserv. Recycl. 159, 104824 (2020)."
N-877,Liu et al. (2025),https://doi.org/10.1021/acs.est.5c05684,Not stated by publisher,"Row with id = 877 in the ""Database"" sheet of the freely downloadable Supporting Information (SI) at the DOI above.","Yang, D. et al. Urban buildings material intensity in China from 1949 to 2015. Resour. Conserv. Recycl. 159, 104824 (2020)."
N-878,Liu et al. (2025),https://doi.org/10.1021/acs.est.5c05684,Not stated by publisher,"Row with id = 878 in the ""Database"" sheet of the freely downloadable Supporting Information (SI) at the DOI above.","Yang, D. et al. Urban buildings material intensity in China from 1949 to 2015. Resour. Conserv. Recycl. 159, 104824 (2020)."
N-879,Liu et al. (2025),https://doi.org/10.1021/acs.est.5c05684,Not stated by publisher,"Row with id = 879 in the ""Database"" sheet of the freely downloadable Supporting Information (SI) at the DOI above.","Yang, D. et al. Urban buildings material intensity in China from 1949 to 2015. Resour. Conserv. Recycl. 159, 104824 (2020)."
N-880,Liu et al. (2025),https://doi.org/10.1021/acs.est.5c05684,Not stated by publisher,"Row with id = 880 in the ""Database"" sheet of the freely downloadable Supporting Information (SI) at the DOI above.","Yang, D. et al. Urban buildings material intensity in China from 1949 to 2015. Resour. Conserv. Recycl. 159, 104824 (2020)."
N-881,Liu et al. (2025),https://doi.org/10.1021/acs.est.5c05684,Not stated by publisher,"Row with id = 881 in the ""Database"" sheet of the freely downloadable Supporting Information (SI) at the DOI above.","Yang, D. et al. Urban buildings material intensity in China from 1949 to 2015. Resour. Conserv. Recycl. 159, 104824 (2020)."
N-882,Liu et al. (2025),https://doi.org/10.1021/acs.est.5c05684,Not stated by publisher,"Row with id = 882 in the ""Database"" sheet of the freely downloadable Supporting Information (SI) at the DOI above.","Yang, D. et al. Urban buildings material intensity in China from 1949 to 2015. Resour. Conserv. Recycl. 159, 104824 (2020)."
N-883,Liu et al. (2025),https://doi.org/10.1021/acs.est.5c05684,Not stated by publisher,"Row with id = 883 in the ""Database"" sheet of the freely downloadable Supporting Information (SI) at the DOI above.","Yang, D. et al. Urban buildings material intensity in China from 1949 to 2015. Resour. Conserv. Recycl. 159, 104824 (2020)."
N-884,Liu et al. (2025),https://doi.org/10.1021/acs.est.5c05684,Not stated by publisher,"Row with id = 884 in the ""Database"" sheet of the freely downloadable Supporting Information (SI) at the DOI above.","Yang, D. et al. Urban buildings material intensity in China from 1949 to 2015. Resour. Conserv. Recycl. 159, 104824 (2020)."
N-885,Liu et al. (2025),https://doi.org/10.1021/acs.est.5c05684,Not stated by publisher,"Row with id = 885 in the ""Database"" sheet of the freely downloadable Supporting Information (SI) at the DOI above.","Yang, D. et al. Urban buildings material intensity in China from 1949 to 2015. Resour. Conserv. Recycl. 159, 104824 (2020)."
N-886,Liu et al. (2025),https://doi.org/10.1021/acs.est.5c05684,Not stated by publisher,"Row with id = 886 in the ""Database"" sheet of the freely downloadable Supporting Information (SI) at the DOI above.","Yang, D. et al. Urban buildings material intensity in China from 1949 to 2015. Resour. Conserv. Recycl. 159, 104824 (2020)."
N-887,Liu et al. (2025),https://doi.org/10.1021/acs.est.5c05684,Not stated by publisher,"Row with id = 887 in the ""Database"" sheet of the freely downloadable Supporting Information (SI) at the DOI above.","Yang, D. et al. Urban buildings material intensity in China from 1949 to 2015. Resour. Conserv. Recycl. 159, 104824 (2020)."
N-888,Liu et al. (2025),https://doi.org/10.1021/acs.est.5c05684,Not stated by publisher,"Row with id = 888 in the ""Database"" sheet of the freely downloadable Supporting Information (SI) at the DOI above.","Yang, D. et al. Urban buildings material intensity in China from 1949 to 2015. Resour. Conserv. Recycl. 159, 104824 (2020)."
N-889,Liu et al. (2025),https://doi.org/10.1021/acs.est.5c05684,Not stated by publisher,"Row with id = 889 in the ""Database"" sheet of the freely downloadable Supporting Information (SI) at the DOI above.","Yang, D. et al. Urban buildings material intensity in China from 1949 to 2015. Resour. Conserv. Recycl. 159, 104824 (2020)."
N-890,Liu et al. (2025),https://doi.org/10.1021/acs.est.5c05684,Not stated by publisher,"Row with id = 890 in the ""Database"" sheet of the freely downloadable Supporting Information (SI) at the DOI above.","Yang, D. et al. Urban buildings material intensity in China from 1949 to 2015. Resour. Conserv. Recycl. 159, 104824 (2020)."
N-891,Liu et al. (2025),https://doi.org/10.1021/acs.est.5c05684,Not stated by publisher,"Row with id = 891 in the ""Database"" sheet of the freely downloadable Supporting Information (SI) at the DOI above.","Yang, D. et al. Urban buildings material intensity in China from 1949 to 2015. Resour. Conserv. Recycl. 159, 104824 (2020)."
N-892,Liu et al. (2025),https://doi.org/10.1021/acs.est.5c05684,Not stated by publisher,"Row with id = 892 in the ""Database"" sheet of the freely downloadable Supporting Information (SI) at the DOI above.","Yang, D. et al. Urban buildings material intensity in China from 1949 to 2015. Resour. Conserv. Recycl. 159, 104824 (2020)."
N-893,Liu et al. (2025),https://doi.org/10.1021/acs.est.5c05684,Not stated by publisher,"Row with id = 893 in the ""Database"" sheet of the freely downloadable Supporting Information (SI) at the DOI above.","Yang, D. et al. Urban buildings material intensity in China from 1949 to 2015. Resour. Conserv. Recycl. 159, 104824 (2020)."
N-894,Liu et al. (2025),https://doi.org/10.1021/acs.est.5c05684,Not stated by publisher,"Row with id = 894 in the ""Database"" sheet of the freely downloadable Supporting Information (SI) at the DOI above.","Yang, D. et al. Urban buildings material intensity in China from 1949 to 2015. Resour. Conserv. Recycl. 159, 104824 (2020)."
N-895,Liu et al. (2025),https://doi.org/10.1021/acs.est.5c05684,Not stated by publisher,"Row with id = 895 in the ""Database"" sheet of the freely downloadable Supporting Information (SI) at the DOI above.","Yang, D. et al. Urban buildings material intensity in China from 1949 to 2015. Resour. Conserv. Recycl. 159, 104824 (2020)."
N-896,Liu et al. (2025),https://doi.org/10.1021/acs.est.5c05684,Not stated by publisher,"Row with id = 896 in the ""Database"" sheet of the freely downloadable Supporting Information (SI) at the DOI above.","Yang, D. et al. Urban buildings material intensity in China from 1949 to 2015. Resour. Conserv. Recycl. 159, 104824 (2020)."
N-897,Liu et al. (2025),https://doi.org/10.1021/acs.est.5c05684,Not stated by publisher,"Row with id = 897 in the ""Database"" sheet of the freely downloadable Supporting Information (SI) at the DOI above.","Yang, D. et al. Urban buildings material intensity in China from 1949 to 2015. Resour. Conserv. Recycl. 159, 104824 (2020)."
N-898,Liu et al. (2025),https://doi.org/10.1021/acs.est.5c05684,Not stated by publisher,"Row with id = 898 in the ""Database"" sheet of the freely downloadable Supporting Information (SI) at the DOI above.","Yang, D. et al. Urban buildings material intensity in China from 1949 to 2015. Resour. Conserv. Recycl. 159, 104824 (2020)."
N-899,Liu et al. (2025),https://doi.org/10.1021/acs.est.5c05684,Not stated by publisher,"Row with id = 899 in the ""Database"" sheet of the freely downloadable Supporting Information (SI) at the DOI above.","Yang, D. et al. Urban buildings material intensity in China from 1949 to 2015. Resour. Conserv. Recycl. 159, 104824 (2020)."
N-900,Liu et al. (2025),https://doi.org/10.1021/acs.est.5c05684,Not stated by publisher,"Row with id = 900 in the ""Database"" sheet of the freely downloadable Supporting Information (SI) at the DOI above.","Yang, D. et al. Urban buildings material intensity in China from 1949 to 2015. Resour. Conserv. Recycl. 159, 104824 (2020)."
N-901,Liu et al. (2025),https://doi.org/10.1021/acs.est.5c05684,Not stated by publisher,"Row with id = 901 in the ""Database"" sheet of the freely downloadable Supporting Information (SI) at the DOI above.","Yang, D. et al. Urban buildings material intensity in China from 1949 to 2015. Resour. Conserv. Recycl. 159, 104824 (2020)."
N-902,Liu et al. (2025),https://doi.org/10.1021/acs.est.5c05684,Not stated by publisher,"Row with id = 902 in the ""Database"" sheet of the freely downloadable Supporting Information (SI) at the DOI above.","Yang, D. et al. Urban buildings material intensity in China from 1949 to 2015. Resour. Conserv. Recycl. 159, 104824 (2020)."
N-903,Liu et al. (2025),https://doi.org/10.1021/acs.est.5c05684,Not stated by publisher,"Row with id = 903 in the ""Database"" sheet of the freely downloadable Supporting Information (SI) at the DOI above.","Yang, D. et al. Urban buildings material intensity in China from 1949 to 2015. Resour. Conserv. Recycl. 159, 104824 (2020)."
N-904,Liu et al. (2025),https://doi.org/10.1021/acs.est.5c05684,Not stated by publisher,"Row with id = 904 in the ""Database"" sheet of the freely downloadable Supporting Information (SI) at the DOI above.",Beijing Municipal Commission of Housing and Urban-Rural Development
N-905,Liu et al. (2025),https://doi.org/10.1021/acs.est.5c05684,Not stated by publisher,"Row with id = 905 in the ""Database"" sheet of the freely downloadable Supporting Information (SI) at the DOI above.",Beijing Municipal Commission of Housing and Urban-Rural Development
N-906,Liu et al. (2025),https://doi.org/10.1021/acs.est.5c05684,Not stated by publisher,"Row with id = 906 in the ""Database"" sheet of the freely downloadable Supporting Information (SI) at the DOI above.",Beijing Municipal Commission of Housing and Urban-Rural Development
N-907,Liu et al. (2025),https://doi.org/10.1021/acs.est.5c05684,Not stated by publisher,"Row with id = 907 in the ""Database"" sheet of the freely downloadable Supporting Information (SI) at the DOI above.",Beijing Municipal Commission of Housing and Urban-Rural Development
N-908,Liu et al. (2025),https://doi.org/10.1021/acs.est.5c05684,Not stated by publisher,"Row with id = 908 in the ""Database"" sheet of the freely downloadable Supporting Information (SI) at the DOI above.",Wang Du.Housing construction valuation handbook. Beijing: China Building Industry Press; 1996.
N-909,Liu et al. (2025),https://doi.org/10.1021/acs.est.5c05684,Not stated by publisher,"Row with id = 909 in the ""Database"" sheet of the freely downloadable Supporting Information (SI) at the DOI above.",Wang Du.Housing construction valuation handbook. Beijing: China Building Industry Press; 1996.
N-910,Liu et al. (2025),https://doi.org/10.1021/acs.est.5c05684,Not stated by publisher,"Row with id = 910 in the ""Database"" sheet of the freely downloadable Supporting Information (SI) at the DOI above.",Wang Du.Housing construction valuation handbook. Beijing: China Building Industry Press; 1996.
N-911,Liu et al. (2025),https://doi.org/10.1021/acs.est.5c05684,Not stated by publisher,"Row with id = 911 in the ""Database"" sheet of the freely downloadable Supporting Information (SI) at the DOI above.",Wang Du.Housing construction valuation handbook. Beijing: China Building Industry Press; 1996.
N-912,Liu et al. (2025),https://doi.org/10.1021/acs.est.5c05684,Not stated by publisher,"Row with id = 912 in the ""Database"" sheet of the freely downloadable Supporting Information (SI) at the DOI above.",Wang Du.Housing construction valuation handbook. Beijing: China Building Industry Press; 1996.
N-913,Liu et al. (2025),https://doi.org/10.1021/acs.est.5c05684,Not stated by publisher,"Row with id = 913 in the ""Database"" sheet of the freely downloadable Supporting Information (SI) at the DOI above.",Wang Du.Housing construction valuation handbook. Beijing: China Building Industry Press; 1996.
N-914,Liu et al. (2025),https://doi.org/10.1021/acs.est.5c05684,Not stated by publisher,"Row with id = 914 in the ""Database"" sheet of the freely downloadable Supporting Information (SI) at the DOI above.",Wang Du.Housing construction valuation handbook. Beijing: China Building Industry Press; 1996.
N-915,Liu et al. (2025),https://doi.org/10.1021/acs.est.5c05684,Not stated by publisher,"Row with id = 915 in the ""Database"" sheet of the freely downloadable Supporting Information (SI) at the DOI above.",Wang Du.Housing construction valuation handbook. Beijing: China Building Industry Press; 1996.
N-916,Liu et al. (2025),https://doi.org/10.1021/acs.est.5c05684,Not stated by publisher,"Row with id = 916 in the ""Database"" sheet of the freely downloadable Supporting Information (SI) at the DOI above.",Wang Du.Housing construction valuation handbook. Beijing: China Building Industry Press; 1996.
N-917,Liu et al. (2025),https://doi.org/10.1021/acs.est.5c05684,Not stated by publisher,"Row with id = 917 in the ""Database"" sheet of the freely downloadable Supporting Information (SI) at the DOI above.",Wang Du.Housing construction valuation handbook. Beijing: China Building Industry Press; 1996.
N-918,Liu et al. (2025),https://doi.org/10.1021/acs.est.5c05684,Not stated by publisher,"Row with id = 918 in the ""Database"" sheet of the freely downloadable Supporting Information (SI) at the DOI above.",Wang Du.Housing construction valuation handbook. Beijing: China Building Industry Press; 1996.
N-919,Liu et al. (2025),https://doi.org/10.1021/acs.est.5c05684,Not stated by publisher,"Row with id = 919 in the ""Database"" sheet of the freely downloadable Supporting Information (SI) at the DOI above.",Wang Du.Housing construction valuation handbook. Beijing: China Building Industry Press; 1996.
N-920,Liu et al. (2025),https://doi.org/10.1021/acs.est.5c05684,Not stated by publisher,"Row with id = 920 in the ""Database"" sheet of the freely downloadable Supporting Information (SI) at the DOI above.",Wang Du.Housing construction valuation handbook. Beijing: China Building Industry Press; 1996.
N-921,Liu et al. (2025),https://doi.org/10.1021/acs.est.5c05684,Not stated by publisher,"Row with id = 921 in the ""Database"" sheet of the freely downloadable Supporting Information (SI) at the DOI above.",Wang Du.Housing construction valuation handbook. Beijing: China Building Industry Press; 1996.
N-922,Liu et al. (2025),https://doi.org/10.1021/acs.est.5c05684,Not stated by publisher,"Row with id = 922 in the ""Database"" sheet of the freely downloadable Supporting Information (SI) at the DOI above.",Wang Du.Housing construction valuation handbook. Beijing: China Building Industry Press; 1996.
N-923,Liu et al. (2025),https://doi.org/10.1021/acs.est.5c05684,Not stated by publisher,"Row with id = 923 in the ""Database"" sheet of the freely downloadable Supporting Information (SI) at the DOI above.",Wang Du.Housing construction valuation handbook. Beijing: China Building Industry Press; 1996.
N-924,Liu et al. (2025),https://doi.org/10.1021/acs.est.5c05684,Not stated by publisher,"Row with id = 924 in the ""Database"" sheet of the freely downloadable Supporting Information (SI) at the DOI above.",Wang Du.Housing construction valuation handbook. Beijing: China Building Industry Press; 1996.
N-925,Liu et al. (2025),https://doi.org/10.1021/acs.est.5c05684,Not stated by publisher,"Row with id = 925 in the ""Database"" sheet of the freely downloadable Supporting Information (SI) at the DOI above.",Wang Du.Housing construction valuation handbook. Beijing: China Building Industry Press; 1996.
N-926,Liu et al. (2025),https://doi.org/10.1021/acs.est.5c05684,Not stated by publisher,"Row with id = 926 in the ""Database"" sheet of the freely downloadable Supporting Information (SI) at the DOI above.",Wang Du.Housing construction valuation handbook. Beijing: China Building Industry Press; 1996.
N-927,Liu et al. (2025),https://doi.org/10.1021/acs.est.5c05684,Not stated by publisher,"Row with id = 927 in the ""Database"" sheet of the freely downloadable Supporting Information (SI) at the DOI above.",Wang Du.Housing construction valuation handbook. Beijing: China Building Industry Press; 1996.
N-928,Liu et al. (2025),https://doi.org/10.1021/acs.est.5c05684,Not stated by publisher,"Row with id = 928 in the ""Database"" sheet of the freely downloadable Supporting Information (SI) at the DOI above.",Wang Du.Housing construction valuation handbook. Beijing: China Building Industry Press; 1996.
N-929,Liu et al. (2025),https://doi.org/10.1021/acs.est.5c05684,Not stated by publisher,"Row with id = 929 in the ""Database"" sheet of the freely downloadable Supporting Information (SI) at the DOI above.",Wang Du.Housing construction valuation handbook. Beijing: China Building Industry Press; 1996.
N-930,Liu et al. (2025),https://doi.org/10.1021/acs.est.5c05684,Not stated by publisher,"Row with id = 930 in the ""Database"" sheet of the freely downloadable Supporting Information (SI) at the DOI above.",Wang Du.Housing construction valuation handbook. Beijing: China Building Industry Press; 1996.
N-931,Liu et al. (2025),https://doi.org/10.1021/acs.est.5c05684,Not stated by publisher,"Row with id = 931 in the ""Database"" sheet of the freely downloadable Supporting Information (SI) at the DOI above.",Wang Du.Housing construction valuation handbook. Beijing: China Building Industry Press; 1996.
N-932,Liu et al. (2025),https://doi.org/10.1021/acs.est.5c05684,Not stated by publisher,"Row with id = 932 in the ""Database"" sheet of the freely downloadable Supporting Information (SI) at the DOI above.",Wang Du.Housing construction valuation handbook. Beijing: China Building Industry Press; 1996.
N-933,Liu et al. (2025),https://doi.org/10.1021/acs.est.5c05684,Not stated by publisher,"Row with id = 933 in the ""Database"" sheet of the freely downloadable Supporting Information (SI) at the DOI above.",Wang Du.Housing construction valuation handbook. Beijing: China Building Industry Press; 1996.
N-934,Liu et al. (2025),https://doi.org/10.1021/acs.est.5c05684,Not stated by publisher,"Row with id = 934 in the ""Database"" sheet of the freely downloadable Supporting Information (SI) at the DOI above.",Wang Du.Housing construction valuation handbook. Beijing: China Building Industry Press; 1996.
N-935,Liu et al. (2025),https://doi.org/10.1021/acs.est.5c05684,Not stated by publisher,"Row with id = 935 in the ""Database"" sheet of the freely downloadable Supporting Information (SI) at the DOI above.",Wang Du.Housing construction valuation handbook. Beijing: China Building Industry Press; 1996.
N-936,Liu et al. (2025),https://doi.org/10.1021/acs.est.5c05684,Not stated by publisher,"Row with id = 936 in the ""Database"" sheet of the freely downloadable Supporting Information (SI) at the DOI above.",Wang Du.Housing construction valuation handbook. Beijing: China Building Industry Press; 1996.
N-937,Liu et al. (2025),https://doi.org/10.1021/acs.est.5c05684,Not stated by publisher,"Row with id = 937 in the ""Database"" sheet of the freely downloadable Supporting Information (SI) at the DOI above.",Wang Du.Housing construction valuation handbook. Beijing: China Building Industry Press; 1996.
N-938,Liu et al. (2025),https://doi.org/10.1021/acs.est.5c05684,Not stated by publisher,"Row with id = 938 in the ""Database"" sheet of the freely downloadable Supporting Information (SI) at the DOI above.",Wang Du.Housing construction valuation handbook. Beijing: China Building Industry Press; 1996.
N-939,Liu et al. (2025),https://doi.org/10.1021/acs.est.5c05684,Not stated by publisher,"Row with id = 939 in the ""Database"" sheet of the freely downloadable Supporting Information (SI) at the DOI above.",Wang Du.Housing construction valuation handbook. Beijing: China Building Industry Press; 1996.
N-940,Liu et al. (2025),https://doi.org/10.1021/acs.est.5c05684,Not stated by publisher,"Row with id = 940 in the ""Database"" sheet of the freely downloadable Supporting Information (SI) at the DOI above.",Wang Du.Housing construction valuation handbook. Beijing: China Building Industry Press; 1996.
N-941,Liu et al. (2025),https://doi.org/10.1021/acs.est.5c05684,Not stated by publisher,"Row with id = 941 in the ""Database"" sheet of the freely downloadable Supporting Information (SI) at the DOI above.",Wang Du.Housing construction valuation handbook. Beijing: China Building Industry Press; 1996.
N-942,Liu et al. (2025),https://doi.org/10.1021/acs.est.5c05684,Not stated by publisher,"Row with id = 942 in the ""Database"" sheet of the freely downloadable Supporting Information (SI) at the DOI above.",Wang Du.Housing construction valuation handbook. Beijing: China Building Industry Press; 1996.
N-943,Liu et al. (2025),https://doi.org/10.1021/acs.est.5c05684,Not stated by publisher,"Row with id = 943 in the ""Database"" sheet of the freely downloadable Supporting Information (SI) at the DOI above.",Wang Du.Housing construction valuation handbook. Beijing: China Building Industry Press; 1996.
N-944,Liu et al. (2025),https://doi.org/10.1021/acs.est.5c05684,Not stated by publisher,"Row with id = 944 in the ""Database"" sheet of the freely downloadable Supporting Information (SI) at the DOI above.",Wang Du.Housing construction valuation handbook. Beijing: China Building Industry Press; 1996.
N-945,Liu et al. (2025),https://doi.org/10.1021/acs.est.5c05684,Not stated by publisher,"Row with id = 945 in the ""Database"" sheet of the freely downloadable Supporting Information (SI) at the DOI above.",Wang Du.Housing construction valuation handbook. Beijing: China Building Industry Press; 1996.
N-946,Liu et al. (2025),https://doi.org/10.1021/acs.est.5c05684,Not stated by publisher,"Row with id = 946 in the ""Database"" sheet of the freely downloadable Supporting Information (SI) at the DOI above.",Wang Du.Housing construction valuation handbook. Beijing: China Building Industry Press; 1996.
N-947,Liu et al. (2025),https://doi.org/10.1021/acs.est.5c05684,Not stated by publisher,"Row with id = 947 in the ""Database"" sheet of the freely downloadable Supporting Information (SI) at the DOI above.",Wang Du.Housing construction valuation handbook. Beijing: China Building Industry Press; 1996.
N-948,Liu et al. (2025),https://doi.org/10.1021/acs.est.5c05684,Not stated by publisher,"Row with id = 948 in the ""Database"" sheet of the freely downloadable Supporting Information (SI) at the DOI above.",Wang Du.Housing construction valuation handbook. Beijing: China Building Industry Press; 1996.
N-949,Liu et al. (2025),https://doi.org/10.1021/acs.est.5c05684,Not stated by publisher,"Row with id = 949 in the ""Database"" sheet of the freely downloadable Supporting Information (SI) at the DOI above.",Wang Du.Housing construction valuation handbook. Beijing: China Building Industry Press; 1996.
N-950,Liu et al. (2025),https://doi.org/10.1021/acs.est.5c05684,Not stated by publisher,"Row with id = 950 in the ""Database"" sheet of the freely downloadable Supporting Information (SI) at the DOI above.",Wang Du.Housing construction valuation handbook. Beijing: China Building Industry Press; 1996.
N-951,Liu et al. (2025),https://doi.org/10.1021/acs.est.5c05684,Not stated by publisher,"Row with id = 951 in the ""Database"" sheet of the freely downloadable Supporting Information (SI) at the DOI above.",Wang Du.Housing construction valuation handbook. Beijing: China Building Industry Press; 1996.
N-952,Liu et al. (2025),https://doi.org/10.1021/acs.est.5c05684,Not stated by publisher,"Row with id = 952 in the ""Database"" sheet of the freely downloadable Supporting Information (SI) at the DOI above.",Wang Du.Housing construction valuation handbook. Beijing: China Building Industry Press; 1996.
N-953,Liu et al. (2025),https://doi.org/10.1021/acs.est.5c05684,Not stated by publisher,"Row with id = 953 in the ""Database"" sheet of the freely downloadable Supporting Information (SI) at the DOI above.",Wang Du.Housing construction valuation handbook. Beijing: China Building Industry Press; 1996.
N-954,Liu et al. (2025),https://doi.org/10.1021/acs.est.5c05684,Not stated by publisher,"Row with id = 954 in the ""Database"" sheet of the freely downloadable Supporting Information (SI) at the DOI above.",Wang Du.Housing construction valuation handbook. Beijing: China Building Industry Press; 1996.
N-955,Liu et al. (2025),https://doi.org/10.1021/acs.est.5c05684,Not stated by publisher,"Row with id = 955 in the ""Database"" sheet of the freely downloadable Supporting Information (SI) at the DOI above.",Wang Du.Housing construction valuation handbook. Beijing: China Building Industry Press; 1996.
N-956,Liu et al. (2025),https://doi.org/10.1021/acs.est.5c05684,Not stated by publisher,"Row with id = 956 in the ""Database"" sheet of the freely downloadable Supporting Information (SI) at the DOI above.",Wang Du.Housing construction valuation handbook. Beijing: China Building Industry Press; 1996.
N-957,Liu et al. (2025),https://doi.org/10.1021/acs.est.5c05684,Not stated by publisher,"Row with id = 957 in the ""Database"" sheet of the freely downloadable Supporting Information (SI) at the DOI above.",Wang Du.Housing construction valuation handbook. Beijing: China Building Industry Press; 1996.
N-958,Liu et al. (2025),https://doi.org/10.1021/acs.est.5c05684,Not stated by publisher,"Row with id = 958 in the ""Database"" sheet of the freely downloadable Supporting Information (SI) at the DOI above.",Wang Du.Housing construction valuation handbook. Beijing: China Building Industry Press; 1996.
N-959,Liu et al. (2025),https://doi.org/10.1021/acs.est.5c05684,Not stated by publisher,"Row with id = 959 in the ""Database"" sheet of the freely downloadable Supporting Information (SI) at the DOI above.",Wang Du.Housing construction valuation handbook. Beijing: China Building Industry Press; 1996.
N-960,Liu et al. (2025),https://doi.org/10.1021/acs.est.5c05684,Not stated by publisher,"Row with id = 960 in the ""Database"" sheet of the freely downloadable Supporting Information (SI) at the DOI above.",Wang Du.Housing construction valuation handbook. Beijing: China Building Industry Press; 1996.
N-961,Liu et al. (2025),https://doi.org/10.1021/acs.est.5c05684,Not stated by publisher,"Row with id = 961 in the ""Database"" sheet of the freely downloadable Supporting Information (SI) at the DOI above.",Wang Du.Housing construction valuation handbook. Beijing: China Building Industry Press; 1996.
N-962,Liu et al. (2025),https://doi.org/10.1021/acs.est.5c05684,Not stated by publisher,"Row with id = 962 in the ""Database"" sheet of the freely downloadable Supporting Information (SI) at the DOI above.",Wang Du.Housing construction valuation handbook. Beijing: China Building Industry Press; 1996.
N-963,Liu et al. (2025),https://doi.org/10.1021/acs.est.5c05684,Not stated by publisher,"Row with id = 963 in the ""Database"" sheet of the freely downloadable Supporting Information (SI) at the DOI above.",Wang Du.Housing construction valuation handbook. Beijing: China Building Industry Press; 1996.
N-964,Liu et al. (2025),https://doi.org/10.1021/acs.est.5c05684,Not stated by publisher,"Row with id = 964 in the ""Database"" sheet of the freely downloadable Supporting Information (SI) at the DOI above.",Wang Du.Housing construction valuation handbook. Beijing: China Building Industry Press; 1996.
N-965,Liu et al. (2025),https://doi.org/10.1021/acs.est.5c05684,Not stated by publisher,"Row with id = 965 in the ""Database"" sheet of the freely downloadable Supporting Information (SI) at the DOI above.",Wang Du.Housing construction valuation handbook. Beijing: China Building Industry Press; 1996.
N-966,Liu et al. (2025),https://doi.org/10.1021/acs.est.5c05684,Not stated by publisher,"Row with id = 966 in the ""Database"" sheet of the freely downloadable Supporting Information (SI) at the DOI above.",Wang Du.Housing construction valuation handbook. Beijing: China Building Industry Press; 1996.
N-967,Liu et al. (2025),https://doi.org/10.1021/acs.est.5c05684,Not stated by publisher,"Row with id = 967 in the ""Database"" sheet of the freely downloadable Supporting Information (SI) at the DOI above.",Wang Du.Housing construction valuation handbook. Beijing: China Building Industry Press; 1996.
N-968,Liu et al. (2025),https://doi.org/10.1021/acs.est.5c05684,Not stated by publisher,"Row with id = 968 in the ""Database"" sheet of the freely downloadable Supporting Information (SI) at the DOI above.",Wang Du.Housing construction valuation handbook. Beijing: China Building Industry Press; 1996.
N-969,Liu et al. (2025),https://doi.org/10.1021/acs.est.5c05684,Not stated by publisher,"Row with id = 969 in the ""Database"" sheet of the freely downloadable Supporting Information (SI) at the DOI above.",Wang Du.Housing construction valuation handbook. Beijing: China Building Industry Press; 1996.
N-970,Liu et al. (2025),https://doi.org/10.1021/acs.est.5c05684,Not stated by publisher,"Row with id = 970 in the ""Database"" sheet of the freely downloadable Supporting Information (SI) at the DOI above.",Wang Du.Housing construction valuation handbook. Beijing: China Building Industry Press; 1996.
N-971,Liu et al. (2025),https://doi.org/10.1021/acs.est.5c05684,Not stated by publisher,"Row with id = 971 in the ""Database"" sheet of the freely downloadable Supporting Information (SI) at the DOI above.",Wang Du.Housing construction valuation handbook. Beijing: China Building Industry Press; 1996.
N-972,Liu et al. (2025),https://doi.org/10.1021/acs.est.5c05684,Not stated by publisher,"Row with id = 972 in the ""Database"" sheet of the freely downloadable Supporting Information (SI) at the DOI above.",Wang Du.Housing construction valuation handbook. Beijing: China Building Industry Press; 1996.
N-973,Liu et al. (2025),https://doi.org/10.1021/acs.est.5c05684,Not stated by publisher,"Row with id = 973 in the ""Database"" sheet of the freely downloadable Supporting Information (SI) at the DOI above.",Wang Du.Housing construction valuation handbook. Beijing: China Building Industry Press; 1996.
N-974,Liu et al. (2025),https://doi.org/10.1021/acs.est.5c05684,Not stated by publisher,"Row with id = 974 in the ""Database"" sheet of the freely downloadable Supporting Information (SI) at the DOI above.",Wang Du.Housing construction valuation handbook. Beijing: China Building Industry Press; 1996.
N-975,Liu et al. (2025),https://doi.org/10.1021/acs.est.5c05684,Not stated by publisher,"Row with id = 975 in the ""Database"" sheet of the freely downloadable Supporting Information (SI) at the DOI above.",Wang Du.Housing construction valuation handbook. Beijing: China Building Industry Press; 1996.
N-976,Liu et al. (2025),https://doi.org/10.1021/acs.est.5c05684,Not stated by publisher,"Row with id = 976 in the ""Database"" sheet of the freely downloadable Supporting Information (SI) at the DOI above.",Wang Du.Housing construction valuation handbook. Beijing: China Building Industry Press; 1996.
N-977,Liu et al. (2025),https://doi.org/10.1021/acs.est.5c05684,Not stated by publisher,"Row with id = 977 in the ""Database"" sheet of the freely downloadable Supporting Information (SI) at the DOI above.",Wang Du.Housing construction valuation handbook. Beijing: China Building Industry Press; 1996.
N-978,Liu et al. (2025),https://doi.org/10.1021/acs.est.5c05684,Not stated by publisher,"Row with id = 978 in the ""Database"" sheet of the freely downloadable Supporting Information (SI) at the DOI above.",Wang Du.Housing construction valuation handbook. Beijing: China Building Industry Press; 1996.
N-979,Liu et al. (2025),https://doi.org/10.1021/acs.est.5c05684,Not stated by publisher,"Row with id = 979 in the ""Database"" sheet of the freely downloadable Supporting Information (SI) at the DOI above.",Wang Du.Housing construction valuation handbook. Beijing: China Building Industry Press; 1996.
N-980,Liu et al. (2025),https://doi.org/10.1021/acs.est.5c05684,Not stated by publisher,"Row with id = 980 in the ""Database"" sheet of the freely downloadable Supporting Information (SI) at the DOI above.",Wang Du.Housing construction valuation handbook. Beijing: China Building Industry Press; 1996.
N-981,Liu et al. (2025),https://doi.org/10.1021/acs.est.5c05684,Not stated by publisher,"Row with id = 981 in the ""Database"" sheet of the freely downloadable Supporting Information (SI) at the DOI above.",Wang Du.Housing construction valuation handbook. Beijing: China Building Industry Press; 1996.
N-982,Liu et al. (2025),https://doi.org/10.1021/acs.est.5c05684,Not stated by publisher,"Row with id = 982 in the ""Database"" sheet of the freely downloadable Supporting Information (SI) at the DOI above.",Wang Du.Housing construction valuation handbook. Beijing: China Building Industry Press; 1996.
N-983,Liu et al. (2025),https://doi.org/10.1021/acs.est.5c05684,Not stated by publisher,"Row with id = 983 in the ""Database"" sheet of the freely downloadable Supporting Information (SI) at the DOI above.",Wang Du.Housing construction valuation handbook. Beijing: China Building Industry Press; 1996.
N-984,Liu et al. (2025),https://doi.org/10.1021/acs.est.5c05684,Not stated by publisher,"Row with id = 984 in the ""Database"" sheet of the freely downloadable Supporting Information (SI) at the DOI above.",Wang Du.Housing construction valuation handbook. Beijing: China Building Industry Press; 1996.
N-985,Liu et al. (2025),https://doi.org/10.1021/acs.est.5c05684,Not stated by publisher,"Row with id = 985 in the ""Database"" sheet of the freely downloadable Supporting Information (SI) at the DOI above.",Wang Du.Housing construction valuation handbook. Beijing: China Building Industry Press; 1996.
N-986,Liu et al. (2025),https://doi.org/10.1021/acs.est.5c05684,Not stated by publisher,"Row with id = 986 in the ""Database"" sheet of the freely downloadable Supporting Information (SI) at the DOI above.",Wang Du.Housing construction valuation handbook. Beijing: China Building Industry Press; 1996.
N-987,Liu et al. (2025),https://doi.org/10.1021/acs.est.5c05684,Not stated by publisher,"Row with id = 987 in the ""Database"" sheet of the freely downloadable Supporting Information (SI) at the DOI above.",Wang Du.Housing construction valuation handbook. Beijing: China Building Industry Press; 1996.
N-988,Liu et al. (2025),https://doi.org/10.1021/acs.est.5c05684,Not stated by publisher,"Row with id = 988 in the ""Database"" sheet of the freely downloadable Supporting Information (SI) at the DOI above.",Wang Du.Housing construction valuation handbook. Beijing: China Building Industry Press; 1996.
N-989,Liu et al. (2025),https://doi.org/10.1021/acs.est.5c05684,Not stated by publisher,"Row with id = 989 in the ""Database"" sheet of the freely downloadable Supporting Information (SI) at the DOI above.",Wang Du.Housing construction valuation handbook. Beijing: China Building Industry Press; 1996.
N-990,Liu et al. (2025),https://doi.org/10.1021/acs.est.5c05684,Not stated by publisher,"Row with id = 990 in the ""Database"" sheet of the freely downloadable Supporting Information (SI) at the DOI above.",Wang Du.Housing construction valuation handbook. Beijing: China Building Industry Press; 1996.
N-991,Liu et al. (2025),https://doi.org/10.1021/acs.est.5c05684,Not stated by publisher,"Row with id = 991 in the ""Database"" sheet of the freely downloadable Supporting Information (SI) at the DOI above.",Wang Du.Housing construction valuation handbook. Beijing: China Building Industry Press; 1996.
N-992,Liu et al. (2025),https://doi.org/10.1021/acs.est.5c05684,Not stated by publisher,"Row with id = 992 in the ""Database"" sheet of the freely downloadable Supporting Information (SI) at the DOI above.",Wang Du.Housing construction valuation handbook. Beijing: China Building Industry Press; 1996.
N-993,Liu et al. (2025),https://doi.org/10.1021/acs.est.5c05684,Not stated by publisher,"Row with id = 993 in the ""Database"" sheet of the freely downloadable Supporting Information (SI) at the DOI above.",Wang Du.Housing construction valuation handbook. Beijing: China Building Industry Press; 1996.
N-994,Liu et al. (2025),https://doi.org/10.1021/acs.est.5c05684,Not stated by publisher,"Row with id = 994 in the ""Database"" sheet of the freely downloadable Supporting Information (SI) at the DOI above.",Wang Du.Housing construction valuation handbook. Beijing: China Building Industry Press; 1996.
N-995,Liu et al. (2025),https://doi.org/10.1021/acs.est.5c05684,Not stated by publisher,"Row with id = 995 in the ""Database"" sheet of the freely downloadable Supporting Information (SI) at the DOI above.",Wang Du.Housing construction valuation handbook. Beijing: China Building Industry Press; 1996.
N-996,Liu et al. (2025),https://doi.org/10.1021/acs.est.5c05684,Not stated by publisher,"Row with id = 996 in the ""Database"" sheet of the freely downloadable Supporting Information (SI) at the DOI above.",Wang Du.Housing construction valuation handbook. Beijing: China Building Industry Press; 1996.
N-997,Liu et al. (2025),https://doi.org/10.1021/acs.est.5c05684,Not stated by publisher,"Row with id = 997 in the ""Database"" sheet of the freely downloadable Supporting Information (SI) at the DOI above.",Wang Du.Housing construction valuation handbook. Beijing: China Building Industry Press; 1996.
N-998,Liu et al. (2025),https://doi.org/10.1021/acs.est.5c05684,Not stated by publisher,"Row with id = 998 in the ""Database"" sheet of the freely downloadable Supporting Information (SI) at the DOI above.",Wang Du.Housing construction valuation handbook. Beijing: China Building Industry Press; 1996.
N-999,Liu et al. (2025),https://doi.org/10.1021/acs.est.5c05684,Not stated by publisher,"Row with id = 999 in the ""Database"" sheet of the freely downloadable Supporting Information (SI) at the DOI above.",Wang Du.Housing construction valuation handbook. Beijing: China Building Industry Press; 1996.
N-1000,Liu et al. (2025),https://doi.org/10.1021/acs.est.5c05684,Not stated by publisher,"Row with id = 1000 in the ""Database"" sheet of the freely downloadable Supporting Information (SI) at the DOI above.",Wang Du.Housing construction valuation handbook. Beijing: China Building Industry Press; 1996.
N-1001,Liu et al. (2025),https://doi.org/10.1021/acs.est.5c05684,Not stated by publisher,"Row with id = 1001 in the ""Database"" sheet of the freely downloadable Supporting Information (SI) at the DOI above.",Wang Du.Housing construction valuation handbook. Beijing: China Building Industry Press; 1996.
N-1002,Liu et al. (2025),https://doi.org/10.1021/acs.est.5c05684,Not stated by publisher,"Row with id = 1002 in the ""Database"" sheet of the freely downloadable Supporting Information (SI) at the DOI above.",Wang Du.Housing construction valuation handbook. Beijing: China Building Industry Press; 1996.
N-1003,Liu et al. (2025),https://doi.org/10.1021/acs.est.5c05684,Not stated by publisher,"Row with id = 1003 in the ""Database"" sheet of the freely downloadable Supporting Information (SI) at the DOI above.",Wang Du.Housing construction valuation handbook. Beijing: China Building Industry Press; 1996.
N-1004,Liu et al. (2025),https://doi.org/10.1021/acs.est.5c05684,Not stated by publisher,"Row with id = 1004 in the ""Database"" sheet of the freely downloadable Supporting Information (SI) at the DOI above.",Wang Du.Housing construction valuation handbook. Beijing: China Building Industry Press; 1996.
N-1005,Liu et al. (2025),https://doi.org/10.1021/acs.est.5c05684,Not stated by publisher,"Row with id = 1005 in the ""Database"" sheet of the freely downloadable Supporting Information (SI) at the DOI above.",Wang Du.Housing construction valuation handbook. Beijing: China Building Industry Press; 1996.
N-1006,Liu et al. (2025),https://doi.org/10.1021/acs.est.5c05684,Not stated by publisher,"Row with id = 1006 in the ""Database"" sheet of the freely downloadable Supporting Information (SI) at the DOI above.",Wang Du.Housing construction valuation handbook. Beijing: China Building Industry Press; 1996.
N-1007,Liu et al. (2025),https://doi.org/10.1021/acs.est.5c05684,Not stated by publisher,"Row with id = 1007 in the ""Database"" sheet of the freely downloadable Supporting Information (SI) at the DOI above.",Wang Du.Housing construction valuation handbook. Beijing: China Building Industry Press; 1996.
N-1008,Liu et al. (2025),https://doi.org/10.1021/acs.est.5c05684,Not stated by publisher,"Row with id = 1008 in the ""Database"" sheet of the freely downloadable Supporting Information (SI) at the DOI above.",Wang Du.Housing construction valuation handbook. Beijing: China Building Industry Press; 1996.
N-1009,Liu et al. (2025),https://doi.org/10.1021/acs.est.5c05684,Not stated by publisher,"Row with id = 1009 in the ""Database"" sheet of the freely downloadable Supporting Information (SI) at the DOI above.",Wang Du.Housing construction valuation handbook. Beijing: China Building Industry Press; 1996.
N-1010,Liu et al. (2025),https://doi.org/10.1021/acs.est.5c05684,Not stated by publisher,"Row with id = 1010 in the ""Database"" sheet of the freely downloadable Supporting Information (SI) at the DOI above.",Wang Du.Housing construction valuation handbook. Beijing: China Building Industry Press; 1996.
N-1011,Liu et al. (2025),https://doi.org/10.1021/acs.est.5c05684,Not stated by publisher,"Row with id = 1011 in the ""Database"" sheet of the freely downloadable Supporting Information (SI) at the DOI above.",Wang Du.Housing construction valuation handbook. Beijing: China Building Industry Press; 1996.
N-1012,Liu et al. (2025),https://doi.org/10.1021/acs.est.5c05684,Not stated by publisher,"Row with id = 1012 in the ""Database"" sheet of the freely downloadable Supporting Information (SI) at the DOI above.",Wang Du.Housing construction valuation handbook. Beijing: China Building Industry Press; 1996.
N-1013,Liu et al. (2025),https://doi.org/10.1021/acs.est.5c05684,Not stated by publisher,"Row with id = 1013 in the ""Database"" sheet of the freely downloadable Supporting Information (SI) at the DOI above.",Wang Du.Housing construction valuation handbook. Beijing: China Building Industry Press; 1996.
N-1014,Liu et al. (2025),https://doi.org/10.1021/acs.est.5c05684,Not stated by publisher,"Row with id = 1014 in the ""Database"" sheet of the freely downloadable Supporting Information (SI) at the DOI above.",Wang Du.Housing construction valuation handbook. Beijing: China Building Industry Press; 1996.
N-1015,Liu et al. (2025),https://doi.org/10.1021/acs.est.5c05684,Not stated by publisher,"Row with id = 1015 in the ""Database"" sheet of the freely downloadable Supporting Information (SI) at the DOI above.",Wang Du.Housing construction valuation handbook. Beijing: China Building Industry Press; 1996.
N-1016,Liu et al. (2025),https://doi.org/10.1021/acs.est.5c05684,Not stated by publisher,"Row with id = 1016 in the ""Database"" sheet of the freely downloadable Supporting Information (SI) at the DOI above.",Wang Du.Housing construction valuation handbook. Beijing: China Building Industry Press; 1996.
N-1017,Liu et al. (2025),https://doi.org/10.1021/acs.est.5c05684,Not stated by publisher,"Row with id = 1017 in the ""Database"" sheet of the freely downloadable Supporting Information (SI) at the DOI above.",Wang Du.Housing construction valuation handbook. Beijing: China Building Industry Press; 1996.
N-1018,Liu et al. (2025),https://doi.org/10.1021/acs.est.5c05684,Not stated by publisher,"Row with id = 1018 in the ""Database"" sheet of the freely downloadable Supporting Information (SI) at the DOI above.",Wang Du.Housing construction valuation handbook. Beijing: China Building Industry Press; 1996.
N-1019,Liu et al. (2025),https://doi.org/10.1021/acs.est.5c05684,Not stated by publisher,"Row with id = 1019 in the ""Database"" sheet of the freely downloadable Supporting Information (SI) at the DOI above.",Wang Du.Housing construction valuation handbook. Beijing: China Building Industry Press; 1996.
N-1020,Liu et al. (2025),https://doi.org/10.1021/acs.est.5c05684,Not stated by publisher,"Row with id = 1020 in the ""Database"" sheet of the freely downloadable Supporting Information (SI) at the DOI above.",Wang Du.Housing construction valuation handbook. Beijing: China Building Industry Press; 1996.
N-1021,Liu et al. (2025),https://doi.org/10.1021/acs.est.5c05684,Not stated by publisher,"Row with id = 1021 in the ""Database"" sheet of the freely downloadable Supporting Information (SI) at the DOI above.",Wang Du.Housing construction valuation handbook. Beijing: China Building Industry Press; 1996.
N-1022,Liu et al. (2025),https://doi.org/10.1021/acs.est.5c05684,Not stated by publisher,"Row with id = 1022 in the ""Database"" sheet of the freely downloadable Supporting Information (SI) at the DOI above.",Wang Du.Housing construction valuation handbook. Beijing: China Building Industry Press; 1996.
N-1023,Liu et al. (2025),https://doi.org/10.1021/acs.est.5c05684,Not stated by publisher,"Row with id = 1023 in the ""Database"" sheet of the freely downloadable Supporting Information (SI) at the DOI above.",Wang Du.Housing construction valuation handbook. Beijing: China Building Industry Press; 1996.
N-1024,Liu et al. (2025),https://doi.org/10.1021/acs.est.5c05684,Not stated by publisher,"Row with id = 1024 in the ""Database"" sheet of the freely downloadable Supporting Information (SI) at the DOI above.",Wang Du.Housing construction valuation handbook. Beijing: China Building Industry Press; 1996.
N-1025,Liu et al. (2025),https://doi.org/10.1021/acs.est.5c05684,Not stated by publisher,"Row with id = 1025 in the ""Database"" sheet of the freely downloadable Supporting Information (SI) at the DOI above.",Wang Du.Housing construction valuation handbook. Beijing: China Building Industry Press; 1996.
N-1026,Liu et al. (2025),https://doi.org/10.1021/acs.est.5c05684,Not stated by publisher,"Row with id = 1026 in the ""Database"" sheet of the freely downloadable Supporting Information (SI) at the DOI above.",Wang Du.Housing construction valuation handbook. Beijing: China Building Industry Press; 1996.
N-1027,Liu et al. (2025),https://doi.org/10.1021/acs.est.5c05684,Not stated by publisher,"Row with id = 1027 in the ""Database"" sheet of the freely downloadable Supporting Information (SI) at the DOI above.",Wang Du.Housing construction valuation handbook. Beijing: China Building Industry Press; 1996.
N-1028,Liu et al. (2025),https://doi.org/10.1021/acs.est.5c05684,Not stated by publisher,"Row with id = 1028 in the ""Database"" sheet of the freely downloadable Supporting Information (SI) at the DOI above.",Wang Du.Housing construction valuation handbook. Beijing: China Building Industry Press; 1996.
N-1029,Liu et al. (2025),https://doi.org/10.1021/acs.est.5c05684,Not stated by publisher,"Row with id = 1029 in the ""Database"" sheet of the freely downloadable Supporting Information (SI) at the DOI above.",Wang Du.Housing construction valuation handbook. Beijing: China Building Industry Press; 1996.
N-1030,Liu et al. (2025),https://doi.org/10.1021/acs.est.5c05684,Not stated by publisher,"Row with id = 1030 in the ""Database"" sheet of the freely downloadable Supporting Information (SI) at the DOI above.",Wang Du.Housing construction valuation handbook. Beijing: China Building Industry Press; 1996.
N-1031,Liu et al. (2025),https://doi.org/10.1021/acs.est.5c05684,Not stated by publisher,"Row with id = 1031 in the ""Database"" sheet of the freely downloadable Supporting Information (SI) at the DOI above.",Wang Du.Housing construction valuation handbook. Beijing: China Building Industry Press; 1996.
N-1032,Liu et al. (2025),https://doi.org/10.1021/acs.est.5c05684,Not stated by publisher,"Row with id = 1032 in the ""Database"" sheet of the freely downloadable Supporting Information (SI) at the DOI above.",Wang Du.Housing construction valuation handbook. Beijing: China Building Industry Press; 1996.
N-1033,Liu et al. (2025),https://doi.org/10.1021/acs.est.5c05684,Not stated by publisher,"Row with id = 1033 in the ""Database"" sheet of the freely downloadable Supporting Information (SI) at the DOI above.",Wang Du.Housing construction valuation handbook. Beijing: China Building Industry Press; 1996.
N-1034,Liu et al. (2025),https://doi.org/10.1021/acs.est.5c05684,Not stated by publisher,"Row with id = 1034 in the ""Database"" sheet of the freely downloadable Supporting Information (SI) at the DOI above.",Wang Du.Housing construction valuation handbook. Beijing: China Building Industry Press; 1996.
N-1035,Liu et al. (2025),https://doi.org/10.1021/acs.est.5c05684,Not stated by publisher,"Row with id = 1035 in the ""Database"" sheet of the freely downloadable Supporting Information (SI) at the DOI above.",Wang Du.Housing construction valuation handbook. Beijing: China Building Industry Press; 1996.
N-1036,Liu et al. (2025),https://doi.org/10.1021/acs.est.5c05684,Not stated by publisher,"Row with id = 1036 in the ""Database"" sheet of the freely downloadable Supporting Information (SI) at the DOI above.",Wang Du.Housing construction valuation handbook. Beijing: China Building Industry Press; 1996.
N-1037,Liu et al. (2025),https://doi.org/10.1021/acs.est.5c05684,Not stated by publisher,"Row with id = 1037 in the ""Database"" sheet of the freely downloadable Supporting Information (SI) at the DOI above.",Wang Du.Housing construction valuation handbook. Beijing: China Building Industry Press; 1996.
N-1038,Liu et al. (2025),https://doi.org/10.1021/acs.est.5c05684,Not stated by publisher,"Row with id = 1038 in the ""Database"" sheet of the freely downloadable Supporting Information (SI) at the DOI above.",Wang Du.Housing construction valuation handbook. Beijing: China Building Industry Press; 1996.
N-1040,Liu et al. (2025),https://doi.org/10.1021/acs.est.5c05684,Not stated by publisher,"Row with id = 1040 in the ""Database"" sheet of the freely downloadable Supporting Information (SI) at the DOI above.",Wang Du.Housing construction valuation handbook. Beijing: China Building Industry Press; 1996.
N-1041,Liu et al. (2025),https://doi.org/10.1021/acs.est.5c05684,Not stated by publisher,"Row with id = 1041 in the ""Database"" sheet of the freely downloadable Supporting Information (SI) at the DOI above.",Wang Du.Housing construction valuation handbook. Beijing: China Building Industry Press; 1996.
N-1042,Liu et al. (2025),https://doi.org/10.1021/acs.est.5c05684,Not stated by publisher,"Row with id = 1042 in the ""Database"" sheet of the freely downloadable Supporting Information (SI) at the DOI above.",Wang Du.Housing construction valuation handbook. Beijing: China Building Industry Press; 1996.
N-1043,Liu et al. (2025),https://doi.org/10.1021/acs.est.5c05684,Not stated by publisher,"Row with id = 1043 in the ""Database"" sheet of the freely downloadable Supporting Information (SI) at the DOI above.",Wang Du.Housing construction valuation handbook. Beijing: China Building Industry Press; 1996.
N-1045,Liu et al. (2025),https://doi.org/10.1021/acs.est.5c05684,Not stated by publisher,"Row with id = 1045 in the ""Database"" sheet of the freely downloadable Supporting Information (SI) at the DOI above.",Wang Du.Housing construction valuation handbook. Beijing: China Building Industry Press; 1996.
N-1046,Liu et al. (2025),https://doi.org/10.1021/acs.est.5c05684,Not stated by publisher,"Row with id = 1046 in the ""Database"" sheet of the freely downloadable Supporting Information (SI) at the DOI above.",Wang Du.Housing construction valuation handbook. Beijing: China Building Industry Press; 1996.
N-1047,Liu et al. (2025),https://doi.org/10.1021/acs.est.5c05684,Not stated by publisher,"Row with id = 1047 in the ""Database"" sheet of the freely downloadable Supporting Information (SI) at the DOI above.",Wang Du.Housing construction valuation handbook. Beijing: China Building Industry Press; 1996.
N-1048,Liu et al. (2025),https://doi.org/10.1021/acs.est.5c05684,Not stated by publisher,"Row with id = 1048 in the ""Database"" sheet of the freely downloadable Supporting Information (SI) at the DOI above.",Wang Du.Housing construction valuation handbook. Beijing: China Building Industry Press; 1996.
N-1049,Liu et al. (2025),https://doi.org/10.1021/acs.est.5c05684,Not stated by publisher,"Row with id = 1049 in the ""Database"" sheet of the freely downloadable Supporting Information (SI) at the DOI above.",Wang Du.Housing construction valuation handbook. Beijing: China Building Industry Press; 1996.
N-1050,Liu et al. (2025),https://doi.org/10.1021/acs.est.5c05684,Not stated by publisher,"Row with id = 1050 in the ""Database"" sheet of the freely downloadable Supporting Information (SI) at the DOI above.",Wang Du.Housing construction valuation handbook. Beijing: China Building Industry Press; 1996.
N-1052,Liu et al. (2025),https://doi.org/10.1021/acs.est.5c05684,Not stated by publisher,"Row with id = 1052 in the ""Database"" sheet of the freely downloadable Supporting Information (SI) at the DOI above.",Wang Du.Housing construction valuation handbook. Beijing: China Building Industry Press; 1996.
N-1053,Liu et al. (2025),https://doi.org/10.1021/acs.est.5c05684,Not stated by publisher,"Row with id = 1053 in the ""Database"" sheet of the freely downloadable Supporting Information (SI) at the DOI above.",Wang Du.Housing construction valuation handbook. Beijing: China Building Industry Press; 1996.
N-1054,Liu et al. (2025),https://doi.org/10.1021/acs.est.5c05684,Not stated by publisher,"Row with id = 1054 in the ""Database"" sheet of the freely downloadable Supporting Information (SI) at the DOI above.",Wang Du.Housing construction valuation handbook. Beijing: China Building Industry Press; 1996.
N-1055,Liu et al. (2025),https://doi.org/10.1021/acs.est.5c05684,Not stated by publisher,"Row with id = 1055 in the ""Database"" sheet of the freely downloadable Supporting Information (SI) at the DOI above.",Wang Du.Housing construction valuation handbook. Beijing: China Building Industry Press; 1996.
N-1056,Liu et al. (2025),https://doi.org/10.1021/acs.est.5c05684,Not stated by publisher,"Row with id = 1056 in the ""Database"" sheet of the freely downloadable Supporting Information (SI) at the DOI above.",Wang Du.Housing construction valuation handbook. Beijing: China Building Industry Press; 1996.
N-1057,Liu et al. (2025),https://doi.org/10.1021/acs.est.5c05684,Not stated by publisher,"Row with id = 1057 in the ""Database"" sheet of the freely downloadable Supporting Information (SI) at the DOI above.",Wang Du.Housing construction valuation handbook. Beijing: China Building Industry Press; 1996.
N-1058,Liu et al. (2025),https://doi.org/10.1021/acs.est.5c05684,Not stated by publisher,"Row with id = 1058 in the ""Database"" sheet of the freely downloadable Supporting Information (SI) at the DOI above.",Wang Du.Housing construction valuation handbook. Beijing: China Building Industry Press; 1996.
N-1059,Liu et al. (2025),https://doi.org/10.1021/acs.est.5c05684,Not stated by publisher,"Row with id = 1059 in the ""Database"" sheet of the freely downloadable Supporting Information (SI) at the DOI above.",Wang Du.Housing construction valuation handbook. Beijing: China Building Industry Press; 1996.
N-1060,Liu et al. (2025),https://doi.org/10.1021/acs.est.5c05684,Not stated by publisher,"Row with id = 1060 in the ""Database"" sheet of the freely downloadable Supporting Information (SI) at the DOI above.",Wang Du.Housing construction valuation handbook. Beijing: China Building Industry Press; 1996.
N-1061,Liu et al. (2025),https://doi.org/10.1021/acs.est.5c05684,Not stated by publisher,"Row with id = 1061 in the ""Database"" sheet of the freely downloadable Supporting Information (SI) at the DOI above.",Wang Du.Housing construction valuation handbook. Beijing: China Building Industry Press; 1996.
N-1062,Liu et al. (2025),https://doi.org/10.1021/acs.est.5c05684,Not stated by publisher,"Row with id = 1062 in the ""Database"" sheet of the freely downloadable Supporting Information (SI) at the DOI above.",Wang Du.Housing construction valuation handbook. Beijing: China Building Industry Press; 1996.
N-1063,Liu et al. (2025),https://doi.org/10.1021/acs.est.5c05684,Not stated by publisher,"Row with id = 1063 in the ""Database"" sheet of the freely downloadable Supporting Information (SI) at the DOI above.",Wang Du.Housing construction valuation handbook. Beijing: China Building Industry Press; 1996.
N-1064,Liu et al. (2025),https://doi.org/10.1021/acs.est.5c05684,Not stated by publisher,"Row with id = 1064 in the ""Database"" sheet of the freely downloadable Supporting Information (SI) at the DOI above.",Wang Du.Housing construction valuation handbook. Beijing: China Building Industry Press; 1996.
N-1065,Liu et al. (2025),https://doi.org/10.1021/acs.est.5c05684,Not stated by publisher,"Row with id = 1065 in the ""Database"" sheet of the freely downloadable Supporting Information (SI) at the DOI above.",Wang Du.Housing construction valuation handbook. Beijing: China Building Industry Press; 1996.
N-1066,Liu et al. (2025),https://doi.org/10.1021/acs.est.5c05684,Not stated by publisher,"Row with id = 1066 in the ""Database"" sheet of the freely downloadable Supporting Information (SI) at the DOI above.",Wang Du.Housing construction valuation handbook. Beijing: China Building Industry Press; 1996.
N-1067,Liu et al. (2025),https://doi.org/10.1021/acs.est.5c05684,Not stated by publisher,"Row with id = 1067 in the ""Database"" sheet of the freely downloadable Supporting Information (SI) at the DOI above.",Wang Du.Housing construction valuation handbook. Beijing: China Building Industry Press; 1996.
N-1068,Liu et al. (2025),https://doi.org/10.1021/acs.est.5c05684,Not stated by publisher,"Row with id = 1068 in the ""Database"" sheet of the freely downloadable Supporting Information (SI) at the DOI above.",Wang Du.Housing construction valuation handbook. Beijing: China Building Industry Press; 1996.
N-1069,Liu et al. (2025),https://doi.org/10.1021/acs.est.5c05684,Not stated by publisher,"Row with id = 1069 in the ""Database"" sheet of the freely downloadable Supporting Information (SI) at the DOI above.",Wang Du.Housing construction valuation handbook. Beijing: China Building Industry Press; 1996.
N-1070,Liu et al. (2025),https://doi.org/10.1021/acs.est.5c05684,Not stated by publisher,"Row with id = 1070 in the ""Database"" sheet of the freely downloadable Supporting Information (SI) at the DOI above.",Wang Du.Housing construction valuation handbook. Beijing: China Building Industry Press; 1996.
N-1071,Liu et al. (2025),https://doi.org/10.1021/acs.est.5c05684,Not stated by publisher,"Row with id = 1071 in the ""Database"" sheet of the freely downloadable Supporting Information (SI) at the DOI above.",Wang Du.Housing construction valuation handbook. Beijing: China Building Industry Press; 1996.
N-1072,Liu et al. (2025),https://doi.org/10.1021/acs.est.5c05684,Not stated by publisher,"Row with id = 1072 in the ""Database"" sheet of the freely downloadable Supporting Information (SI) at the DOI above.",Wang Du.Housing construction valuation handbook. Beijing: China Building Industry Press; 1996.
N-1073,Liu et al. (2025),https://doi.org/10.1021/acs.est.5c05684,Not stated by publisher,"Row with id = 1073 in the ""Database"" sheet of the freely downloadable Supporting Information (SI) at the DOI above.",Wang Du.Housing construction valuation handbook. Beijing: China Building Industry Press; 1996.
N-1074,Liu et al. (2025),https://doi.org/10.1021/acs.est.5c05684,Not stated by publisher,"Row with id = 1074 in the ""Database"" sheet of the freely downloadable Supporting Information (SI) at the DOI above.",Wang Du.Housing construction valuation handbook. Beijing: China Building Industry Press; 1996.
N-1075,Liu et al. (2025),https://doi.org/10.1021/acs.est.5c05684,Not stated by publisher,"Row with id = 1075 in the ""Database"" sheet of the freely downloadable Supporting Information (SI) at the DOI above.",Wang Du.Housing construction valuation handbook. Beijing: China Building Industry Press; 1996.
N-1076,Liu et al. (2025),https://doi.org/10.1021/acs.est.5c05684,Not stated by publisher,"Row with id = 1076 in the ""Database"" sheet of the freely downloadable Supporting Information (SI) at the DOI above.",Wang Du.Housing construction valuation handbook. Beijing: China Building Industry Press; 1996.
N-1077,Liu et al. (2025),https://doi.org/10.1021/acs.est.5c05684,Not stated by publisher,"Row with id = 1077 in the ""Database"" sheet of the freely downloadable Supporting Information (SI) at the DOI above.",Wang Du.Housing construction valuation handbook. Beijing: China Building Industry Press; 1996.
N-1078,Liu et al. (2025),https://doi.org/10.1021/acs.est.5c05684,Not stated by publisher,"Row with id = 1078 in the ""Database"" sheet of the freely downloadable Supporting Information (SI) at the DOI above.",Wang Du.Housing construction valuation handbook. Beijing: China Building Industry Press; 1996.
N-1079,Liu et al. (2025),https://doi.org/10.1021/acs.est.5c05684,Not stated by publisher,"Row with id = 1079 in the ""Database"" sheet of the freely downloadable Supporting Information (SI) at the DOI above.",Wang Du.Housing construction valuation handbook. Beijing: China Building Industry Press; 1996.
N-1080,Liu et al. (2025),https://doi.org/10.1021/acs.est.5c05684,Not stated by publisher,"Row with id = 1080 in the ""Database"" sheet of the freely downloadable Supporting Information (SI) at the DOI above.",Wang Du.Housing construction valuation handbook. Beijing: China Building Industry Press; 1996.
N-1081,Liu et al. (2025),https://doi.org/10.1021/acs.est.5c05684,Not stated by publisher,"Row with id = 1081 in the ""Database"" sheet of the freely downloadable Supporting Information (SI) at the DOI above.",Wang Du.Housing construction valuation handbook. Beijing: China Building Industry Press; 1996.
N-1082,Liu et al. (2025),https://doi.org/10.1021/acs.est.5c05684,Not stated by publisher,"Row with id = 1082 in the ""Database"" sheet of the freely downloadable Supporting Information (SI) at the DOI above.",Wang Du.Housing construction valuation handbook. Beijing: China Building Industry Press; 1996.
N-1083,Liu et al. (2025),https://doi.org/10.1021/acs.est.5c05684,Not stated by publisher,"Row with id = 1083 in the ""Database"" sheet of the freely downloadable Supporting Information (SI) at the DOI above.",Wang Du.Housing construction valuation handbook. Beijing: China Building Industry Press; 1996.
N-1084,Liu et al. (2025),https://doi.org/10.1021/acs.est.5c05684,Not stated by publisher,"Row with id = 1084 in the ""Database"" sheet of the freely downloadable Supporting Information (SI) at the DOI above.",Wang Du.Housing construction valuation handbook. Beijing: China Building Industry Press; 1996.
N-1085,Liu et al. (2025),https://doi.org/10.1021/acs.est.5c05684,Not stated by publisher,"Row with id = 1085 in the ""Database"" sheet of the freely downloadable Supporting Information (SI) at the DOI above.",Wang Du.Housing construction valuation handbook. Beijing: China Building Industry Press; 1996.
N-1088,Liu et al. (2025),https://doi.org/10.1021/acs.est.5c05684,Not stated by publisher,"Row with id = 1088 in the ""Database"" sheet of the freely downloadable Supporting Information (SI) at the DOI above.",Wang Du.Housing construction valuation handbook. Beijing: China Building Industry Press; 1996.
N-1089,Liu et al. (2025),https://doi.org/10.1021/acs.est.5c05684,Not stated by publisher,"Row with id = 1089 in the ""Database"" sheet of the freely downloadable Supporting Information (SI) at the DOI above.",Wang Du.Housing construction valuation handbook. Beijing: China Building Industry Press; 1996.
N-1090,Liu et al. (2025),https://doi.org/10.1021/acs.est.5c05684,Not stated by publisher,"Row with id = 1090 in the ""Database"" sheet of the freely downloadable Supporting Information (SI) at the DOI above.",Wang Du.Housing construction valuation handbook. Beijing: China Building Industry Press; 1996.
N-1091,Liu et al. (2025),https://doi.org/10.1021/acs.est.5c05684,Not stated by publisher,"Row with id = 1091 in the ""Database"" sheet of the freely downloadable Supporting Information (SI) at the DOI above.",Wang Du.Housing construction valuation handbook. Beijing: China Building Industry Press; 1996.
N-1092,Liu et al. (2025),https://doi.org/10.1021/acs.est.5c05684,Not stated by publisher,"Row with id = 1092 in the ""Database"" sheet of the freely downloadable Supporting Information (SI) at the DOI above.",Wang Du.Housing construction valuation handbook. Beijing: China Building Industry Press; 1996.
N-1093,Liu et al. (2025),https://doi.org/10.1021/acs.est.5c05684,Not stated by publisher,"Row with id = 1093 in the ""Database"" sheet of the freely downloadable Supporting Information (SI) at the DOI above.",Wang Du.Housing construction valuation handbook. Beijing: China Building Industry Press; 1996.
N-1094,Liu et al. (2025),https://doi.org/10.1021/acs.est.5c05684,Not stated by publisher,"Row with id = 1094 in the ""Database"" sheet of the freely downloadable Supporting Information (SI) at the DOI above.",Wang Du.Housing construction valuation handbook. Beijing: China Building Industry Press; 1996.
N-1095,Liu et al. (2025),https://doi.org/10.1021/acs.est.5c05684,Not stated by publisher,"Row with id = 1095 in the ""Database"" sheet of the freely downloadable Supporting Information (SI) at the DOI above.",Wang Du.Housing construction valuation handbook. Beijing: China Building Industry Press; 1996.
N-1096,Liu et al. (2025),https://doi.org/10.1021/acs.est.5c05684,Not stated by publisher,"Row with id = 1096 in the ""Database"" sheet of the freely downloadable Supporting Information (SI) at the DOI above.",Wang Du.Housing construction valuation handbook. Beijing: China Building Industry Press; 1996.
N-1097,Liu et al. (2025),https://doi.org/10.1021/acs.est.5c05684,Not stated by publisher,"Row with id = 1097 in the ""Database"" sheet of the freely downloadable Supporting Information (SI) at the DOI above.",Wang Du.Housing construction valuation handbook. Beijing: China Building Industry Press; 1996.
N-1098,Liu et al. (2025),https://doi.org/10.1021/acs.est.5c05684,Not stated by publisher,"Row with id = 1098 in the ""Database"" sheet of the freely downloadable Supporting Information (SI) at the DOI above.",Wang Du.Housing construction valuation handbook. Beijing: China Building Industry Press; 1996.
N-1099,Liu et al. (2025),https://doi.org/10.1021/acs.est.5c05684,Not stated by publisher,"Row with id = 1099 in the ""Database"" sheet of the freely downloadable Supporting Information (SI) at the DOI above.",Wang Du.Housing construction valuation handbook. Beijing: China Building Industry Press; 1996.
N-1100,Liu et al. (2025),https://doi.org/10.1021/acs.est.5c05684,Not stated by publisher,"Row with id = 1100 in the ""Database"" sheet of the freely downloadable Supporting Information (SI) at the DOI above.",Wang Du.Housing construction valuation handbook. Beijing: China Building Industry Press; 1996.
N-1101,Liu et al. (2025),https://doi.org/10.1021/acs.est.5c05684,Not stated by publisher,"Row with id = 1101 in the ""Database"" sheet of the freely downloadable Supporting Information (SI) at the DOI above.",Wang Du.Housing construction valuation handbook. Beijing: China Building Industry Press; 1996.
N-1102,Liu et al. (2025),https://doi.org/10.1021/acs.est.5c05684,Not stated by publisher,"Row with id = 1102 in the ""Database"" sheet of the freely downloadable Supporting Information (SI) at the DOI above.",Wang Du.Housing construction valuation handbook. Beijing: China Building Industry Press; 1996.
N-1103,Liu et al. (2025),https://doi.org/10.1021/acs.est.5c05684,Not stated by publisher,"Row with id = 1103 in the ""Database"" sheet of the freely downloadable Supporting Information (SI) at the DOI above.",Wang Du.Housing construction valuation handbook. Beijing: China Building Industry Press; 1996.
N-1104,Liu et al. (2025),https://doi.org/10.1021/acs.est.5c05684,Not stated by publisher,"Row with id = 1104 in the ""Database"" sheet of the freely downloadable Supporting Information (SI) at the DOI above.",Wang Du.Housing construction valuation handbook. Beijing: China Building Industry Press; 1996.
N-1105,Liu et al. (2025),https://doi.org/10.1021/acs.est.5c05684,Not stated by publisher,"Row with id = 1105 in the ""Database"" sheet of the freely downloadable Supporting Information (SI) at the DOI above.",Wang Du.Housing construction valuation handbook. Beijing: China Building Industry Press; 1996.
N-1106,Liu et al. (2025),https://doi.org/10.1021/acs.est.5c05684,Not stated by publisher,"Row with id = 1106 in the ""Database"" sheet of the freely downloadable Supporting Information (SI) at the DOI above.",Wang Du.Housing construction valuation handbook. Beijing: China Building Industry Press; 1996.
N-1107,Liu et al. (2025),https://doi.org/10.1021/acs.est.5c05684,Not stated by publisher,"Row with id = 1107 in the ""Database"" sheet of the freely downloadable Supporting Information (SI) at the DOI above.",Wang Du.Housing construction valuation handbook. Beijing: China Building Industry Press; 1996.
N-1108,Liu et al. (2025),https://doi.org/10.1021/acs.est.5c05684,Not stated by publisher,"Row with id = 1108 in the ""Database"" sheet of the freely downloadable Supporting Information (SI) at the DOI above.",Wang Du.Housing construction valuation handbook. Beijing: China Building Industry Press; 1996.
N-1109,Liu et al. (2025),https://doi.org/10.1021/acs.est.5c05684,Not stated by publisher,"Row with id = 1109 in the ""Database"" sheet of the freely downloadable Supporting Information (SI) at the DOI above.",Wang Du.Housing construction valuation handbook. Beijing: China Building Industry Press; 1996.
N-1110,Liu et al. (2025),https://doi.org/10.1021/acs.est.5c05684,Not stated by publisher,"Row with id = 1110 in the ""Database"" sheet of the freely downloadable Supporting Information (SI) at the DOI above.",Wang Du.Housing construction valuation handbook. Beijing: China Building Industry Press; 1996.
N-1111,Liu et al. (2025),https://doi.org/10.1021/acs.est.5c05684,Not stated by publisher,"Row with id = 1111 in the ""Database"" sheet of the freely downloadable Supporting Information (SI) at the DOI above.",Wang Du.Housing construction valuation handbook. Beijing: China Building Industry Press; 1996.
N-1112,Liu et al. (2025),https://doi.org/10.1021/acs.est.5c05684,Not stated by publisher,"Row with id = 1112 in the ""Database"" sheet of the freely downloadable Supporting Information (SI) at the DOI above.",Wang Du.Housing construction valuation handbook. Beijing: China Building Industry Press; 1996.
N-1113,Liu et al. (2025),https://doi.org/10.1021/acs.est.5c05684,Not stated by publisher,"Row with id = 1113 in the ""Database"" sheet of the freely downloadable Supporting Information (SI) at the DOI above.",Wang Du.Housing construction valuation handbook. Beijing: China Building Industry Press; 1996.
N-1114,Liu et al. (2025),https://doi.org/10.1021/acs.est.5c05684,Not stated by publisher,"Row with id = 1114 in the ""Database"" sheet of the freely downloadable Supporting Information (SI) at the DOI above.",Wang Du.Housing construction valuation handbook. Beijing: China Building Industry Press; 1996.
N-1115,Liu et al. (2025),https://doi.org/10.1021/acs.est.5c05684,Not stated by publisher,"Row with id = 1115 in the ""Database"" sheet of the freely downloadable Supporting Information (SI) at the DOI above.",Wang Du.Housing construction valuation handbook. Beijing: China Building Industry Press; 1996.
N-1116,Liu et al. (2025),https://doi.org/10.1021/acs.est.5c05684,Not stated by publisher,"Row with id = 1116 in the ""Database"" sheet of the freely downloadable Supporting Information (SI) at the DOI above.",Wang Du.Housing construction valuation handbook. Beijing: China Building Industry Press; 1996.
N-1118,Liu et al. (2025),https://doi.org/10.1021/acs.est.5c05684,Not stated by publisher,"Row with id = 1118 in the ""Database"" sheet of the freely downloadable Supporting Information (SI) at the DOI above.",Wang Du.Housing construction valuation handbook. Beijing: China Building Industry Press; 1996.
N-1119,Liu et al. (2025),https://doi.org/10.1021/acs.est.5c05684,Not stated by publisher,"Row with id = 1119 in the ""Database"" sheet of the freely downloadable Supporting Information (SI) at the DOI above.",Wang Du.Housing construction valuation handbook. Beijing: China Building Industry Press; 1996.
N-1120,Liu et al. (2025),https://doi.org/10.1021/acs.est.5c05684,Not stated by publisher,"Row with id = 1120 in the ""Database"" sheet of the freely downloadable Supporting Information (SI) at the DOI above.",Wang Du.Housing construction valuation handbook. Beijing: China Building Industry Press; 1996.
N-1121,Liu et al. (2025),https://doi.org/10.1021/acs.est.5c05684,Not stated by publisher,"Row with id = 1121 in the ""Database"" sheet of the freely downloadable Supporting Information (SI) at the DOI above.",Wang Du.Housing construction valuation handbook. Beijing: China Building Industry Press; 1996.
N-1122,Liu et al. (2025),https://doi.org/10.1021/acs.est.5c05684,Not stated by publisher,"Row with id = 1122 in the ""Database"" sheet of the freely downloadable Supporting Information (SI) at the DOI above.",Wang Du.Housing construction valuation handbook. Beijing: China Building Industry Press; 1996.
N-1123,Liu et al. (2025),https://doi.org/10.1021/acs.est.5c05684,Not stated by publisher,"Row with id = 1123 in the ""Database"" sheet of the freely downloadable Supporting Information (SI) at the DOI above.",Wang Du.Housing construction valuation handbook. Beijing: China Building Industry Press; 1996.
N-1124,Liu et al. (2025),https://doi.org/10.1021/acs.est.5c05684,Not stated by publisher,"Row with id = 1124 in the ""Database"" sheet of the freely downloadable Supporting Information (SI) at the DOI above.",Wang Du.Housing construction valuation handbook. Beijing: China Building Industry Press; 1996.
N-1125,Liu et al. (2025),https://doi.org/10.1021/acs.est.5c05684,Not stated by publisher,"Row with id = 1125 in the ""Database"" sheet of the freely downloadable Supporting Information (SI) at the DOI above.",Wang Du.Housing construction valuation handbook. Beijing: China Building Industry Press; 1996.
N-1126,Liu et al. (2025),https://doi.org/10.1021/acs.est.5c05684,Not stated by publisher,"Row with id = 1126 in the ""Database"" sheet of the freely downloadable Supporting Information (SI) at the DOI above.",Wang Du.Housing construction valuation handbook. Beijing: China Building Industry Press; 1996.
N-1127,Liu et al. (2025),https://doi.org/10.1021/acs.est.5c05684,Not stated by publisher,"Row with id = 1127 in the ""Database"" sheet of the freely downloadable Supporting Information (SI) at the DOI above.",Wang Du.Housing construction valuation handbook. Beijing: China Building Industry Press; 1996.
N-1128,Liu et al. (2025),https://doi.org/10.1021/acs.est.5c05684,Not stated by publisher,"Row with id = 1128 in the ""Database"" sheet of the freely downloadable Supporting Information (SI) at the DOI above.",Wang Du.Housing construction valuation handbook. Beijing: China Building Industry Press; 1996.
N-1129,Liu et al. (2025),https://doi.org/10.1021/acs.est.5c05684,Not stated by publisher,"Row with id = 1129 in the ""Database"" sheet of the freely downloadable Supporting Information (SI) at the DOI above.",Wang Du.Housing construction valuation handbook. Beijing: China Building Industry Press; 1996.
N-1130,Liu et al. (2025),https://doi.org/10.1021/acs.est.5c05684,Not stated by publisher,"Row with id = 1130 in the ""Database"" sheet of the freely downloadable Supporting Information (SI) at the DOI above.",Wang Du.Housing construction valuation handbook. Beijing: China Building Industry Press; 1996.
N-1131,Liu et al. (2025),https://doi.org/10.1021/acs.est.5c05684,Not stated by publisher,"Row with id = 1131 in the ""Database"" sheet of the freely downloadable Supporting Information (SI) at the DOI above.",Wang Du.Housing construction valuation handbook. Beijing: China Building Industry Press; 1996.
N-1132,Liu et al. (2025),https://doi.org/10.1021/acs.est.5c05684,Not stated by publisher,"Row with id = 1132 in the ""Database"" sheet of the freely downloadable Supporting Information (SI) at the DOI above.",Wang Du.Housing construction valuation handbook. Beijing: China Building Industry Press; 1996.
N-1133,Liu et al. (2025),https://doi.org/10.1021/acs.est.5c05684,Not stated by publisher,"Row with id = 1133 in the ""Database"" sheet of the freely downloadable Supporting Information (SI) at the DOI above.",Wang Du.Housing construction valuation handbook. Beijing: China Building Industry Press; 1996.
N-1134,Liu et al. (2025),https://doi.org/10.1021/acs.est.5c05684,Not stated by publisher,"Row with id = 1134 in the ""Database"" sheet of the freely downloadable Supporting Information (SI) at the DOI above.",Wang Du.Housing construction valuation handbook. Beijing: China Building Industry Press; 1996.
N-1135,Liu et al. (2025),https://doi.org/10.1021/acs.est.5c05684,Not stated by publisher,"Row with id = 1135 in the ""Database"" sheet of the freely downloadable Supporting Information (SI) at the DOI above.",Wang Du.Housing construction valuation handbook. Beijing: China Building Industry Press; 1996.
N-1136,Liu et al. (2025),https://doi.org/10.1021/acs.est.5c05684,Not stated by publisher,"Row with id = 1136 in the ""Database"" sheet of the freely downloadable Supporting Information (SI) at the DOI above.",Wang Du.Housing construction valuation handbook. Beijing: China Building Industry Press; 1996.
N-1137,Liu et al. (2025),https://doi.org/10.1021/acs.est.5c05684,Not stated by publisher,"Row with id = 1137 in the ""Database"" sheet of the freely downloadable Supporting Information (SI) at the DOI above.",Wang Du.Housing construction valuation handbook. Beijing: China Building Industry Press; 1996.
N-1138,Liu et al. (2025),https://doi.org/10.1021/acs.est.5c05684,Not stated by publisher,"Row with id = 1138 in the ""Database"" sheet of the freely downloadable Supporting Information (SI) at the DOI above.",Wang Du.Housing construction valuation handbook. Beijing: China Building Industry Press; 1996.
N-1139,Liu et al. (2025),https://doi.org/10.1021/acs.est.5c05684,Not stated by publisher,"Row with id = 1139 in the ""Database"" sheet of the freely downloadable Supporting Information (SI) at the DOI above.",Wang Du.Housing construction valuation handbook. Beijing: China Building Industry Press; 1996.
N-1140,Liu et al. (2025),https://doi.org/10.1021/acs.est.5c05684,Not stated by publisher,"Row with id = 1140 in the ""Database"" sheet of the freely downloadable Supporting Information (SI) at the DOI above.",Wang Du.Housing construction valuation handbook. Beijing: China Building Industry Press; 1996.
N-1141,Liu et al. (2025),https://doi.org/10.1021/acs.est.5c05684,Not stated by publisher,"Row with id = 1141 in the ""Database"" sheet of the freely downloadable Supporting Information (SI) at the DOI above.",Wang Du.Housing construction valuation handbook. Beijing: China Building Industry Press; 1996.
N-1142,Liu et al. (2025),https://doi.org/10.1021/acs.est.5c05684,Not stated by publisher,"Row with id = 1142 in the ""Database"" sheet of the freely downloadable Supporting Information (SI) at the DOI above.",Wang Du.Housing construction valuation handbook. Beijing: China Building Industry Press; 1996.
N-1143,Liu et al. (2025),https://doi.org/10.1021/acs.est.5c05684,Not stated by publisher,"Row with id = 1143 in the ""Database"" sheet of the freely downloadable Supporting Information (SI) at the DOI above.",Wang Du.Housing construction valuation handbook. Beijing: China Building Industry Press; 1996.
N-1144,Liu et al. (2025),https://doi.org/10.1021/acs.est.5c05684,Not stated by publisher,"Row with id = 1144 in the ""Database"" sheet of the freely downloadable Supporting Information (SI) at the DOI above.",Wang Du.Housing construction valuation handbook. Beijing: China Building Industry Press; 1996.
N-1145,Liu et al. (2025),https://doi.org/10.1021/acs.est.5c05684,Not stated by publisher,"Row with id = 1145 in the ""Database"" sheet of the freely downloadable Supporting Information (SI) at the DOI above.",Wang Du.Housing construction valuation handbook. Beijing: China Building Industry Press; 1996.
N-1146,Liu et al. (2025),https://doi.org/10.1021/acs.est.5c05684,Not stated by publisher,"Row with id = 1146 in the ""Database"" sheet of the freely downloadable Supporting Information (SI) at the DOI above.",Wang Du.Housing construction valuation handbook. Beijing: China Building Industry Press; 1996.
N-1147,Liu et al. (2025),https://doi.org/10.1021/acs.est.5c05684,Not stated by publisher,"Row with id = 1147 in the ""Database"" sheet of the freely downloadable Supporting Information (SI) at the DOI above.",Wang Du.Housing construction valuation handbook. Beijing: China Building Industry Press; 1996.
N-1149,Liu et al. (2025),https://doi.org/10.1021/acs.est.5c05684,Not stated by publisher,"Row with id = 1149 in the ""Database"" sheet of the freely downloadable Supporting Information (SI) at the DOI above.",Wang Du.Housing construction valuation handbook. Beijing: China Building Industry Press; 1996.
N-1150,Liu et al. (2025),https://doi.org/10.1021/acs.est.5c05684,Not stated by publisher,"Row with id = 1150 in the ""Database"" sheet of the freely downloadable Supporting Information (SI) at the DOI above.",Wang Du.Housing construction valuation handbook. Beijing: China Building Industry Press; 1996.
N-1151,Liu et al. (2025),https://doi.org/10.1021/acs.est.5c05684,Not stated by publisher,"Row with id = 1151 in the ""Database"" sheet of the freely downloadable Supporting Information (SI) at the DOI above.",Wang Du.Housing construction valuation handbook. Beijing: China Building Industry Press; 1996.
N-1152,Liu et al. (2025),https://doi.org/10.1021/acs.est.5c05684,Not stated by publisher,"Row with id = 1152 in the ""Database"" sheet of the freely downloadable Supporting Information (SI) at the DOI above.",Wang Du.Housing construction valuation handbook. Beijing: China Building Industry Press; 1996.
N-1153,Liu et al. (2025),https://doi.org/10.1021/acs.est.5c05684,Not stated by publisher,"Row with id = 1153 in the ""Database"" sheet of the freely downloadable Supporting Information (SI) at the DOI above.",Wang Du.Housing construction valuation handbook. Beijing: China Building Industry Press; 1996.
N-1154,Liu et al. (2025),https://doi.org/10.1021/acs.est.5c05684,Not stated by publisher,"Row with id = 1154 in the ""Database"" sheet of the freely downloadable Supporting Information (SI) at the DOI above.",Wang Du.Housing construction valuation handbook. Beijing: China Building Industry Press; 1996.
N-1155,Liu et al. (2025),https://doi.org/10.1021/acs.est.5c05684,Not stated by publisher,"Row with id = 1155 in the ""Database"" sheet of the freely downloadable Supporting Information (SI) at the DOI above.",Wang Du.Housing construction valuation handbook. Beijing: China Building Industry Press; 1996.
N-1156,Liu et al. (2025),https://doi.org/10.1021/acs.est.5c05684,Not stated by publisher,"Row with id = 1156 in the ""Database"" sheet of the freely downloadable Supporting Information (SI) at the DOI above.",Wang Du.Housing construction valuation handbook. Beijing: China Building Industry Press; 1996.
N-1158,Liu et al. (2025),https://doi.org/10.1021/acs.est.5c05684,Not stated by publisher,"Row with id = 1158 in the ""Database"" sheet of the freely downloadable Supporting Information (SI) at the DOI above.",Wang Du.Housing construction valuation handbook. Beijing: China Building Industry Press; 1996.
N-1159,Liu et al. (2025),https://doi.org/10.1021/acs.est.5c05684,Not stated by publisher,"Row with id = 1159 in the ""Database"" sheet of the freely downloadable Supporting Information (SI) at the DOI above.",Wang Du.Housing construction valuation handbook. Beijing: China Building Industry Press; 1996.
N-1160,Liu et al. (2025),https://doi.org/10.1021/acs.est.5c05684,Not stated by publisher,"Row with id = 1160 in the ""Database"" sheet of the freely downloadable Supporting Information (SI) at the DOI above.",Wang Du.Housing construction valuation handbook. Beijing: China Building Industry Press; 1996.
N-1161,Liu et al. (2025),https://doi.org/10.1021/acs.est.5c05684,Not stated by publisher,"Row with id = 1161 in the ""Database"" sheet of the freely downloadable Supporting Information (SI) at the DOI above.",Wang Du.Housing construction valuation handbook. Beijing: China Building Industry Press; 1996.
N-1162,Liu et al. (2025),https://doi.org/10.1021/acs.est.5c05684,Not stated by publisher,"Row with id = 1162 in the ""Database"" sheet of the freely downloadable Supporting Information (SI) at the DOI above.",Wang Du.Housing construction valuation handbook. Beijing: China Building Industry Press; 1996.
N-1163,Liu et al. (2025),https://doi.org/10.1021/acs.est.5c05684,Not stated by publisher,"Row with id = 1163 in the ""Database"" sheet of the freely downloadable Supporting Information (SI) at the DOI above.",Wang Du.Housing construction valuation handbook. Beijing: China Building Industry Press; 1996.
N-1164,Liu et al. (2025),https://doi.org/10.1021/acs.est.5c05684,Not stated by publisher,"Row with id = 1164 in the ""Database"" sheet of the freely downloadable Supporting Information (SI) at the DOI above.",Wang Du.Housing construction valuation handbook. Beijing: China Building Industry Press; 1996.
N-1165,Liu et al. (2025),https://doi.org/10.1021/acs.est.5c05684,Not stated by publisher,"Row with id = 1165 in the ""Database"" sheet of the freely downloadable Supporting Information (SI) at the DOI above.",Wang Du.Housing construction valuation handbook. Beijing: China Building Industry Press; 1996.
N-1166,Liu et al. (2025),https://doi.org/10.1021/acs.est.5c05684,Not stated by publisher,"Row with id = 1166 in the ""Database"" sheet of the freely downloadable Supporting Information (SI) at the DOI above.",Wang Du.Housing construction valuation handbook. Beijing: China Building Industry Press; 1996.
N-1167,Liu et al. (2025),https://doi.org/10.1021/acs.est.5c05684,Not stated by publisher,"Row with id = 1167 in the ""Database"" sheet of the freely downloadable Supporting Information (SI) at the DOI above.",Wang Du.Housing construction valuation handbook. Beijing: China Building Industry Press; 1996.
N-1168,Liu et al. (2025),https://doi.org/10.1021/acs.est.5c05684,Not stated by publisher,"Row with id = 1168 in the ""Database"" sheet of the freely downloadable Supporting Information (SI) at the DOI above.",Wang Du.Housing construction valuation handbook. Beijing: China Building Industry Press; 1996.
N-1169,Liu et al. (2025),https://doi.org/10.1021/acs.est.5c05684,Not stated by publisher,"Row with id = 1169 in the ""Database"" sheet of the freely downloadable Supporting Information (SI) at the DOI above.",Wang Du.Housing construction valuation handbook. Beijing: China Building Industry Press; 1996.
N-1170,Liu et al. (2025),https://doi.org/10.1021/acs.est.5c05684,Not stated by publisher,"Row with id = 1170 in the ""Database"" sheet of the freely downloadable Supporting Information (SI) at the DOI above.",Wang Du.Housing construction valuation handbook. Beijing: China Building Industry Press; 1996.
N-1171,Liu et al. (2025),https://doi.org/10.1021/acs.est.5c05684,Not stated by publisher,"Row with id = 1171 in the ""Database"" sheet of the freely downloadable Supporting Information (SI) at the DOI above.",Wang Du.Housing construction valuation handbook. Beijing: China Building Industry Press; 1996.
N-1172,Liu et al. (2025),https://doi.org/10.1021/acs.est.5c05684,Not stated by publisher,"Row with id = 1172 in the ""Database"" sheet of the freely downloadable Supporting Information (SI) at the DOI above.",Wang Du.Housing construction valuation handbook. Beijing: China Building Industry Press; 1996.
N-1173,Liu et al. (2025),https://doi.org/10.1021/acs.est.5c05684,Not stated by publisher,"Row with id = 1173 in the ""Database"" sheet of the freely downloadable Supporting Information (SI) at the DOI above.",Wang Du.Housing construction valuation handbook. Beijing: China Building Industry Press; 1996.
N-1174,Liu et al. (2025),https://doi.org/10.1021/acs.est.5c05684,Not stated by publisher,"Row with id = 1174 in the ""Database"" sheet of the freely downloadable Supporting Information (SI) at the DOI above.",Wang Du.Housing construction valuation handbook. Beijing: China Building Industry Press; 1996.
N-1176,Liu et al. (2025),https://doi.org/10.1021/acs.est.5c05684,Not stated by publisher,"Row with id = 1176 in the ""Database"" sheet of the freely downloadable Supporting Information (SI) at the DOI above.",Wang Du.Housing construction valuation handbook. Beijing: China Building Industry Press; 1996.
N-1177,Liu et al. (2025),https://doi.org/10.1021/acs.est.5c05684,Not stated by publisher,"Row with id = 1177 in the ""Database"" sheet of the freely downloadable Supporting Information (SI) at the DOI above.","Project valuation information network, China Construction project Cost Management Association, http://www.ccost.com/f/costIndex?menuId=5"
N-1178,Liu et al. (2025),https://doi.org/10.1021/acs.est.5c05684,Not stated by publisher,"Row with id = 1178 in the ""Database"" sheet of the freely downloadable Supporting Information (SI) at the DOI above.","Project valuation information network, China Construction project Cost Management Association, http://www.ccost.com/f/costIndex?menuId=5"
N-1179,Liu et al. (2025),https://doi.org/10.1021/acs.est.5c05684,Not stated by publisher,"Row with id = 1179 in the ""Database"" sheet of the freely downloadable Supporting Information (SI) at the DOI above.","Project valuation information network, China Construction project Cost Management Association, http://www.ccost.com/f/costIndex?menuId=5"
N-1180,Liu et al. (2025),https://doi.org/10.1021/acs.est.5c05684,Not stated by publisher,"Row with id = 1180 in the ""Database"" sheet of the freely downloadable Supporting Information (SI) at the DOI above.","Project valuation information network, China Construction project Cost Management Association, http://www.ccost.com/f/costIndex?menuId=5"
N-1181,Liu et al. (2025),https://doi.org/10.1021/acs.est.5c05684,Not stated by publisher,"Row with id = 1181 in the ""Database"" sheet of the freely downloadable Supporting Information (SI) at the DOI above.","Project valuation information network, China Construction project Cost Management Association, http://www.ccost.com/f/costIndex?menuId=5"
N-1182,Liu et al. (2025),https://doi.org/10.1021/acs.est.5c05684,Not stated by publisher,"Row with id = 1182 in the ""Database"" sheet of the freely downloadable Supporting Information (SI) at the DOI above.","Project valuation information network, China Construction project Cost Management Association, http://www.ccost.com/f/costIndex?menuId=5"
N-1183,Liu et al. (2025),https://doi.org/10.1021/acs.est.5c05684,Not stated by publisher,"Row with id = 1183 in the ""Database"" sheet of the freely downloadable Supporting Information (SI) at the DOI above.","Project valuation information network, China Construction project Cost Management Association, http://www.ccost.com/f/costIndex?menuId=5"
N-1184,Liu et al. (2025),https://doi.org/10.1021/acs.est.5c05684,Not stated by publisher,"Row with id = 1184 in the ""Database"" sheet of the freely downloadable Supporting Information (SI) at the DOI above.","Project valuation information network, China Construction project Cost Management Association, http://www.ccost.com/f/costIndex?menuId=5"
N-1185,Liu et al. (2025),https://doi.org/10.1021/acs.est.5c05684,Not stated by publisher,"Row with id = 1185 in the ""Database"" sheet of the freely downloadable Supporting Information (SI) at the DOI above.","Project valuation information network, China Construction project Cost Management Association, http://www.ccost.com/f/costIndex?menuId=5"
N-1186,Liu et al. (2025),https://doi.org/10.1021/acs.est.5c05684,Not stated by publisher,"Row with id = 1186 in the ""Database"" sheet of the freely downloadable Supporting Information (SI) at the DOI above.","Project valuation information network, China Construction project Cost Management Association, http://www.ccost.com/f/costIndex?menuId=5"
N-1187,Liu et al. (2025),https://doi.org/10.1021/acs.est.5c05684,Not stated by publisher,"Row with id = 1187 in the ""Database"" sheet of the freely downloadable Supporting Information (SI) at the DOI above.","Project valuation information network, China Construction project Cost Management Association, http://www.ccost.com/f/costIndex?menuId=5"
N-1188,Liu et al. (2025),https://doi.org/10.1021/acs.est.5c05684,Not stated by publisher,"Row with id = 1188 in the ""Database"" sheet of the freely downloadable Supporting Information (SI) at the DOI above.","Project valuation information network, China Construction project Cost Management Association, http://www.ccost.com/f/costIndex?menuId=5"
N-1189,Liu et al. (2025),https://doi.org/10.1021/acs.est.5c05684,Not stated by publisher,"Row with id = 1189 in the ""Database"" sheet of the freely downloadable Supporting Information (SI) at the DOI above.","Project valuation information network, China Construction project Cost Management Association, http://www.ccost.com/f/costIndex?menuId=5"
N-1190,Liu et al. (2025),https://doi.org/10.1021/acs.est.5c05684,Not stated by publisher,"Row with id = 1190 in the ""Database"" sheet of the freely downloadable Supporting Information (SI) at the DOI above.","Project valuation information network, China Construction project Cost Management Association, http://www.ccost.com/f/costIndex?menuId=5"
N-1191,Liu et al. (2025),https://doi.org/10.1021/acs.est.5c05684,Not stated by publisher,"Row with id = 1191 in the ""Database"" sheet of the freely downloadable Supporting Information (SI) at the DOI above.","Project valuation information network, China Construction project Cost Management Association, http://www.ccost.com/f/costIndex?menuId=5"
N-1192,Liu et al. (2025),https://doi.org/10.1021/acs.est.5c05684,Not stated by publisher,"Row with id = 1192 in the ""Database"" sheet of the freely downloadable Supporting Information (SI) at the DOI above.","Project valuation information network, China Construction project Cost Management Association, http://www.ccost.com/f/costIndex?menuId=5"
N-1193,Liu et al. (2025),https://doi.org/10.1021/acs.est.5c05684,Not stated by publisher,"Row with id = 1193 in the ""Database"" sheet of the freely downloadable Supporting Information (SI) at the DOI above.","Project valuation information network, China Construction project Cost Management Association, http://www.ccost.com/f/costIndex?menuId=5"
N-1194,Liu et al. (2025),https://doi.org/10.1021/acs.est.5c05684,Not stated by publisher,"Row with id = 1194 in the ""Database"" sheet of the freely downloadable Supporting Information (SI) at the DOI above.","Project valuation information network, China Construction project Cost Management Association, http://www.ccost.com/f/costIndex?menuId=5"
N-1195,Liu et al. (2025),https://doi.org/10.1021/acs.est.5c05684,Not stated by publisher,"Row with id = 1195 in the ""Database"" sheet of the freely downloadable Supporting Information (SI) at the DOI above.","Project valuation information network, China Construction project Cost Management Association, http://www.ccost.com/f/costIndex?menuId=5"
N-1196,Liu et al. (2025),https://doi.org/10.1021/acs.est.5c05684,Not stated by publisher,"Row with id = 1196 in the ""Database"" sheet of the freely downloadable Supporting Information (SI) at the DOI above.","Project valuation information network, China Construction project Cost Management Association, http://www.ccost.com/f/costIndex?menuId=5"
N-1197,Liu et al. (2025),https://doi.org/10.1021/acs.est.5c05684,Not stated by publisher,"Row with id = 1197 in the ""Database"" sheet of the freely downloadable Supporting Information (SI) at the DOI above.","Project valuation information network, China Construction project Cost Management Association, http://www.ccost.com/f/costIndex?menuId=5"
N-1198,Liu et al. (2025),https://doi.org/10.1021/acs.est.5c05684,Not stated by publisher,"Row with id = 1198 in the ""Database"" sheet of the freely downloadable Supporting Information (SI) at the DOI above.","Project valuation information network, China Construction project Cost Management Association, http://www.ccost.com/f/costIndex?menuId=5"
N-1199,Liu et al. (2025),https://doi.org/10.1021/acs.est.5c05684,Not stated by publisher,"Row with id = 1199 in the ""Database"" sheet of the freely downloadable Supporting Information (SI) at the DOI above.","Project valuation information network, China Construction project Cost Management Association, http://www.ccost.com/f/costIndex?menuId=5"
N-1200,Liu et al. (2025),https://doi.org/10.1021/acs.est.5c05684,Not stated by publisher,"Row with id = 1200 in the ""Database"" sheet of the freely downloadable Supporting Information (SI) at the DOI above.","Project valuation information network, China Construction project Cost Management Association, http://www.ccost.com/f/costIndex?menuId=5"
N-1201,Liu et al. (2025),https://doi.org/10.1021/acs.est.5c05684,Not stated by publisher,"Row with id = 1201 in the ""Database"" sheet of the freely downloadable Supporting Information (SI) at the DOI above.","Project valuation information network, China Construction project Cost Management Association, http://www.ccost.com/f/costIndex?menuId=5"
N-1202,Liu et al. (2025),https://doi.org/10.1021/acs.est.5c05684,Not stated by publisher,"Row with id = 1202 in the ""Database"" sheet of the freely downloadable Supporting Information (SI) at the DOI above.","Project valuation information network, China Construction project Cost Management Association, http://www.ccost.com/f/costIndex?menuId=5"
N-1203,Liu et al. (2025),https://doi.org/10.1021/acs.est.5c05684,Not stated by publisher,"Row with id = 1203 in the ""Database"" sheet of the freely downloadable Supporting Information (SI) at the DOI above.","Project valuation information network, China Construction project Cost Management Association, http://www.ccost.com/f/costIndex?menuId=5"
N-1204,Liu et al. (2025),https://doi.org/10.1021/acs.est.5c05684,Not stated by publisher,"Row with id = 1204 in the ""Database"" sheet of the freely downloadable Supporting Information (SI) at the DOI above.","Project valuation information network, China Construction project Cost Management Association, http://www.ccost.com/f/costIndex?menuId=5"
N-1205,Liu et al. (2025),https://doi.org/10.1021/acs.est.5c05684,Not stated by publisher,"Row with id = 1205 in the ""Database"" sheet of the freely downloadable Supporting Information (SI) at the DOI above.","Project valuation information network, China Construction project Cost Management Association, http://www.ccost.com/f/costIndex?menuId=5"
N-1206,Liu et al. (2025),https://doi.org/10.1021/acs.est.5c05684,Not stated by publisher,"Row with id = 1206 in the ""Database"" sheet of the freely downloadable Supporting Information (SI) at the DOI above.","Project valuation information network, China Construction project Cost Management Association, http://www.ccost.com/f/costIndex?menuId=5"
N-1207,Liu et al. (2025),https://doi.org/10.1021/acs.est.5c05684,Not stated by publisher,"Row with id = 1207 in the ""Database"" sheet of the freely downloadable Supporting Information (SI) at the DOI above.","Project valuation information network, China Construction project Cost Management Association, http://www.ccost.com/f/costIndex?menuId=5"
N-1208,Liu et al. (2025),https://doi.org/10.1021/acs.est.5c05684,Not stated by publisher,"Row with id = 1208 in the ""Database"" sheet of the freely downloadable Supporting Information (SI) at the DOI above.","Project valuation information network, China Construction project Cost Management Association, http://www.ccost.com/f/costIndex?menuId=5"
N-1209,Liu et al. (2025),https://doi.org/10.1021/acs.est.5c05684,Not stated by publisher,"Row with id = 1209 in the ""Database"" sheet of the freely downloadable Supporting Information (SI) at the DOI above.","Project valuation information network, China Construction project Cost Management Association, http://www.ccost.com/f/costIndex?menuId=5"
N-1210,Liu et al. (2025),https://doi.org/10.1021/acs.est.5c05684,Not stated by publisher,"Row with id = 1210 in the ""Database"" sheet of the freely downloadable Supporting Information (SI) at the DOI above.","Project valuation information network, China Construction project Cost Management Association, http://www.ccost.com/f/costIndex?menuId=5"
N-1211,Liu et al. (2025),https://doi.org/10.1021/acs.est.5c05684,Not stated by publisher,"Row with id = 1211 in the ""Database"" sheet of the freely downloadable Supporting Information (SI) at the DOI above.","Project valuation information network, China Construction project Cost Management Association, http://www.ccost.com/f/costIndex?menuId=5"
N-1212,Liu et al. (2025),https://doi.org/10.1021/acs.est.5c05684,Not stated by publisher,"Row with id = 1212 in the ""Database"" sheet of the freely downloadable Supporting Information (SI) at the DOI above.","Project valuation information network, China Construction project Cost Management Association, http://www.ccost.com/f/costIndex?menuId=5"
N-1213,Liu et al. (2025),https://doi.org/10.1021/acs.est.5c05684,Not stated by publisher,"Row with id = 1213 in the ""Database"" sheet of the freely downloadable Supporting Information (SI) at the DOI above.","Project valuation information network, China Construction project Cost Management Association, http://www.ccost.com/f/costIndex?menuId=5"
N-1214,Liu et al. (2025),https://doi.org/10.1021/acs.est.5c05684,Not stated by publisher,"Row with id = 1214 in the ""Database"" sheet of the freely downloadable Supporting Information (SI) at the DOI above.","Project valuation information network, China Construction project Cost Management Association, http://www.ccost.com/f/costIndex?menuId=5"
N-1215,Liu et al. (2025),https://doi.org/10.1021/acs.est.5c05684,Not stated by publisher,"Row with id = 1215 in the ""Database"" sheet of the freely downloadable Supporting Information (SI) at the DOI above.","Project valuation information network, China Construction project Cost Management Association, http://www.ccost.com/f/costIndex?menuId=5"
N-1216,Liu et al. (2025),https://doi.org/10.1021/acs.est.5c05684,Not stated by publisher,"Row with id = 1216 in the ""Database"" sheet of the freely downloadable Supporting Information (SI) at the DOI above.","Project valuation information network, China Construction project Cost Management Association, http://www.ccost.com/f/costIndex?menuId=5"
N-1217,Liu et al. (2025),https://doi.org/10.1021/acs.est.5c05684,Not stated by publisher,"Row with id = 1217 in the ""Database"" sheet of the freely downloadable Supporting Information (SI) at the DOI above.","Project valuation information network, China Construction project Cost Management Association, http://www.ccost.com/f/costIndex?menuId=5"
N-1218,Liu et al. (2025),https://doi.org/10.1021/acs.est.5c05684,Not stated by publisher,"Row with id = 1218 in the ""Database"" sheet of the freely downloadable Supporting Information (SI) at the DOI above.","Project valuation information network, China Construction project Cost Management Association, http://www.ccost.com/f/costIndex?menuId=5"
N-1219,Liu et al. (2025),https://doi.org/10.1021/acs.est.5c05684,Not stated by publisher,"Row with id = 1219 in the ""Database"" sheet of the freely downloadable Supporting Information (SI) at the DOI above.","Project valuation information network, China Construction project Cost Management Association, http://www.ccost.com/f/costIndex?menuId=5"
N-1220,Liu et al. (2025),https://doi.org/10.1021/acs.est.5c05684,Not stated by publisher,"Row with id = 1220 in the ""Database"" sheet of the freely downloadable Supporting Information (SI) at the DOI above.","Project valuation information network, China Construction project Cost Management Association, http://www.ccost.com/f/costIndex?menuId=5"
N-1221,Liu et al. (2025),https://doi.org/10.1021/acs.est.5c05684,Not stated by publisher,"Row with id = 1221 in the ""Database"" sheet of the freely downloadable Supporting Information (SI) at the DOI above.","Project valuation information network, China Construction project Cost Management Association, http://www.ccost.com/f/costIndex?menuId=5"
N-1222,Liu et al. (2025),https://doi.org/10.1021/acs.est.5c05684,Not stated by publisher,"Row with id = 1222 in the ""Database"" sheet of the freely downloadable Supporting Information (SI) at the DOI above.","Project valuation information network, China Construction project Cost Management Association, http://www.ccost.com/f/costIndex?menuId=5"
N-1223,Liu et al. (2025),https://doi.org/10.1021/acs.est.5c05684,Not stated by publisher,"Row with id = 1223 in the ""Database"" sheet of the freely downloadable Supporting Information (SI) at the DOI above.","Project valuation information network, China Construction project Cost Management Association, http://www.ccost.com/f/costIndex?menuId=5"
N-1224,Liu et al. (2025),https://doi.org/10.1021/acs.est.5c05684,Not stated by publisher,"Row with id = 1224 in the ""Database"" sheet of the freely downloadable Supporting Information (SI) at the DOI above.","Project valuation information network, China Construction project Cost Management Association, http://www.ccost.com/f/costIndex?menuId=5"
N-1225,Liu et al. (2025),https://doi.org/10.1021/acs.est.5c05684,Not stated by publisher,"Row with id = 1225 in the ""Database"" sheet of the freely downloadable Supporting Information (SI) at the DOI above.","Project valuation information network, China Construction project Cost Management Association, http://www.ccost.com/f/costIndex?menuId=5"
N-1226,Liu et al. (2025),https://doi.org/10.1021/acs.est.5c05684,Not stated by publisher,"Row with id = 1226 in the ""Database"" sheet of the freely downloadable Supporting Information (SI) at the DOI above.","Project valuation information network, China Construction project Cost Management Association, http://www.ccost.com/f/costIndex?menuId=5"
N-1227,Liu et al. (2025),https://doi.org/10.1021/acs.est.5c05684,Not stated by publisher,"Row with id = 1227 in the ""Database"" sheet of the freely downloadable Supporting Information (SI) at the DOI above.","Project valuation information network, China Construction project Cost Management Association, http://www.ccost.com/f/costIndex?menuId=5"
N-1228,Liu et al. (2025),https://doi.org/10.1021/acs.est.5c05684,Not stated by publisher,"Row with id = 1228 in the ""Database"" sheet of the freely downloadable Supporting Information (SI) at the DOI above.","Project valuation information network, China Construction project Cost Management Association, http://www.ccost.com/f/costIndex?menuId=5"
N-1229,Liu et al. (2025),https://doi.org/10.1021/acs.est.5c05684,Not stated by publisher,"Row with id = 1229 in the ""Database"" sheet of the freely downloadable Supporting Information (SI) at the DOI above.","Project valuation information network, China Construction project Cost Management Association, http://www.ccost.com/f/costIndex?menuId=5"
N-1230,Liu et al. (2025),https://doi.org/10.1021/acs.est.5c05684,Not stated by publisher,"Row with id = 1230 in the ""Database"" sheet of the freely downloadable Supporting Information (SI) at the DOI above.","Project valuation information network, China Construction project Cost Management Association, http://www.ccost.com/f/costIndex?menuId=5"
N-1231,Liu et al. (2025),https://doi.org/10.1021/acs.est.5c05684,Not stated by publisher,"Row with id = 1231 in the ""Database"" sheet of the freely downloadable Supporting Information (SI) at the DOI above.","Project valuation information network, China Construction project Cost Management Association, http://www.ccost.com/f/costIndex?menuId=5"
N-1232,Liu et al. (2025),https://doi.org/10.1021/acs.est.5c05684,Not stated by publisher,"Row with id = 1232 in the ""Database"" sheet of the freely downloadable Supporting Information (SI) at the DOI above.","Project valuation information network, China Construction project Cost Management Association, http://www.ccost.com/f/costIndex?menuId=5"
N-1233,Liu et al. (2025),https://doi.org/10.1021/acs.est.5c05684,Not stated by publisher,"Row with id = 1233 in the ""Database"" sheet of the freely downloadable Supporting Information (SI) at the DOI above.","Project valuation information network, China Construction project Cost Management Association, http://www.ccost.com/f/costIndex?menuId=5"
N-1234,Liu et al. (2025),https://doi.org/10.1021/acs.est.5c05684,Not stated by publisher,"Row with id = 1234 in the ""Database"" sheet of the freely downloadable Supporting Information (SI) at the DOI above.","Project valuation information network, China Construction project Cost Management Association, http://www.ccost.com/f/costIndex?menuId=5"
N-1235,Liu et al. (2025),https://doi.org/10.1021/acs.est.5c05684,Not stated by publisher,"Row with id = 1235 in the ""Database"" sheet of the freely downloadable Supporting Information (SI) at the DOI above.","Project valuation information network, China Construction project Cost Management Association, http://www.ccost.com/f/costIndex?menuId=5"
N-1236,Liu et al. (2025),https://doi.org/10.1021/acs.est.5c05684,Not stated by publisher,"Row with id = 1236 in the ""Database"" sheet of the freely downloadable Supporting Information (SI) at the DOI above.","Project valuation information network, China Construction project Cost Management Association, http://www.ccost.com/f/costIndex?menuId=5"
N-1237,Liu et al. (2025),https://doi.org/10.1021/acs.est.5c05684,Not stated by publisher,"Row with id = 1237 in the ""Database"" sheet of the freely downloadable Supporting Information (SI) at the DOI above.","Project valuation information network, China Construction project Cost Management Association, http://www.ccost.com/f/costIndex?menuId=5"
N-1238,Liu et al. (2025),https://doi.org/10.1021/acs.est.5c05684,Not stated by publisher,"Row with id = 1238 in the ""Database"" sheet of the freely downloadable Supporting Information (SI) at the DOI above.","Project valuation information network, China Construction project Cost Management Association, http://www.ccost.com/f/costIndex?menuId=5"
N-1239,Liu et al. (2025),https://doi.org/10.1021/acs.est.5c05684,Not stated by publisher,"Row with id = 1239 in the ""Database"" sheet of the freely downloadable Supporting Information (SI) at the DOI above.","Project valuation information network, China Construction project Cost Management Association, http://www.ccost.com/f/costIndex?menuId=5"
N-1240,Liu et al. (2025),https://doi.org/10.1021/acs.est.5c05684,Not stated by publisher,"Row with id = 1240 in the ""Database"" sheet of the freely downloadable Supporting Information (SI) at the DOI above.","Project valuation information network, China Construction project Cost Management Association, http://www.ccost.com/f/costIndex?menuId=5"
N-1241,Liu et al. (2025),https://doi.org/10.1021/acs.est.5c05684,Not stated by publisher,"Row with id = 1241 in the ""Database"" sheet of the freely downloadable Supporting Information (SI) at the DOI above.","Project valuation information network, China Construction project Cost Management Association, http://www.ccost.com/f/costIndex?menuId=5"
N-1242,Liu et al. (2025),https://doi.org/10.1021/acs.est.5c05684,Not stated by publisher,"Row with id = 1242 in the ""Database"" sheet of the freely downloadable Supporting Information (SI) at the DOI above.","Project valuation information network, China Construction project Cost Management Association, http://www.ccost.com/f/costIndex?menuId=5"
N-1243,Liu et al. (2025),https://doi.org/10.1021/acs.est.5c05684,Not stated by publisher,"Row with id = 1243 in the ""Database"" sheet of the freely downloadable Supporting Information (SI) at the DOI above.","Project valuation information network, China Construction project Cost Management Association, http://www.ccost.com/f/costIndex?menuId=5"
N-1244,Liu et al. (2025),https://doi.org/10.1021/acs.est.5c05684,Not stated by publisher,"Row with id = 1244 in the ""Database"" sheet of the freely downloadable Supporting Information (SI) at the DOI above.","Project valuation information network, China Construction project Cost Management Association, http://www.ccost.com/f/costIndex?menuId=5"
N-1245,Liu et al. (2025),https://doi.org/10.1021/acs.est.5c05684,Not stated by publisher,"Row with id = 1245 in the ""Database"" sheet of the freely downloadable Supporting Information (SI) at the DOI above.","Project valuation information network, China Construction project Cost Management Association, http://www.ccost.com/f/costIndex?menuId=5"
N-1246,Liu et al. (2025),https://doi.org/10.1021/acs.est.5c05684,Not stated by publisher,"Row with id = 1246 in the ""Database"" sheet of the freely downloadable Supporting Information (SI) at the DOI above.","Project valuation information network, China Construction project Cost Management Association, http://www.ccost.com/f/costIndex?menuId=5"
N-1247,Liu et al. (2025),https://doi.org/10.1021/acs.est.5c05684,Not stated by publisher,"Row with id = 1247 in the ""Database"" sheet of the freely downloadable Supporting Information (SI) at the DOI above.","Project valuation information network, China Construction project Cost Management Association, http://www.ccost.com/f/costIndex?menuId=5"
N-1248,Liu et al. (2025),https://doi.org/10.1021/acs.est.5c05684,Not stated by publisher,"Row with id = 1248 in the ""Database"" sheet of the freely downloadable Supporting Information (SI) at the DOI above.","Project valuation information network, China Construction project Cost Management Association, http://www.ccost.com/f/costIndex?menuId=5"
N-1249,Liu et al. (2025),https://doi.org/10.1021/acs.est.5c05684,Not stated by publisher,"Row with id = 1249 in the ""Database"" sheet of the freely downloadable Supporting Information (SI) at the DOI above.","Project valuation information network, China Construction project Cost Management Association, http://www.ccost.com/f/costIndex?menuId=5"
N-1250,Liu et al. (2025),https://doi.org/10.1021/acs.est.5c05684,Not stated by publisher,"Row with id = 1250 in the ""Database"" sheet of the freely downloadable Supporting Information (SI) at the DOI above.","Project valuation information network, China Construction project Cost Management Association, http://www.ccost.com/f/costIndex?menuId=5"
N-1251,Liu et al. (2025),https://doi.org/10.1021/acs.est.5c05684,Not stated by publisher,"Row with id = 1251 in the ""Database"" sheet of the freely downloadable Supporting Information (SI) at the DOI above.","Project valuation information network, China Construction project Cost Management Association, http://www.ccost.com/f/costIndex?menuId=5"
N-1252,Liu et al. (2025),https://doi.org/10.1021/acs.est.5c05684,Not stated by publisher,"Row with id = 1252 in the ""Database"" sheet of the freely downloadable Supporting Information (SI) at the DOI above.","Project valuation information network, China Construction project Cost Management Association, http://www.ccost.com/f/costIndex?menuId=5"
N-1253,Liu et al. (2025),https://doi.org/10.1021/acs.est.5c05684,Not stated by publisher,"Row with id = 1253 in the ""Database"" sheet of the freely downloadable Supporting Information (SI) at the DOI above.","Project valuation information network, China Construction project Cost Management Association, http://www.ccost.com/f/costIndex?menuId=5"
N-1254,Liu et al. (2025),https://doi.org/10.1021/acs.est.5c05684,Not stated by publisher,"Row with id = 1254 in the ""Database"" sheet of the freely downloadable Supporting Information (SI) at the DOI above.","Project valuation information network, China Construction project Cost Management Association, http://www.ccost.com/f/costIndex?menuId=5"
N-1255,Liu et al. (2025),https://doi.org/10.1021/acs.est.5c05684,Not stated by publisher,"Row with id = 1255 in the ""Database"" sheet of the freely downloadable Supporting Information (SI) at the DOI above.","Project valuation information network, China Construction project Cost Management Association, http://www.ccost.com/f/costIndex?menuId=5"
N-1256,Liu et al. (2025),https://doi.org/10.1021/acs.est.5c05684,Not stated by publisher,"Row with id = 1256 in the ""Database"" sheet of the freely downloadable Supporting Information (SI) at the DOI above.","Project valuation information network, China Construction project Cost Management Association, http://www.ccost.com/f/costIndex?menuId=5"
N-1257,Liu et al. (2025),https://doi.org/10.1021/acs.est.5c05684,Not stated by publisher,"Row with id = 1257 in the ""Database"" sheet of the freely downloadable Supporting Information (SI) at the DOI above.","Project valuation information network, China Construction project Cost Management Association, http://www.ccost.com/f/costIndex?menuId=5"
N-1258,Liu et al. (2025),https://doi.org/10.1021/acs.est.5c05684,Not stated by publisher,"Row with id = 1258 in the ""Database"" sheet of the freely downloadable Supporting Information (SI) at the DOI above.","Project valuation information network, China Construction project Cost Management Association, http://www.ccost.com/f/costIndex?menuId=5"
N-1259,Liu et al. (2025),https://doi.org/10.1021/acs.est.5c05684,Not stated by publisher,"Row with id = 1259 in the ""Database"" sheet of the freely downloadable Supporting Information (SI) at the DOI above.","Project valuation information network, China Construction project Cost Management Association, http://www.ccost.com/f/costIndex?menuId=5"
N-1260,Liu et al. (2025),https://doi.org/10.1021/acs.est.5c05684,Not stated by publisher,"Row with id = 1260 in the ""Database"" sheet of the freely downloadable Supporting Information (SI) at the DOI above.","Project valuation information network, China Construction project Cost Management Association, http://www.ccost.com/f/costIndex?menuId=5"
N-1261,Liu et al. (2025),https://doi.org/10.1021/acs.est.5c05684,Not stated by publisher,"Row with id = 1261 in the ""Database"" sheet of the freely downloadable Supporting Information (SI) at the DOI above.","Project valuation information network, China Construction project Cost Management Association, http://www.ccost.com/f/costIndex?menuId=5"
N-1262,Liu et al. (2025),https://doi.org/10.1021/acs.est.5c05684,Not stated by publisher,"Row with id = 1262 in the ""Database"" sheet of the freely downloadable Supporting Information (SI) at the DOI above.","Project valuation information network, China Construction project Cost Management Association, http://www.ccost.com/f/costIndex?menuId=5"
N-1263,Liu et al. (2025),https://doi.org/10.1021/acs.est.5c05684,Not stated by publisher,"Row with id = 1263 in the ""Database"" sheet of the freely downloadable Supporting Information (SI) at the DOI above.","Project valuation information network, China Construction project Cost Management Association, http://www.ccost.com/f/costIndex?menuId=5"
N-1264,Liu et al. (2025),https://doi.org/10.1021/acs.est.5c05684,Not stated by publisher,"Row with id = 1264 in the ""Database"" sheet of the freely downloadable Supporting Information (SI) at the DOI above.","Project valuation information network, China Construction project Cost Management Association, http://www.ccost.com/f/costIndex?menuId=5"
N-1265,Liu et al. (2025),https://doi.org/10.1021/acs.est.5c05684,Not stated by publisher,"Row with id = 1265 in the ""Database"" sheet of the freely downloadable Supporting Information (SI) at the DOI above.","Project valuation information network, China Construction project Cost Management Association, http://www.ccost.com/f/costIndex?menuId=5"
N-1266,Liu et al. (2025),https://doi.org/10.1021/acs.est.5c05684,Not stated by publisher,"Row with id = 1266 in the ""Database"" sheet of the freely downloadable Supporting Information (SI) at the DOI above.","Project valuation information network, China Construction project Cost Management Association, http://www.ccost.com/f/costIndex?menuId=5"
N-1267,Liu et al. (2025),https://doi.org/10.1021/acs.est.5c05684,Not stated by publisher,"Row with id = 1267 in the ""Database"" sheet of the freely downloadable Supporting Information (SI) at the DOI above.","Project valuation information network, China Construction project Cost Management Association, http://www.ccost.com/f/costIndex?menuId=5"
N-1268,Liu et al. (2025),https://doi.org/10.1021/acs.est.5c05684,Not stated by publisher,"Row with id = 1268 in the ""Database"" sheet of the freely downloadable Supporting Information (SI) at the DOI above.","Project valuation information network, China Construction project Cost Management Association, http://www.ccost.com/f/costIndex?menuId=5"
N-1269,Liu et al. (2025),https://doi.org/10.1021/acs.est.5c05684,Not stated by publisher,"Row with id = 1269 in the ""Database"" sheet of the freely downloadable Supporting Information (SI) at the DOI above.","Project valuation information network, China Construction project Cost Management Association, http://www.ccost.com/f/costIndex?menuId=5"
N-1270,Liu et al. (2025),https://doi.org/10.1021/acs.est.5c05684,Not stated by publisher,"Row with id = 1270 in the ""Database"" sheet of the freely downloadable Supporting Information (SI) at the DOI above.","Project valuation information network, China Construction project Cost Management Association, http://www.ccost.com/f/costIndex?menuId=5"
N-1271,Liu et al. (2025),https://doi.org/10.1021/acs.est.5c05684,Not stated by publisher,"Row with id = 1271 in the ""Database"" sheet of the freely downloadable Supporting Information (SI) at the DOI above.","Project valuation information network, China Construction project Cost Management Association, http://www.ccost.com/f/costIndex?menuId=5"
N-1272,Liu et al. (2025),https://doi.org/10.1021/acs.est.5c05684,Not stated by publisher,"Row with id = 1272 in the ""Database"" sheet of the freely downloadable Supporting Information (SI) at the DOI above.","Project valuation information network, China Construction project Cost Management Association, http://www.ccost.com/f/costIndex?menuId=5"
N-1273,Liu et al. (2025),https://doi.org/10.1021/acs.est.5c05684,Not stated by publisher,"Row with id = 1273 in the ""Database"" sheet of the freely downloadable Supporting Information (SI) at the DOI above.","Project valuation information network, China Construction project Cost Management Association, http://www.ccost.com/f/costIndex?menuId=5"
N-1274,Liu et al. (2025),https://doi.org/10.1021/acs.est.5c05684,Not stated by publisher,"Row with id = 1274 in the ""Database"" sheet of the freely downloadable Supporting Information (SI) at the DOI above.","Project valuation information network, China Construction project Cost Management Association, http://www.ccost.com/f/costIndex?menuId=5"
N-1275,Liu et al. (2025),https://doi.org/10.1021/acs.est.5c05684,Not stated by publisher,"Row with id = 1275 in the ""Database"" sheet of the freely downloadable Supporting Information (SI) at the DOI above.","Project valuation information network, China Construction project Cost Management Association, http://www.ccost.com/f/costIndex?menuId=5"
N-1658,Liu et al. (2025),https://doi.org/10.1021/acs.est.5c05684,Not stated by publisher,"Row with id = 1658 in the ""Database"" sheet of the freely downloadable Supporting Information (SI) at the DOI above.","Project valuation information network, China Construction project Cost Management Association, http://www.ccost.com/f/costIndex?menuId=5"
N-1659,Liu et al. (2025),https://doi.org/10.1021/acs.est.5c05684,Not stated by publisher,"Row with id = 1659 in the ""Database"" sheet of the freely downloadable Supporting Information (SI) at the DOI above.","Project valuation information network, China Construction project Cost Management Association, http://www.ccost.com/f/costIndex?menuId=5"
N-1660,Liu et al. (2025),https://doi.org/10.1021/acs.est.5c05684,Not stated by publisher,"Row with id = 1660 in the ""Database"" sheet of the freely downloadable Supporting Information (SI) at the DOI above.","Project valuation information network, China Construction project Cost Management Association, http://www.ccost.com/f/costIndex?menuId=5"
N-1661,Liu et al. (2025),https://doi.org/10.1021/acs.est.5c05684,Not stated by publisher,"Row with id = 1661 in the ""Database"" sheet of the freely downloadable Supporting Information (SI) at the DOI above.","Project valuation information network, China Construction project Cost Management Association, http://www.ccost.com/f/costIndex?menuId=5"
N-1662,Liu et al. (2025),https://doi.org/10.1021/acs.est.5c05684,Not stated by publisher,"Row with id = 1662 in the ""Database"" sheet of the freely downloadable Supporting Information (SI) at the DOI above.","Project valuation information network, China Construction project Cost Management Association, http://www.ccost.com/f/costIndex?menuId=5"
N-1663,Liu et al. (2025),https://doi.org/10.1021/acs.est.5c05684,Not stated by publisher,"Row with id = 1663 in the ""Database"" sheet of the freely downloadable Supporting Information (SI) at the DOI above.","Project valuation information network, China Construction project Cost Management Association, http://www.ccost.com/f/costIndex?menuId=5"
N-1664,Liu et al. (2025),https://doi.org/10.1021/acs.est.5c05684,Not stated by publisher,"Row with id = 1664 in the ""Database"" sheet of the freely downloadable Supporting Information (SI) at the DOI above.","Project valuation information network, China Construction project Cost Management Association, http://www.ccost.com/f/costIndex?menuId=5"
N-1665,Liu et al. (2025),https://doi.org/10.1021/acs.est.5c05684,Not stated by publisher,"Row with id = 1665 in the ""Database"" sheet of the freely downloadable Supporting Information (SI) at the DOI above.","Project valuation information network, China Construction project Cost Management Association, http://www.ccost.com/f/costIndex?menuId=5"
N-1666,Liu et al. (2025),https://doi.org/10.1021/acs.est.5c05684,Not stated by publisher,"Row with id = 1666 in the ""Database"" sheet of the freely downloadable Supporting Information (SI) at the DOI above.","Project valuation information network, China Construction project Cost Management Association, http://www.ccost.com/f/costIndex?menuId=5"
N-1667,Liu et al. (2025),https://doi.org/10.1021/acs.est.5c05684,Not stated by publisher,"Row with id = 1667 in the ""Database"" sheet of the freely downloadable Supporting Information (SI) at the DOI above.","Project valuation information network, China Construction project Cost Management Association, http://www.ccost.com/f/costIndex?menuId=5"
N-1668,Liu et al. (2025),https://doi.org/10.1021/acs.est.5c05684,Not stated by publisher,"Row with id = 1668 in the ""Database"" sheet of the freely downloadable Supporting Information (SI) at the DOI above.","Project valuation information network, China Construction project Cost Management Association, http://www.ccost.com/f/costIndex?menuId=5"
N-1669,Liu et al. (2025),https://doi.org/10.1021/acs.est.5c05684,Not stated by publisher,"Row with id = 1669 in the ""Database"" sheet of the freely downloadable Supporting Information (SI) at the DOI above.","Project valuation information network, China Construction project Cost Management Association, http://www.ccost.com/f/costIndex?menuId=5"
N-1670,Liu et al. (2025),https://doi.org/10.1021/acs.est.5c05684,Not stated by publisher,"Row with id = 1670 in the ""Database"" sheet of the freely downloadable Supporting Information (SI) at the DOI above.","Project valuation information network, China Construction project Cost Management Association, http://www.ccost.com/f/costIndex?menuId=5"
N-1671,Liu et al. (2025),https://doi.org/10.1021/acs.est.5c05684,Not stated by publisher,"Row with id = 1671 in the ""Database"" sheet of the freely downloadable Supporting Information (SI) at the DOI above.","Project valuation information network, China Construction project Cost Management Association, http://www.ccost.com/f/costIndex?menuId=5"
N-1672,Liu et al. (2025),https://doi.org/10.1021/acs.est.5c05684,Not stated by publisher,"Row with id = 1672 in the ""Database"" sheet of the freely downloadable Supporting Information (SI) at the DOI above.","Project valuation information network, China Construction project Cost Management Association, http://www.ccost.com/f/costIndex?menuId=5"
N-1673,Liu et al. (2025),https://doi.org/10.1021/acs.est.5c05684,Not stated by publisher,"Row with id = 1673 in the ""Database"" sheet of the freely downloadable Supporting Information (SI) at the DOI above.","Project valuation information network, China Construction project Cost Management Association, http://www.ccost.com/f/costIndex?menuId=5"
N-1674,Liu et al. (2025),https://doi.org/10.1021/acs.est.5c05684,Not stated by publisher,"Row with id = 1674 in the ""Database"" sheet of the freely downloadable Supporting Information (SI) at the DOI above.","Project valuation information network, China Construction project Cost Management Association, http://www.ccost.com/f/costIndex?menuId=5"
N-1675,Liu et al. (2025),https://doi.org/10.1021/acs.est.5c05684,Not stated by publisher,"Row with id = 1675 in the ""Database"" sheet of the freely downloadable Supporting Information (SI) at the DOI above.","Project valuation information network, China Construction project Cost Management Association, http://www.ccost.com/f/costIndex?menuId=5"
N-1676,Liu et al. (2025),https://doi.org/10.1021/acs.est.5c05684,Not stated by publisher,"Row with id = 1676 in the ""Database"" sheet of the freely downloadable Supporting Information (SI) at the DOI above.","Project valuation information network, China Construction project Cost Management Association, http://www.ccost.com/f/costIndex?menuId=5"
N-1677,Liu et al. (2025),https://doi.org/10.1021/acs.est.5c05684,Not stated by publisher,"Row with id = 1677 in the ""Database"" sheet of the freely downloadable Supporting Information (SI) at the DOI above.","Project valuation information network, China Construction project Cost Management Association, http://www.ccost.com/f/costIndex?menuId=5"
N-1678,Liu et al. (2025),https://doi.org/10.1021/acs.est.5c05684,Not stated by publisher,"Row with id = 1678 in the ""Database"" sheet of the freely downloadable Supporting Information (SI) at the DOI above.","Project valuation information network, China Construction project Cost Management Association, http://www.ccost.com/f/costIndex?menuId=5"
N-1679,Liu et al. (2025),https://doi.org/10.1021/acs.est.5c05684,Not stated by publisher,"Row with id = 1679 in the ""Database"" sheet of the freely downloadable Supporting Information (SI) at the DOI above.","Project valuation information network, China Construction project Cost Management Association, http://www.ccost.com/f/costIndex?menuId=5"
N-1680,Liu et al. (2025),https://doi.org/10.1021/acs.est.5c05684,Not stated by publisher,"Row with id = 1680 in the ""Database"" sheet of the freely downloadable Supporting Information (SI) at the DOI above.","Project valuation information network, China Construction project Cost Management Association, http://www.ccost.com/f/costIndex?menuId=5"
N-1681,Liu et al. (2025),https://doi.org/10.1021/acs.est.5c05684,Not stated by publisher,"Row with id = 1681 in the ""Database"" sheet of the freely downloadable Supporting Information (SI) at the DOI above.","Project valuation information network, China Construction project Cost Management Association, http://www.ccost.com/f/costIndex?menuId=5"
N-1682,Liu et al. (2025),https://doi.org/10.1021/acs.est.5c05684,Not stated by publisher,"Row with id = 1682 in the ""Database"" sheet of the freely downloadable Supporting Information (SI) at the DOI above.","Project valuation information network, China Construction project Cost Management Association, http://www.ccost.com/f/costIndex?menuId=5"
N-1683,Liu et al. (2025),https://doi.org/10.1021/acs.est.5c05684,Not stated by publisher,"Row with id = 1683 in the ""Database"" sheet of the freely downloadable Supporting Information (SI) at the DOI above.","Project valuation information network, China Construction project Cost Management Association, http://www.ccost.com/f/costIndex?menuId=5"
N-1684,Liu et al. (2025),https://doi.org/10.1021/acs.est.5c05684,Not stated by publisher,"Row with id = 1684 in the ""Database"" sheet of the freely downloadable Supporting Information (SI) at the DOI above.","Project valuation information network, China Construction project Cost Management Association, http://www.ccost.com/f/costIndex?menuId=5"
N-1685,Liu et al. (2025),https://doi.org/10.1021/acs.est.5c05684,Not stated by publisher,"Row with id = 1685 in the ""Database"" sheet of the freely downloadable Supporting Information (SI) at the DOI above.","Project valuation information network, China Construction project Cost Management Association, http://www.ccost.com/f/costIndex?menuId=5"
N-1686,Liu et al. (2025),https://doi.org/10.1021/acs.est.5c05684,Not stated by publisher,"Row with id = 1686 in the ""Database"" sheet of the freely downloadable Supporting Information (SI) at the DOI above.","Project valuation information network, China Construction project Cost Management Association, http://www.ccost.com/f/costIndex?menuId=5"
N-1687,Liu et al. (2025),https://doi.org/10.1021/acs.est.5c05684,Not stated by publisher,"Row with id = 1687 in the ""Database"" sheet of the freely downloadable Supporting Information (SI) at the DOI above.","Project valuation information network, China Construction project Cost Management Association, http://www.ccost.com/f/costIndex?menuId=5"
N-1688,Liu et al. (2025),https://doi.org/10.1021/acs.est.5c05684,Not stated by publisher,"Row with id = 1688 in the ""Database"" sheet of the freely downloadable Supporting Information (SI) at the DOI above.","Project valuation information network, China Construction project Cost Management Association, http://www.ccost.com/f/costIndex?menuId=5"
N-1689,Liu et al. (2025),https://doi.org/10.1021/acs.est.5c05684,Not stated by publisher,"Row with id = 1689 in the ""Database"" sheet of the freely downloadable Supporting Information (SI) at the DOI above.","Project valuation information network, China Construction project Cost Management Association, http://www.ccost.com/f/costIndex?menuId=5"
N-1690,Liu et al. (2025),https://doi.org/10.1021/acs.est.5c05684,Not stated by publisher,"Row with id = 1690 in the ""Database"" sheet of the freely downloadable Supporting Information (SI) at the DOI above.","Project valuation information network, China Construction project Cost Management Association, http://www.ccost.com/f/costIndex?menuId=5"
N-1691,Liu et al. (2025),https://doi.org/10.1021/acs.est.5c05684,Not stated by publisher,"Row with id = 1691 in the ""Database"" sheet of the freely downloadable Supporting Information (SI) at the DOI above.","Project valuation information network, China Construction project Cost Management Association, http://www.ccost.com/f/costIndex?menuId=5"
N-1692,Liu et al. (2025),https://doi.org/10.1021/acs.est.5c05684,Not stated by publisher,"Row with id = 1692 in the ""Database"" sheet of the freely downloadable Supporting Information (SI) at the DOI above.","Project valuation information network, China Construction project Cost Management Association, http://www.ccost.com/f/costIndex?menuId=5"
N-1693,Liu et al. (2025),https://doi.org/10.1021/acs.est.5c05684,Not stated by publisher,"Row with id = 1693 in the ""Database"" sheet of the freely downloadable Supporting Information (SI) at the DOI above.","Project valuation information network, China Construction project Cost Management Association, http://www.ccost.com/f/costIndex?menuId=5"
N-1694,Liu et al. (2025),https://doi.org/10.1021/acs.est.5c05684,Not stated by publisher,"Row with id = 1694 in the ""Database"" sheet of the freely downloadable Supporting Information (SI) at the DOI above.","Project valuation information network, China Construction project Cost Management Association, http://www.ccost.com/f/costIndex?menuId=5"
N-1695,Liu et al. (2025),https://doi.org/10.1021/acs.est.5c05684,Not stated by publisher,"Row with id = 1695 in the ""Database"" sheet of the freely downloadable Supporting Information (SI) at the DOI above.","Project valuation information network, China Construction project Cost Management Association, http://www.ccost.com/f/costIndex?menuId=5"
N-1696,Liu et al. (2025),https://doi.org/10.1021/acs.est.5c05684,Not stated by publisher,"Row with id = 1696 in the ""Database"" sheet of the freely downloadable Supporting Information (SI) at the DOI above.","Project valuation information network, China Construction project Cost Management Association, http://www.ccost.com/f/costIndex?menuId=5"
N-1697,Liu et al. (2025),https://doi.org/10.1021/acs.est.5c05684,Not stated by publisher,"Row with id = 1697 in the ""Database"" sheet of the freely downloadable Supporting Information (SI) at the DOI above.","Project valuation information network, China Construction project Cost Management Association, http://www.ccost.com/f/costIndex?menuId=5"
N-1698,Liu et al. (2025),https://doi.org/10.1021/acs.est.5c05684,Not stated by publisher,"Row with id = 1698 in the ""Database"" sheet of the freely downloadable Supporting Information (SI) at the DOI above.","Project valuation information network, China Construction project Cost Management Association, http://www.ccost.com/f/costIndex?menuId=5"
N-1699,Liu et al. (2025),https://doi.org/10.1021/acs.est.5c05684,Not stated by publisher,"Row with id = 1699 in the ""Database"" sheet of the freely downloadable Supporting Information (SI) at the DOI above.","Project valuation information network, China Construction project Cost Management Association, http://www.ccost.com/f/costIndex?menuId=5"
N-1700,Liu et al. (2025),https://doi.org/10.1021/acs.est.5c05684,Not stated by publisher,"Row with id = 1700 in the ""Database"" sheet of the freely downloadable Supporting Information (SI) at the DOI above.","Project valuation information network, China Construction project Cost Management Association, http://www.ccost.com/f/costIndex?menuId=5"
N-1701,Liu et al. (2025),https://doi.org/10.1021/acs.est.5c05684,Not stated by publisher,"Row with id = 1701 in the ""Database"" sheet of the freely downloadable Supporting Information (SI) at the DOI above.","Project valuation information network, China Construction project Cost Management Association, http://www.ccost.com/f/costIndex?menuId=5"
N-1702,Liu et al. (2025),https://doi.org/10.1021/acs.est.5c05684,Not stated by publisher,"Row with id = 1702 in the ""Database"" sheet of the freely downloadable Supporting Information (SI) at the DOI above.","Project valuation information network, China Construction project Cost Management Association, http://www.ccost.com/f/costIndex?menuId=5"
N-1703,Liu et al. (2025),https://doi.org/10.1021/acs.est.5c05684,Not stated by publisher,"Row with id = 1703 in the ""Database"" sheet of the freely downloadable Supporting Information (SI) at the DOI above.","Project valuation information network, China Construction project Cost Management Association, http://www.ccost.com/f/costIndex?menuId=5"
N-1704,Liu et al. (2025),https://doi.org/10.1021/acs.est.5c05684,Not stated by publisher,"Row with id = 1704 in the ""Database"" sheet of the freely downloadable Supporting Information (SI) at the DOI above.","Project valuation information network, China Construction project Cost Management Association, http://www.ccost.com/f/costIndex?menuId=5"
N-1705,Liu et al. (2025),https://doi.org/10.1021/acs.est.5c05684,Not stated by publisher,"Row with id = 1705 in the ""Database"" sheet of the freely downloadable Supporting Information (SI) at the DOI above.","Project valuation information network, China Construction project Cost Management Association, http://www.ccost.com/f/costIndex?menuId=5"
N-1706,Liu et al. (2025),https://doi.org/10.1021/acs.est.5c05684,Not stated by publisher,"Row with id = 1706 in the ""Database"" sheet of the freely downloadable Supporting Information (SI) at the DOI above.","Project valuation information network, China Construction project Cost Management Association, http://www.ccost.com/f/costIndex?menuId=5"
N-1707,Liu et al. (2025),https://doi.org/10.1021/acs.est.5c05684,Not stated by publisher,"Row with id = 1707 in the ""Database"" sheet of the freely downloadable Supporting Information (SI) at the DOI above.","Project valuation information network, China Construction project Cost Management Association, http://www.ccost.com/f/costIndex?menuId=5"
N-1708,Liu et al. (2025),https://doi.org/10.1021/acs.est.5c05684,Not stated by publisher,"Row with id = 1708 in the ""Database"" sheet of the freely downloadable Supporting Information (SI) at the DOI above.","Project valuation information network, China Construction project Cost Management Association, http://www.ccost.com/f/costIndex?menuId=5"
N-1709,Liu et al. (2025),https://doi.org/10.1021/acs.est.5c05684,Not stated by publisher,"Row with id = 1709 in the ""Database"" sheet of the freely downloadable Supporting Information (SI) at the DOI above.","Project valuation information network, China Construction project Cost Management Association, http://www.ccost.com/f/costIndex?menuId=5"
N-1710,Liu et al. (2025),https://doi.org/10.1021/acs.est.5c05684,Not stated by publisher,"Row with id = 1710 in the ""Database"" sheet of the freely downloadable Supporting Information (SI) at the DOI above.","Project valuation information network, China Construction project Cost Management Association, http://www.ccost.com/f/costIndex?menuId=5"
N-1711,Liu et al. (2025),https://doi.org/10.1021/acs.est.5c05684,Not stated by publisher,"Row with id = 1711 in the ""Database"" sheet of the freely downloadable Supporting Information (SI) at the DOI above.","Project valuation information network, China Construction project Cost Management Association, http://www.ccost.com/f/costIndex?menuId=5"
N-1712,Liu et al. (2025),https://doi.org/10.1021/acs.est.5c05684,Not stated by publisher,"Row with id = 1712 in the ""Database"" sheet of the freely downloadable Supporting Information (SI) at the DOI above.","Project valuation information network, China Construction project Cost Management Association, http://www.ccost.com/f/costIndex?menuId=5"
N-1713,Liu et al. (2025),https://doi.org/10.1021/acs.est.5c05684,Not stated by publisher,"Row with id = 1713 in the ""Database"" sheet of the freely downloadable Supporting Information (SI) at the DOI above.","Project valuation information network, China Construction project Cost Management Association, http://www.ccost.com/f/costIndex?menuId=5"
N-1714,Liu et al. (2025),https://doi.org/10.1021/acs.est.5c05684,Not stated by publisher,"Row with id = 1714 in the ""Database"" sheet of the freely downloadable Supporting Information (SI) at the DOI above.","Project valuation information network, China Construction project Cost Management Association, http://www.ccost.com/f/costIndex?menuId=5"
N-1715,Liu et al. (2025),https://doi.org/10.1021/acs.est.5c05684,Not stated by publisher,"Row with id = 1715 in the ""Database"" sheet of the freely downloadable Supporting Information (SI) at the DOI above.","Project valuation information network, China Construction project Cost Management Association, http://www.ccost.com/f/costIndex?menuId=5"
N-1716,Liu et al. (2025),https://doi.org/10.1021/acs.est.5c05684,Not stated by publisher,"Row with id = 1716 in the ""Database"" sheet of the freely downloadable Supporting Information (SI) at the DOI above.","Project valuation information network, China Construction project Cost Management Association, http://www.ccost.com/f/costIndex?menuId=5"
N-1717,Liu et al. (2025),https://doi.org/10.1021/acs.est.5c05684,Not stated by publisher,"Row with id = 1717 in the ""Database"" sheet of the freely downloadable Supporting Information (SI) at the DOI above.","Project valuation information network, China Construction project Cost Management Association, http://www.ccost.com/f/costIndex?menuId=5"
N-1718,Liu et al. (2025),https://doi.org/10.1021/acs.est.5c05684,Not stated by publisher,"Row with id = 1718 in the ""Database"" sheet of the freely downloadable Supporting Information (SI) at the DOI above.","Project valuation information network, China Construction project Cost Management Association, http://www.ccost.com/f/costIndex?menuId=5"
N-1719,Liu et al. (2025),https://doi.org/10.1021/acs.est.5c05684,Not stated by publisher,"Row with id = 1719 in the ""Database"" sheet of the freely downloadable Supporting Information (SI) at the DOI above.","Project valuation information network, China Construction project Cost Management Association, http://www.ccost.com/f/costIndex?menuId=5"
N-1720,Liu et al. (2025),https://doi.org/10.1021/acs.est.5c05684,Not stated by publisher,"Row with id = 1720 in the ""Database"" sheet of the freely downloadable Supporting Information (SI) at the DOI above.","Project valuation information network, China Construction project Cost Management Association, http://www.ccost.com/f/costIndex?menuId=5"
N-1721,Liu et al. (2025),https://doi.org/10.1021/acs.est.5c05684,Not stated by publisher,"Row with id = 1721 in the ""Database"" sheet of the freely downloadable Supporting Information (SI) at the DOI above.","Project valuation information network, China Construction project Cost Management Association, http://www.ccost.com/f/costIndex?menuId=5"
N-1722,Liu et al. (2025),https://doi.org/10.1021/acs.est.5c05684,Not stated by publisher,"Row with id = 1722 in the ""Database"" sheet of the freely downloadable Supporting Information (SI) at the DOI above.","Project valuation information network, China Construction project Cost Management Association, http://www.ccost.com/f/costIndex?menuId=5"
N-1723,Liu et al. (2025),https://doi.org/10.1021/acs.est.5c05684,Not stated by publisher,"Row with id = 1723 in the ""Database"" sheet of the freely downloadable Supporting Information (SI) at the DOI above.","Project valuation information network, China Construction project Cost Management Association, http://www.ccost.com/f/costIndex?menuId=5"
N-1724,Liu et al. (2025),https://doi.org/10.1021/acs.est.5c05684,Not stated by publisher,"Row with id = 1724 in the ""Database"" sheet of the freely downloadable Supporting Information (SI) at the DOI above.","Project valuation information network, China Construction project Cost Management Association, http://www.ccost.com/f/costIndex?menuId=5"
N-1725,Liu et al. (2025),https://doi.org/10.1021/acs.est.5c05684,Not stated by publisher,"Row with id = 1725 in the ""Database"" sheet of the freely downloadable Supporting Information (SI) at the DOI above.","Project valuation information network, China Construction project Cost Management Association, http://www.ccost.com/f/costIndex?menuId=5"
N-1726,Liu et al. (2025),https://doi.org/10.1021/acs.est.5c05684,Not stated by publisher,"Row with id = 1726 in the ""Database"" sheet of the freely downloadable Supporting Information (SI) at the DOI above.","Project valuation information network, China Construction project Cost Management Association, http://www.ccost.com/f/costIndex?menuId=5"
N-1727,Liu et al. (2025),https://doi.org/10.1021/acs.est.5c05684,Not stated by publisher,"Row with id = 1727 in the ""Database"" sheet of the freely downloadable Supporting Information (SI) at the DOI above.","Project valuation information network, China Construction project Cost Management Association, http://www.ccost.com/f/costIndex?menuId=5"
N-1728,Liu et al. (2025),https://doi.org/10.1021/acs.est.5c05684,Not stated by publisher,"Row with id = 1728 in the ""Database"" sheet of the freely downloadable Supporting Information (SI) at the DOI above.","Project valuation information network, China Construction project Cost Management Association, http://www.ccost.com/f/costIndex?menuId=5"
N-1729,Liu et al. (2025),https://doi.org/10.1021/acs.est.5c05684,Not stated by publisher,"Row with id = 1729 in the ""Database"" sheet of the freely downloadable Supporting Information (SI) at the DOI above.","Project valuation information network, China Construction project Cost Management Association, http://www.ccost.com/f/costIndex?menuId=5"
N-1730,Liu et al. (2025),https://doi.org/10.1021/acs.est.5c05684,Not stated by publisher,"Row with id = 1730 in the ""Database"" sheet of the freely downloadable Supporting Information (SI) at the DOI above.","Project valuation information network, China Construction project Cost Management Association, http://www.ccost.com/f/costIndex?menuId=5"
N-1731,Liu et al. (2025),https://doi.org/10.1021/acs.est.5c05684,Not stated by publisher,"Row with id = 1731 in the ""Database"" sheet of the freely downloadable Supporting Information (SI) at the DOI above.","Project valuation information network, China Construction project Cost Management Association, http://www.ccost.com/f/costIndex?menuId=5"
N-1732,Liu et al. (2025),https://doi.org/10.1021/acs.est.5c05684,Not stated by publisher,"Row with id = 1732 in the ""Database"" sheet of the freely downloadable Supporting Information (SI) at the DOI above.","Project valuation information network, China Construction project Cost Management Association, http://www.ccost.com/f/costIndex?menuId=5"
N-1733,Liu et al. (2025),https://doi.org/10.1021/acs.est.5c05684,Not stated by publisher,"Row with id = 1733 in the ""Database"" sheet of the freely downloadable Supporting Information (SI) at the DOI above.","Project valuation information network, China Construction project Cost Management Association, http://www.ccost.com/f/costIndex?menuId=5"
N-1734,Liu et al. (2025),https://doi.org/10.1021/acs.est.5c05684,Not stated by publisher,"Row with id = 1734 in the ""Database"" sheet of the freely downloadable Supporting Information (SI) at the DOI above.","Project valuation information network, China Construction project Cost Management Association, http://www.ccost.com/f/costIndex?menuId=5"
N-1735,Liu et al. (2025),https://doi.org/10.1021/acs.est.5c05684,Not stated by publisher,"Row with id = 1735 in the ""Database"" sheet of the freely downloadable Supporting Information (SI) at the DOI above.","Project valuation information network, China Construction project Cost Management Association, http://www.ccost.com/f/costIndex?menuId=5"
N-1736,Liu et al. (2025),https://doi.org/10.1021/acs.est.5c05684,Not stated by publisher,"Row with id = 1736 in the ""Database"" sheet of the freely downloadable Supporting Information (SI) at the DOI above.","Project valuation information network, China Construction project Cost Management Association, http://www.ccost.com/f/costIndex?menuId=5"
N-1738,Liu et al. (2025),https://doi.org/10.1021/acs.est.5c05684,Not stated by publisher,"Row with id = 1738 in the ""Database"" sheet of the freely downloadable Supporting Information (SI) at the DOI above.","Project valuation information network, China Construction project Cost Management Association, http://www.ccost.com/f/costIndex?menuId=5"
N-1739,Liu et al. (2025),https://doi.org/10.1021/acs.est.5c05684,Not stated by publisher,"Row with id = 1739 in the ""Database"" sheet of the freely downloadable Supporting Information (SI) at the DOI above.","Project valuation information network, China Construction project Cost Management Association, http://www.ccost.com/f/costIndex?menuId=5"
N-1740,Liu et al. (2025),https://doi.org/10.1021/acs.est.5c05684,Not stated by publisher,"Row with id = 1740 in the ""Database"" sheet of the freely downloadable Supporting Information (SI) at the DOI above.","Project valuation information network, China Construction project Cost Management Association, http://www.ccost.com/f/costIndex?menuId=5"
N-1741,Liu et al. (2025),https://doi.org/10.1021/acs.est.5c05684,Not stated by publisher,"Row with id = 1741 in the ""Database"" sheet of the freely downloadable Supporting Information (SI) at the DOI above.","Project valuation information network, China Construction project Cost Management Association, http://www.ccost.com/f/costIndex?menuId=5"
N-1742,Liu et al. (2025),https://doi.org/10.1021/acs.est.5c05684,Not stated by publisher,"Row with id = 1742 in the ""Database"" sheet of the freely downloadable Supporting Information (SI) at the DOI above.","Project valuation information network, China Construction project Cost Management Association, http://www.ccost.com/f/costIndex?menuId=5"
N-1743,Liu et al. (2025),https://doi.org/10.1021/acs.est.5c05684,Not stated by publisher,"Row with id = 1743 in the ""Database"" sheet of the freely downloadable Supporting Information (SI) at the DOI above.","Project valuation information network, China Construction project Cost Management Association, http://www.ccost.com/f/costIndex?menuId=5"
N-1744,Liu et al. (2025),https://doi.org/10.1021/acs.est.5c05684,Not stated by publisher,"Row with id = 1744 in the ""Database"" sheet of the freely downloadable Supporting Information (SI) at the DOI above.","Project valuation information network, China Construction project Cost Management Association, http://www.ccost.com/f/costIndex?menuId=5"
N-1745,Liu et al. (2025),https://doi.org/10.1021/acs.est.5c05684,Not stated by publisher,"Row with id = 1745 in the ""Database"" sheet of the freely downloadable Supporting Information (SI) at the DOI above.","Project valuation information network, China Construction project Cost Management Association, http://www.ccost.com/f/costIndex?menuId=5"
N-1746,Liu et al. (2025),https://doi.org/10.1021/acs.est.5c05684,Not stated by publisher,"Row with id = 1746 in the ""Database"" sheet of the freely downloadable Supporting Information (SI) at the DOI above.","Project valuation information network, China Construction project Cost Management Association, http://www.ccost.com/f/costIndex?menuId=5"
N-1747,Liu et al. (2025),https://doi.org/10.1021/acs.est.5c05684,Not stated by publisher,"Row with id = 1747 in the ""Database"" sheet of the freely downloadable Supporting Information (SI) at the DOI above.","Project valuation information network, China Construction project Cost Management Association, http://www.ccost.com/f/costIndex?menuId=5"
N-1748,Liu et al. (2025),https://doi.org/10.1021/acs.est.5c05684,Not stated by publisher,"Row with id = 1748 in the ""Database"" sheet of the freely downloadable Supporting Information (SI) at the DOI above.","Project valuation information network, China Construction project Cost Management Association, http://www.ccost.com/f/costIndex?menuId=5"
N-1749,Liu et al. (2025),https://doi.org/10.1021/acs.est.5c05684,Not stated by publisher,"Row with id = 1749 in the ""Database"" sheet of the freely downloadable Supporting Information (SI) at the DOI above.","Project valuation information network, China Construction project Cost Management Association, http://www.ccost.com/f/costIndex?menuId=5"
N-1750,Liu et al. (2025),https://doi.org/10.1021/acs.est.5c05684,Not stated by publisher,"Row with id = 1750 in the ""Database"" sheet of the freely downloadable Supporting Information (SI) at the DOI above.","Project valuation information network, China Construction project Cost Management Association, http://www.ccost.com/f/costIndex?menuId=5"
N-1751,Liu et al. (2025),https://doi.org/10.1021/acs.est.5c05684,Not stated by publisher,"Row with id = 1751 in the ""Database"" sheet of the freely downloadable Supporting Information (SI) at the DOI above.","Project valuation information network, China Construction project Cost Management Association, http://www.ccost.com/f/costIndex?menuId=5"
N-1752,Liu et al. (2025),https://doi.org/10.1021/acs.est.5c05684,Not stated by publisher,"Row with id = 1752 in the ""Database"" sheet of the freely downloadable Supporting Information (SI) at the DOI above.","Project valuation information network, China Construction project Cost Management Association, http://www.ccost.com/f/costIndex?menuId=5"
N-1753,Liu et al. (2025),https://doi.org/10.1021/acs.est.5c05684,Not stated by publisher,"Row with id = 1753 in the ""Database"" sheet of the freely downloadable Supporting Information (SI) at the DOI above.","Project valuation information network, China Construction project Cost Management Association, http://www.ccost.com/f/costIndex?menuId=5"
N-1754,Liu et al. (2025),https://doi.org/10.1021/acs.est.5c05684,Not stated by publisher,"Row with id = 1754 in the ""Database"" sheet of the freely downloadable Supporting Information (SI) at the DOI above.","Project valuation information network, China Construction project Cost Management Association, http://www.ccost.com/f/costIndex?menuId=5"
N-1755,Liu et al. (2025),https://doi.org/10.1021/acs.est.5c05684,Not stated by publisher,"Row with id = 1755 in the ""Database"" sheet of the freely downloadable Supporting Information (SI) at the DOI above.","Project valuation information network, China Construction project Cost Management Association, http://www.ccost.com/f/costIndex?menuId=5"
N-1757,Liu et al. (2025),https://doi.org/10.1021/acs.est.5c05684,Not stated by publisher,"Row with id = 1757 in the ""Database"" sheet of the freely downloadable Supporting Information (SI) at the DOI above.","Project valuation information network, China Construction project Cost Management Association, http://www.ccost.com/f/costIndex?menuId=5"
N-1758,Liu et al. (2025),https://doi.org/10.1021/acs.est.5c05684,Not stated by publisher,"Row with id = 1758 in the ""Database"" sheet of the freely downloadable Supporting Information (SI) at the DOI above.","Project valuation information network, China Construction project Cost Management Association, http://www.ccost.com/f/costIndex?menuId=5"
N-1759,Liu et al. (2025),https://doi.org/10.1021/acs.est.5c05684,Not stated by publisher,"Row with id = 1759 in the ""Database"" sheet of the freely downloadable Supporting Information (SI) at the DOI above.","Project valuation information network, China Construction project Cost Management Association, http://www.ccost.com/f/costIndex?menuId=5"
N-1760,Liu et al. (2025),https://doi.org/10.1021/acs.est.5c05684,Not stated by publisher,"Row with id = 1760 in the ""Database"" sheet of the freely downloadable Supporting Information (SI) at the DOI above.","Project valuation information network, China Construction project Cost Management Association, http://www.ccost.com/f/costIndex?menuId=5"
N-1761,Liu et al. (2025),https://doi.org/10.1021/acs.est.5c05684,Not stated by publisher,"Row with id = 1761 in the ""Database"" sheet of the freely downloadable Supporting Information (SI) at the DOI above.","Project valuation information network, China Construction project Cost Management Association, http://www.ccost.com/f/costIndex?menuId=5"
N-1762,Liu et al. (2025),https://doi.org/10.1021/acs.est.5c05684,Not stated by publisher,"Row with id = 1762 in the ""Database"" sheet of the freely downloadable Supporting Information (SI) at the DOI above.","Project valuation information network, China Construction project Cost Management Association, http://www.ccost.com/f/costIndex?menuId=5"
N-1763,Liu et al. (2025),https://doi.org/10.1021/acs.est.5c05684,Not stated by publisher,"Row with id = 1763 in the ""Database"" sheet of the freely downloadable Supporting Information (SI) at the DOI above.","Project valuation information network, China Construction project Cost Management Association, http://www.ccost.com/f/costIndex?menuId=5"
N-1764,Liu et al. (2025),https://doi.org/10.1021/acs.est.5c05684,Not stated by publisher,"Row with id = 1764 in the ""Database"" sheet of the freely downloadable Supporting Information (SI) at the DOI above.","Project valuation information network, China Construction project Cost Management Association, http://www.ccost.com/f/costIndex?menuId=5"
N-1765,Liu et al. (2025),https://doi.org/10.1021/acs.est.5c05684,Not stated by publisher,"Row with id = 1765 in the ""Database"" sheet of the freely downloadable Supporting Information (SI) at the DOI above.","Project valuation information network, China Construction project Cost Management Association, http://www.ccost.com/f/costIndex?menuId=5"
N-1766,Liu et al. (2025),https://doi.org/10.1021/acs.est.5c05684,Not stated by publisher,"Row with id = 1766 in the ""Database"" sheet of the freely downloadable Supporting Information (SI) at the DOI above.","Project valuation information network, China Construction project Cost Management Association, http://www.ccost.com/f/costIndex?menuId=5"
N-1768,Liu et al. (2025),https://doi.org/10.1021/acs.est.5c05684,Not stated by publisher,"Row with id = 1768 in the ""Database"" sheet of the freely downloadable Supporting Information (SI) at the DOI above.","Project valuation information network, China Construction project Cost Management Association, http://www.ccost.com/f/costIndex?menuId=5"
N-1769,Liu et al. (2025),https://doi.org/10.1021/acs.est.5c05684,Not stated by publisher,"Row with id = 1769 in the ""Database"" sheet of the freely downloadable Supporting Information (SI) at the DOI above.","Project valuation information network, China Construction project Cost Management Association, http://www.ccost.com/f/costIndex?menuId=5"
N-1770,Liu et al. (2025),https://doi.org/10.1021/acs.est.5c05684,Not stated by publisher,"Row with id = 1770 in the ""Database"" sheet of the freely downloadable Supporting Information (SI) at the DOI above.","Project valuation information network, China Construction project Cost Management Association, http://www.ccost.com/f/costIndex?menuId=5"
N-1771,Liu et al. (2025),https://doi.org/10.1021/acs.est.5c05684,Not stated by publisher,"Row with id = 1771 in the ""Database"" sheet of the freely downloadable Supporting Information (SI) at the DOI above.","Project valuation information network, China Construction project Cost Management Association, http://www.ccost.com/f/costIndex?menuId=5"
N-1772,Liu et al. (2025),https://doi.org/10.1021/acs.est.5c05684,Not stated by publisher,"Row with id = 1772 in the ""Database"" sheet of the freely downloadable Supporting Information (SI) at the DOI above.","Project valuation information network, China Construction project Cost Management Association, http://www.ccost.com/f/costIndex?menuId=5"
N-1773,Liu et al. (2025),https://doi.org/10.1021/acs.est.5c05684,Not stated by publisher,"Row with id = 1773 in the ""Database"" sheet of the freely downloadable Supporting Information (SI) at the DOI above.","Project valuation information network, China Construction project Cost Management Association, http://www.ccost.com/f/costIndex?menuId=5"
N-1774,Liu et al. (2025),https://doi.org/10.1021/acs.est.5c05684,Not stated by publisher,"Row with id = 1774 in the ""Database"" sheet of the freely downloadable Supporting Information (SI) at the DOI above.","Project valuation information network, China Construction project Cost Management Association, http://www.ccost.com/f/costIndex?menuId=5"
N-1775,Liu et al. (2025),https://doi.org/10.1021/acs.est.5c05684,Not stated by publisher,"Row with id = 1775 in the ""Database"" sheet of the freely downloadable Supporting Information (SI) at the DOI above.","Project valuation information network, China Construction project Cost Management Association, http://www.ccost.com/f/costIndex?menuId=5"
N-1776,Liu et al. (2025),https://doi.org/10.1021/acs.est.5c05684,Not stated by publisher,"Row with id = 1776 in the ""Database"" sheet of the freely downloadable Supporting Information (SI) at the DOI above.","Project valuation information network, China Construction project Cost Management Association, http://www.ccost.com/f/costIndex?menuId=5"
N-1777,Liu et al. (2025),https://doi.org/10.1021/acs.est.5c05684,Not stated by publisher,"Row with id = 1777 in the ""Database"" sheet of the freely downloadable Supporting Information (SI) at the DOI above.","Project valuation information network, China Construction project Cost Management Association, http://www.ccost.com/f/costIndex?menuId=5"
N-1778,Liu et al. (2025),https://doi.org/10.1021/acs.est.5c05684,Not stated by publisher,"Row with id = 1778 in the ""Database"" sheet of the freely downloadable Supporting Information (SI) at the DOI above.","Project valuation information network, China Construction project Cost Management Association, http://www.ccost.com/f/costIndex?menuId=5"
N-1779,Liu et al. (2025),https://doi.org/10.1021/acs.est.5c05684,Not stated by publisher,"Row with id = 1779 in the ""Database"" sheet of the freely downloadable Supporting Information (SI) at the DOI above.","Project valuation information network, China Construction project Cost Management Association, http://www.ccost.com/f/costIndex?menuId=5"
N-1780,Liu et al. (2025),https://doi.org/10.1021/acs.est.5c05684,Not stated by publisher,"Row with id = 1780 in the ""Database"" sheet of the freely downloadable Supporting Information (SI) at the DOI above.","Project valuation information network, China Construction project Cost Management Association, http://www.ccost.com/f/costIndex?menuId=5"
N-1781,Liu et al. (2025),https://doi.org/10.1021/acs.est.5c05684,Not stated by publisher,"Row with id = 1781 in the ""Database"" sheet of the freely downloadable Supporting Information (SI) at the DOI above.","Project valuation information network, China Construction project Cost Management Association, http://www.ccost.com/f/costIndex?menuId=5"
N-1782,Liu et al. (2025),https://doi.org/10.1021/acs.est.5c05684,Not stated by publisher,"Row with id = 1782 in the ""Database"" sheet of the freely downloadable Supporting Information (SI) at the DOI above.","Project valuation information network, China Construction project Cost Management Association, http://www.ccost.com/f/costIndex?menuId=5"
N-1783,Liu et al. (2025),https://doi.org/10.1021/acs.est.5c05684,Not stated by publisher,"Row with id = 1783 in the ""Database"" sheet of the freely downloadable Supporting Information (SI) at the DOI above.","Project valuation information network, China Construction project Cost Management Association, http://www.ccost.com/f/costIndex?menuId=5"
N-1784,Liu et al. (2025),https://doi.org/10.1021/acs.est.5c05684,Not stated by publisher,"Row with id = 1784 in the ""Database"" sheet of the freely downloadable Supporting Information (SI) at the DOI above.","Project valuation information network, China Construction project Cost Management Association, http://www.ccost.com/f/costIndex?menuId=5"
N-1785,Liu et al. (2025),https://doi.org/10.1021/acs.est.5c05684,Not stated by publisher,"Row with id = 1785 in the ""Database"" sheet of the freely downloadable Supporting Information (SI) at the DOI above.","Project valuation information network, China Construction project Cost Management Association, http://www.ccost.com/f/costIndex?menuId=5"
N-1786,Liu et al. (2025),https://doi.org/10.1021/acs.est.5c05684,Not stated by publisher,"Row with id = 1786 in the ""Database"" sheet of the freely downloadable Supporting Information (SI) at the DOI above.","Project valuation information network, China Construction project Cost Management Association, http://www.ccost.com/f/costIndex?menuId=5"
N-1787,Liu et al. (2025),https://doi.org/10.1021/acs.est.5c05684,Not stated by publisher,"Row with id = 1787 in the ""Database"" sheet of the freely downloadable Supporting Information (SI) at the DOI above.","Project valuation information network, China Construction project Cost Management Association, http://www.ccost.com/f/costIndex?menuId=5"
N-1788,Liu et al. (2025),https://doi.org/10.1021/acs.est.5c05684,Not stated by publisher,"Row with id = 1788 in the ""Database"" sheet of the freely downloadable Supporting Information (SI) at the DOI above.","Project valuation information network, China Construction project Cost Management Association, http://www.ccost.com/f/costIndex?menuId=5"
N-1789,Liu et al. (2025),https://doi.org/10.1021/acs.est.5c05684,Not stated by publisher,"Row with id = 1789 in the ""Database"" sheet of the freely downloadable Supporting Information (SI) at the DOI above.","Project valuation information network, China Construction project Cost Management Association, http://www.ccost.com/f/costIndex?menuId=5"
N-1790,Liu et al. (2025),https://doi.org/10.1021/acs.est.5c05684,Not stated by publisher,"Row with id = 1790 in the ""Database"" sheet of the freely downloadable Supporting Information (SI) at the DOI above.","Project valuation information network, China Construction project Cost Management Association, http://www.ccost.com/f/costIndex?menuId=5"
N-1791,Liu et al. (2025),https://doi.org/10.1021/acs.est.5c05684,Not stated by publisher,"Row with id = 1791 in the ""Database"" sheet of the freely downloadable Supporting Information (SI) at the DOI above.","Project valuation information network, China Construction project Cost Management Association, http://www.ccost.com/f/costIndex?menuId=5"
N-1792,Liu et al. (2025),https://doi.org/10.1021/acs.est.5c05684,Not stated by publisher,"Row with id = 1792 in the ""Database"" sheet of the freely downloadable Supporting Information (SI) at the DOI above.","Project valuation information network, China Construction project Cost Management Association, http://www.ccost.com/f/costIndex?menuId=5"
N-1793,Liu et al. (2025),https://doi.org/10.1021/acs.est.5c05684,Not stated by publisher,"Row with id = 1793 in the ""Database"" sheet of the freely downloadable Supporting Information (SI) at the DOI above.","Project valuation information network, China Construction project Cost Management Association, http://www.ccost.com/f/costIndex?menuId=5"
N-1794,Liu et al. (2025),https://doi.org/10.1021/acs.est.5c05684,Not stated by publisher,"Row with id = 1794 in the ""Database"" sheet of the freely downloadable Supporting Information (SI) at the DOI above.","Project valuation information network, China Construction project Cost Management Association, http://www.ccost.com/f/costIndex?menuId=5"
N-1795,Liu et al. (2025),https://doi.org/10.1021/acs.est.5c05684,Not stated by publisher,"Row with id = 1795 in the ""Database"" sheet of the freely downloadable Supporting Information (SI) at the DOI above.","Project valuation information network, China Construction project Cost Management Association, http://www.ccost.com/f/costIndex?menuId=5"
N-1796,Liu et al. (2025),https://doi.org/10.1021/acs.est.5c05684,Not stated by publisher,"Row with id = 1796 in the ""Database"" sheet of the freely downloadable Supporting Information (SI) at the DOI above.","Project valuation information network, China Construction project Cost Management Association, http://www.ccost.com/f/costIndex?menuId=5"
N-1797,Liu et al. (2025),https://doi.org/10.1021/acs.est.5c05684,Not stated by publisher,"Row with id = 1797 in the ""Database"" sheet of the freely downloadable Supporting Information (SI) at the DOI above.","Project valuation information network, China Construction project Cost Management Association, http://www.ccost.com/f/costIndex?menuId=5"
N-1798,Liu et al. (2025),https://doi.org/10.1021/acs.est.5c05684,Not stated by publisher,"Row with id = 1798 in the ""Database"" sheet of the freely downloadable Supporting Information (SI) at the DOI above.","Project valuation information network, China Construction project Cost Management Association, http://www.ccost.com/f/costIndex?menuId=5"
N-1799,Liu et al. (2025),https://doi.org/10.1021/acs.est.5c05684,Not stated by publisher,"Row with id = 1799 in the ""Database"" sheet of the freely downloadable Supporting Information (SI) at the DOI above.","Project valuation information network, China Construction project Cost Management Association, http://www.ccost.com/f/costIndex?menuId=5"
N-1800,Liu et al. (2025),https://doi.org/10.1021/acs.est.5c05684,Not stated by publisher,"Row with id = 1800 in the ""Database"" sheet of the freely downloadable Supporting Information (SI) at the DOI above.","Project valuation information network, China Construction project Cost Management Association, http://www.ccost.com/f/costIndex?menuId=5"
N-1801,Liu et al. (2025),https://doi.org/10.1021/acs.est.5c05684,Not stated by publisher,"Row with id = 1801 in the ""Database"" sheet of the freely downloadable Supporting Information (SI) at the DOI above.","Project valuation information network, China Construction project Cost Management Association, http://www.ccost.com/f/costIndex?menuId=5"
N-1802,Liu et al. (2025),https://doi.org/10.1021/acs.est.5c05684,Not stated by publisher,"Row with id = 1802 in the ""Database"" sheet of the freely downloadable Supporting Information (SI) at the DOI above.","Project valuation information network, China Construction project Cost Management Association, http://www.ccost.com/f/costIndex?menuId=5"
N-1803,Liu et al. (2025),https://doi.org/10.1021/acs.est.5c05684,Not stated by publisher,"Row with id = 1803 in the ""Database"" sheet of the freely downloadable Supporting Information (SI) at the DOI above.","Project valuation information network, China Construction project Cost Management Association, http://www.ccost.com/f/costIndex?menuId=5"
N-1804,Liu et al. (2025),https://doi.org/10.1021/acs.est.5c05684,Not stated by publisher,"Row with id = 1804 in the ""Database"" sheet of the freely downloadable Supporting Information (SI) at the DOI above.","Project valuation information network, China Construction project Cost Management Association, http://www.ccost.com/f/costIndex?menuId=5"
N-1805,Liu et al. (2025),https://doi.org/10.1021/acs.est.5c05684,Not stated by publisher,"Row with id = 1805 in the ""Database"" sheet of the freely downloadable Supporting Information (SI) at the DOI above.","Project valuation information network, China Construction project Cost Management Association, http://www.ccost.com/f/costIndex?menuId=5"
N-1807,Liu et al. (2025),https://doi.org/10.1021/acs.est.5c05684,Not stated by publisher,"Row with id = 1807 in the ""Database"" sheet of the freely downloadable Supporting Information (SI) at the DOI above.","Project valuation information network, China Construction project Cost Management Association, http://www.ccost.com/f/costIndex?menuId=5"
N-1808,Liu et al. (2025),https://doi.org/10.1021/acs.est.5c05684,Not stated by publisher,"Row with id = 1808 in the ""Database"" sheet of the freely downloadable Supporting Information (SI) at the DOI above.","Project valuation information network, China Construction project Cost Management Association, http://www.ccost.com/f/costIndex?menuId=5"
N-1809,Liu et al. (2025),https://doi.org/10.1021/acs.est.5c05684,Not stated by publisher,"Row with id = 1809 in the ""Database"" sheet of the freely downloadable Supporting Information (SI) at the DOI above.","Project valuation information network, China Construction project Cost Management Association, http://www.ccost.com/f/costIndex?menuId=5"
N-1810,Liu et al. (2025),https://doi.org/10.1021/acs.est.5c05684,Not stated by publisher,"Row with id = 1810 in the ""Database"" sheet of the freely downloadable Supporting Information (SI) at the DOI above.","Project valuation information network, China Construction project Cost Management Association, http://www.ccost.com/f/costIndex?menuId=5"
N-1811,Liu et al. (2025),https://doi.org/10.1021/acs.est.5c05684,Not stated by publisher,"Row with id = 1811 in the ""Database"" sheet of the freely downloadable Supporting Information (SI) at the DOI above.","Project valuation information network, China Construction project Cost Management Association, http://www.ccost.com/f/costIndex?menuId=5"
N-1812,Liu et al. (2025),https://doi.org/10.1021/acs.est.5c05684,Not stated by publisher,"Row with id = 1812 in the ""Database"" sheet of the freely downloadable Supporting Information (SI) at the DOI above.","Project valuation information network, China Construction project Cost Management Association, http://www.ccost.com/f/costIndex?menuId=5"
N-1813,Liu et al. (2025),https://doi.org/10.1021/acs.est.5c05684,Not stated by publisher,"Row with id = 1813 in the ""Database"" sheet of the freely downloadable Supporting Information (SI) at the DOI above.","Project valuation information network, China Construction project Cost Management Association, http://www.ccost.com/f/costIndex?menuId=5"
N-1814,Liu et al. (2025),https://doi.org/10.1021/acs.est.5c05684,Not stated by publisher,"Row with id = 1814 in the ""Database"" sheet of the freely downloadable Supporting Information (SI) at the DOI above.","Project valuation information network, China Construction project Cost Management Association, http://www.ccost.com/f/costIndex?menuId=5"
N-1815,Liu et al. (2025),https://doi.org/10.1021/acs.est.5c05684,Not stated by publisher,"Row with id = 1815 in the ""Database"" sheet of the freely downloadable Supporting Information (SI) at the DOI above.","Project valuation information network, China Construction project Cost Management Association, http://www.ccost.com/f/costIndex?menuId=5"
N-1816,Liu et al. (2025),https://doi.org/10.1021/acs.est.5c05684,Not stated by publisher,"Row with id = 1816 in the ""Database"" sheet of the freely downloadable Supporting Information (SI) at the DOI above.","Project valuation information network, China Construction project Cost Management Association, http://www.ccost.com/f/costIndex?menuId=5"
N-1817,Liu et al. (2025),https://doi.org/10.1021/acs.est.5c05684,Not stated by publisher,"Row with id = 1817 in the ""Database"" sheet of the freely downloadable Supporting Information (SI) at the DOI above.","Project valuation information network, China Construction project Cost Management Association, http://www.ccost.com/f/costIndex?menuId=5"
N-1818,Liu et al. (2025),https://doi.org/10.1021/acs.est.5c05684,Not stated by publisher,"Row with id = 1818 in the ""Database"" sheet of the freely downloadable Supporting Information (SI) at the DOI above.","Project valuation information network, China Construction project Cost Management Association, http://www.ccost.com/f/costIndex?menuId=5"
N-1819,Liu et al. (2025),https://doi.org/10.1021/acs.est.5c05684,Not stated by publisher,"Row with id = 1819 in the ""Database"" sheet of the freely downloadable Supporting Information (SI) at the DOI above.","Project valuation information network, China Construction project Cost Management Association, http://www.ccost.com/f/costIndex?menuId=5"
N-1820,Liu et al. (2025),https://doi.org/10.1021/acs.est.5c05684,Not stated by publisher,"Row with id = 1820 in the ""Database"" sheet of the freely downloadable Supporting Information (SI) at the DOI above.","Project valuation information network, China Construction project Cost Management Association, http://www.ccost.com/f/costIndex?menuId=5"
N-1821,Liu et al. (2025),https://doi.org/10.1021/acs.est.5c05684,Not stated by publisher,"Row with id = 1821 in the ""Database"" sheet of the freely downloadable Supporting Information (SI) at the DOI above.","Project valuation information network, China Construction project Cost Management Association, http://www.ccost.com/f/costIndex?menuId=5"
N-1822,Liu et al. (2025),https://doi.org/10.1021/acs.est.5c05684,Not stated by publisher,"Row with id = 1822 in the ""Database"" sheet of the freely downloadable Supporting Information (SI) at the DOI above.","Project valuation information network, China Construction project Cost Management Association, http://www.ccost.com/f/costIndex?menuId=5"
N-1823,Liu et al. (2025),https://doi.org/10.1021/acs.est.5c05684,Not stated by publisher,"Row with id = 1823 in the ""Database"" sheet of the freely downloadable Supporting Information (SI) at the DOI above.","Project valuation information network, China Construction project Cost Management Association, http://www.ccost.com/f/costIndex?menuId=5"
N-1824,Liu et al. (2025),https://doi.org/10.1021/acs.est.5c05684,Not stated by publisher,"Row with id = 1824 in the ""Database"" sheet of the freely downloadable Supporting Information (SI) at the DOI above.","Project valuation information network, China Construction project Cost Management Association, http://www.ccost.com/f/costIndex?menuId=5"
N-1825,Liu et al. (2025),https://doi.org/10.1021/acs.est.5c05684,Not stated by publisher,"Row with id = 1825 in the ""Database"" sheet of the freely downloadable Supporting Information (SI) at the DOI above.","Project valuation information network, China Construction project Cost Management Association, http://www.ccost.com/f/costIndex?menuId=5"
N-1826,Liu et al. (2025),https://doi.org/10.1021/acs.est.5c05684,Not stated by publisher,"Row with id = 1826 in the ""Database"" sheet of the freely downloadable Supporting Information (SI) at the DOI above.","Project valuation information network, China Construction project Cost Management Association, http://www.ccost.com/f/costIndex?menuId=5"
N-1827,Liu et al. (2025),https://doi.org/10.1021/acs.est.5c05684,Not stated by publisher,"Row with id = 1827 in the ""Database"" sheet of the freely downloadable Supporting Information (SI) at the DOI above.","Project valuation information network, China Construction project Cost Management Association, http://www.ccost.com/f/costIndex?menuId=5"
N-1828,Liu et al. (2025),https://doi.org/10.1021/acs.est.5c05684,Not stated by publisher,"Row with id = 1828 in the ""Database"" sheet of the freely downloadable Supporting Information (SI) at the DOI above.","Project valuation information network, China Construction project Cost Management Association, http://www.ccost.com/f/costIndex?menuId=5"
N-1829,Liu et al. (2025),https://doi.org/10.1021/acs.est.5c05684,Not stated by publisher,"Row with id = 1829 in the ""Database"" sheet of the freely downloadable Supporting Information (SI) at the DOI above.","Project valuation information network, China Construction project Cost Management Association, http://www.ccost.com/f/costIndex?menuId=5"
N-1830,Liu et al. (2025),https://doi.org/10.1021/acs.est.5c05684,Not stated by publisher,"Row with id = 1830 in the ""Database"" sheet of the freely downloadable Supporting Information (SI) at the DOI above.","Project valuation information network, China Construction project Cost Management Association, http://www.ccost.com/f/costIndex?menuId=5"
N-1831,Liu et al. (2025),https://doi.org/10.1021/acs.est.5c05684,Not stated by publisher,"Row with id = 1831 in the ""Database"" sheet of the freely downloadable Supporting Information (SI) at the DOI above.","Project valuation information network, China Construction project Cost Management Association, http://www.ccost.com/f/costIndex?menuId=5"
N-1832,Liu et al. (2025),https://doi.org/10.1021/acs.est.5c05684,Not stated by publisher,"Row with id = 1832 in the ""Database"" sheet of the freely downloadable Supporting Information (SI) at the DOI above.","Project valuation information network, China Construction project Cost Management Association, http://www.ccost.com/f/costIndex?menuId=5"
N-1833,Liu et al. (2025),https://doi.org/10.1021/acs.est.5c05684,Not stated by publisher,"Row with id = 1833 in the ""Database"" sheet of the freely downloadable Supporting Information (SI) at the DOI above.","Project valuation information network, China Construction project Cost Management Association, http://www.ccost.com/f/costIndex?menuId=5"
N-1834,Liu et al. (2025),https://doi.org/10.1021/acs.est.5c05684,Not stated by publisher,"Row with id = 1834 in the ""Database"" sheet of the freely downloadable Supporting Information (SI) at the DOI above.","Project valuation information network, China Construction project Cost Management Association, http://www.ccost.com/f/costIndex?menuId=5"
N-1835,Liu et al. (2025),https://doi.org/10.1021/acs.est.5c05684,Not stated by publisher,"Row with id = 1835 in the ""Database"" sheet of the freely downloadable Supporting Information (SI) at the DOI above.","Project valuation information network, China Construction project Cost Management Association, http://www.ccost.com/f/costIndex?menuId=5"
N-1836,Liu et al. (2025),https://doi.org/10.1021/acs.est.5c05684,Not stated by publisher,"Row with id = 1836 in the ""Database"" sheet of the freely downloadable Supporting Information (SI) at the DOI above.","Project valuation information network, China Construction project Cost Management Association, http://www.ccost.com/f/costIndex?menuId=5"
N-1837,Liu et al. (2025),https://doi.org/10.1021/acs.est.5c05684,Not stated by publisher,"Row with id = 1837 in the ""Database"" sheet of the freely downloadable Supporting Information (SI) at the DOI above.","Project valuation information network, China Construction project Cost Management Association, http://www.ccost.com/f/costIndex?menuId=5"
N-1838,Liu et al. (2025),https://doi.org/10.1021/acs.est.5c05684,Not stated by publisher,"Row with id = 1838 in the ""Database"" sheet of the freely downloadable Supporting Information (SI) at the DOI above.","Project valuation information network, China Construction project Cost Management Association, http://www.ccost.com/f/costIndex?menuId=5"
N-1839,Liu et al. (2025),https://doi.org/10.1021/acs.est.5c05684,Not stated by publisher,"Row with id = 1839 in the ""Database"" sheet of the freely downloadable Supporting Information (SI) at the DOI above.","Project valuation information network, China Construction project Cost Management Association, http://www.ccost.com/f/costIndex?menuId=5"
N-1840,Liu et al. (2025),https://doi.org/10.1021/acs.est.5c05684,Not stated by publisher,"Row with id = 1840 in the ""Database"" sheet of the freely downloadable Supporting Information (SI) at the DOI above.","Project valuation information network, China Construction project Cost Management Association, http://www.ccost.com/f/costIndex?menuId=5"
N-1841,Liu et al. (2025),https://doi.org/10.1021/acs.est.5c05684,Not stated by publisher,"Row with id = 1841 in the ""Database"" sheet of the freely downloadable Supporting Information (SI) at the DOI above.","Project valuation information network, China Construction project Cost Management Association, http://www.ccost.com/f/costIndex?menuId=5"
N-1842,Liu et al. (2025),https://doi.org/10.1021/acs.est.5c05684,Not stated by publisher,"Row with id = 1842 in the ""Database"" sheet of the freely downloadable Supporting Information (SI) at the DOI above.","Project valuation information network, China Construction project Cost Management Association, http://www.ccost.com/f/costIndex?menuId=5"
N-1843,Liu et al. (2025),https://doi.org/10.1021/acs.est.5c05684,Not stated by publisher,"Row with id = 1843 in the ""Database"" sheet of the freely downloadable Supporting Information (SI) at the DOI above.","Project valuation information network, China Construction project Cost Management Association, http://www.ccost.com/f/costIndex?menuId=5"
N-1844,Liu et al. (2025),https://doi.org/10.1021/acs.est.5c05684,Not stated by publisher,"Row with id = 1844 in the ""Database"" sheet of the freely downloadable Supporting Information (SI) at the DOI above.","Project valuation information network, China Construction project Cost Management Association, http://www.ccost.com/f/costIndex?menuId=5"
N-1845,Liu et al. (2025),https://doi.org/10.1021/acs.est.5c05684,Not stated by publisher,"Row with id = 1845 in the ""Database"" sheet of the freely downloadable Supporting Information (SI) at the DOI above.","Project valuation information network, China Construction project Cost Management Association, http://www.ccost.com/f/costIndex?menuId=5"
N-1846,Liu et al. (2025),https://doi.org/10.1021/acs.est.5c05684,Not stated by publisher,"Row with id = 1846 in the ""Database"" sheet of the freely downloadable Supporting Information (SI) at the DOI above.","Project valuation information network, China Construction project Cost Management Association, http://www.ccost.com/f/costIndex?menuId=5"
N-1847,Liu et al. (2025),https://doi.org/10.1021/acs.est.5c05684,Not stated by publisher,"Row with id = 1847 in the ""Database"" sheet of the freely downloadable Supporting Information (SI) at the DOI above.","Project valuation information network, China Construction project Cost Management Association, http://www.ccost.com/f/costIndex?menuId=5"
N-1848,Liu et al. (2025),https://doi.org/10.1021/acs.est.5c05684,Not stated by publisher,"Row with id = 1848 in the ""Database"" sheet of the freely downloadable Supporting Information (SI) at the DOI above.","Project valuation information network, China Construction project Cost Management Association, http://www.ccost.com/f/costIndex?menuId=5"
N-1849,Liu et al. (2025),https://doi.org/10.1021/acs.est.5c05684,Not stated by publisher,"Row with id = 1849 in the ""Database"" sheet of the freely downloadable Supporting Information (SI) at the DOI above.","Project valuation information network, China Construction project Cost Management Association, http://www.ccost.com/f/costIndex?menuId=5"
N-1850,Liu et al. (2025),https://doi.org/10.1021/acs.est.5c05684,Not stated by publisher,"Row with id = 1850 in the ""Database"" sheet of the freely downloadable Supporting Information (SI) at the DOI above.","Project valuation information network, China Construction project Cost Management Association, http://www.ccost.com/f/costIndex?menuId=5"
N-1851,Liu et al. (2025),https://doi.org/10.1021/acs.est.5c05684,Not stated by publisher,"Row with id = 1851 in the ""Database"" sheet of the freely downloadable Supporting Information (SI) at the DOI above.","Project valuation information network, China Construction project Cost Management Association, http://www.ccost.com/f/costIndex?menuId=5"
N-1852,Liu et al. (2025),https://doi.org/10.1021/acs.est.5c05684,Not stated by publisher,"Row with id = 1852 in the ""Database"" sheet of the freely downloadable Supporting Information (SI) at the DOI above.","Project valuation information network, China Construction project Cost Management Association, http://www.ccost.com/f/costIndex?menuId=5"
N-1853,Liu et al. (2025),https://doi.org/10.1021/acs.est.5c05684,Not stated by publisher,"Row with id = 1853 in the ""Database"" sheet of the freely downloadable Supporting Information (SI) at the DOI above.","Project valuation information network, China Construction project Cost Management Association, http://www.ccost.com/f/costIndex?menuId=5"
N-1854,Liu et al. (2025),https://doi.org/10.1021/acs.est.5c05684,Not stated by publisher,"Row with id = 1854 in the ""Database"" sheet of the freely downloadable Supporting Information (SI) at the DOI above.","Project valuation information network, China Construction project Cost Management Association, http://www.ccost.com/f/costIndex?menuId=5"
N-1855,Liu et al. (2025),https://doi.org/10.1021/acs.est.5c05684,Not stated by publisher,"Row with id = 1855 in the ""Database"" sheet of the freely downloadable Supporting Information (SI) at the DOI above.","Project valuation information network, China Construction project Cost Management Association, http://www.ccost.com/f/costIndex?menuId=5"
N-1856,Liu et al. (2025),https://doi.org/10.1021/acs.est.5c05684,Not stated by publisher,"Row with id = 1856 in the ""Database"" sheet of the freely downloadable Supporting Information (SI) at the DOI above.","Project valuation information network, China Construction project Cost Management Association, http://www.ccost.com/f/costIndex?menuId=5"
N-1857,Liu et al. (2025),https://doi.org/10.1021/acs.est.5c05684,Not stated by publisher,"Row with id = 1857 in the ""Database"" sheet of the freely downloadable Supporting Information (SI) at the DOI above.","Project valuation information network, China Construction project Cost Management Association, http://www.ccost.com/f/costIndex?menuId=5"
N-1858,Liu et al. (2025),https://doi.org/10.1021/acs.est.5c05684,Not stated by publisher,"Row with id = 1858 in the ""Database"" sheet of the freely downloadable Supporting Information (SI) at the DOI above.","Project valuation information network, China Construction project Cost Management Association, http://www.ccost.com/f/costIndex?menuId=5"
N-1859,Liu et al. (2025),https://doi.org/10.1021/acs.est.5c05684,Not stated by publisher,"Row with id = 1859 in the ""Database"" sheet of the freely downloadable Supporting Information (SI) at the DOI above.","Project valuation information network, China Construction project Cost Management Association, http://www.ccost.com/f/costIndex?menuId=5"
N-1860,Liu et al. (2025),https://doi.org/10.1021/acs.est.5c05684,Not stated by publisher,"Row with id = 1860 in the ""Database"" sheet of the freely downloadable Supporting Information (SI) at the DOI above.","Project valuation information network, China Construction project Cost Management Association, http://www.ccost.com/f/costIndex?menuId=5"
N-1861,Liu et al. (2025),https://doi.org/10.1021/acs.est.5c05684,Not stated by publisher,"Row with id = 1861 in the ""Database"" sheet of the freely downloadable Supporting Information (SI) at the DOI above.","Project valuation information network, China Construction project Cost Management Association, http://www.ccost.com/f/costIndex?menuId=5"
N-1862,Liu et al. (2025),https://doi.org/10.1021/acs.est.5c05684,Not stated by publisher,"Row with id = 1862 in the ""Database"" sheet of the freely downloadable Supporting Information (SI) at the DOI above.","Project valuation information network, China Construction project Cost Management Association, http://www.ccost.com/f/costIndex?menuId=5"
N-1863,Liu et al. (2025),https://doi.org/10.1021/acs.est.5c05684,Not stated by publisher,"Row with id = 1863 in the ""Database"" sheet of the freely downloadable Supporting Information (SI) at the DOI above.","Project valuation information network, China Construction project Cost Management Association, http://www.ccost.com/f/costIndex?menuId=5"
N-1864,Liu et al. (2025),https://doi.org/10.1021/acs.est.5c05684,Not stated by publisher,"Row with id = 1864 in the ""Database"" sheet of the freely downloadable Supporting Information (SI) at the DOI above.","Project valuation information network, China Construction project Cost Management Association, http://www.ccost.com/f/costIndex?menuId=5"
N-1865,Liu et al. (2025),https://doi.org/10.1021/acs.est.5c05684,Not stated by publisher,"Row with id = 1865 in the ""Database"" sheet of the freely downloadable Supporting Information (SI) at the DOI above.","Project valuation information network, China Construction project Cost Management Association, http://www.ccost.com/f/costIndex?menuId=5"
N-1867,Liu et al. (2025),https://doi.org/10.1021/acs.est.5c05684,Not stated by publisher,"Row with id = 1867 in the ""Database"" sheet of the freely downloadable Supporting Information (SI) at the DOI above.","Project valuation information network, China Construction project Cost Management Association, http://www.ccost.com/f/costIndex?menuId=5"
N-1868,Liu et al. (2025),https://doi.org/10.1021/acs.est.5c05684,Not stated by publisher,"Row with id = 1868 in the ""Database"" sheet of the freely downloadable Supporting Information (SI) at the DOI above.","Project valuation information network, China Construction project Cost Management Association, http://www.ccost.com/f/costIndex?menuId=5"
N-1869,Liu et al. (2025),https://doi.org/10.1021/acs.est.5c05684,Not stated by publisher,"Row with id = 1869 in the ""Database"" sheet of the freely downloadable Supporting Information (SI) at the DOI above.","Project valuation information network, China Construction project Cost Management Association, http://www.ccost.com/f/costIndex?menuId=5"
N-1870,Liu et al. (2025),https://doi.org/10.1021/acs.est.5c05684,Not stated by publisher,"Row with id = 1870 in the ""Database"" sheet of the freely downloadable Supporting Information (SI) at the DOI above.","Project valuation information network, China Construction project Cost Management Association, http://www.ccost.com/f/costIndex?menuId=5"
N-1871,Liu et al. (2025),https://doi.org/10.1021/acs.est.5c05684,Not stated by publisher,"Row with id = 1871 in the ""Database"" sheet of the freely downloadable Supporting Information (SI) at the DOI above.","Project valuation information network, China Construction project Cost Management Association, http://www.ccost.com/f/costIndex?menuId=5"
N-1872,Liu et al. (2025),https://doi.org/10.1021/acs.est.5c05684,Not stated by publisher,"Row with id = 1872 in the ""Database"" sheet of the freely downloadable Supporting Information (SI) at the DOI above.","Project valuation information network, China Construction project Cost Management Association, http://www.ccost.com/f/costIndex?menuId=5"
N-1873,Liu et al. (2025),https://doi.org/10.1021/acs.est.5c05684,Not stated by publisher,"Row with id = 1873 in the ""Database"" sheet of the freely downloadable Supporting Information (SI) at the DOI above.","Project valuation information network, China Construction project Cost Management Association, http://www.ccost.com/f/costIndex?menuId=5"
N-1874,Liu et al. (2025),https://doi.org/10.1021/acs.est.5c05684,Not stated by publisher,"Row with id = 1874 in the ""Database"" sheet of the freely downloadable Supporting Information (SI) at the DOI above.","Project valuation information network, China Construction project Cost Management Association, http://www.ccost.com/f/costIndex?menuId=5"
N-1875,Liu et al. (2025),https://doi.org/10.1021/acs.est.5c05684,Not stated by publisher,"Row with id = 1875 in the ""Database"" sheet of the freely downloadable Supporting Information (SI) at the DOI above.","Project valuation information network, China Construction project Cost Management Association, http://www.ccost.com/f/costIndex?menuId=5"
N-1876,Liu et al. (2025),https://doi.org/10.1021/acs.est.5c05684,Not stated by publisher,"Row with id = 1876 in the ""Database"" sheet of the freely downloadable Supporting Information (SI) at the DOI above.","Project valuation information network, China Construction project Cost Management Association, http://www.ccost.com/f/costIndex?menuId=5"
N-1877,Liu et al. (2025),https://doi.org/10.1021/acs.est.5c05684,Not stated by publisher,"Row with id = 1877 in the ""Database"" sheet of the freely downloadable Supporting Information (SI) at the DOI above.","Project valuation information network, China Construction project Cost Management Association, http://www.ccost.com/f/costIndex?menuId=5"
N-1878,Liu et al. (2025),https://doi.org/10.1021/acs.est.5c05684,Not stated by publisher,"Row with id = 1878 in the ""Database"" sheet of the freely downloadable Supporting Information (SI) at the DOI above.","Project valuation information network, China Construction project Cost Management Association, http://www.ccost.com/f/costIndex?menuId=5"
N-1879,Liu et al. (2025),https://doi.org/10.1021/acs.est.5c05684,Not stated by publisher,"Row with id = 1879 in the ""Database"" sheet of the freely downloadable Supporting Information (SI) at the DOI above.","Project valuation information network, China Construction project Cost Management Association, http://www.ccost.com/f/costIndex?menuId=5"
N-1880,Liu et al. (2025),https://doi.org/10.1021/acs.est.5c05684,Not stated by publisher,"Row with id = 1880 in the ""Database"" sheet of the freely downloadable Supporting Information (SI) at the DOI above.","Project valuation information network, China Construction project Cost Management Association, http://www.ccost.com/f/costIndex?menuId=5"
N-1881,Liu et al. (2025),https://doi.org/10.1021/acs.est.5c05684,Not stated by publisher,"Row with id = 1881 in the ""Database"" sheet of the freely downloadable Supporting Information (SI) at the DOI above.","Project valuation information network, China Construction project Cost Management Association, http://www.ccost.com/f/costIndex?menuId=5"
N-1882,Liu et al. (2025),https://doi.org/10.1021/acs.est.5c05684,Not stated by publisher,"Row with id = 1882 in the ""Database"" sheet of the freely downloadable Supporting Information (SI) at the DOI above.","Project valuation information network, China Construction project Cost Management Association, http://www.ccost.com/f/costIndex?menuId=5"
N-1883,Liu et al. (2025),https://doi.org/10.1021/acs.est.5c05684,Not stated by publisher,"Row with id = 1883 in the ""Database"" sheet of the freely downloadable Supporting Information (SI) at the DOI above.","Project valuation information network, China Construction project Cost Management Association, http://www.ccost.com/f/costIndex?menuId=5"
N-1884,Liu et al. (2025),https://doi.org/10.1021/acs.est.5c05684,Not stated by publisher,"Row with id = 1884 in the ""Database"" sheet of the freely downloadable Supporting Information (SI) at the DOI above.","Project valuation information network, China Construction project Cost Management Association, http://www.ccost.com/f/costIndex?menuId=5"
N-1885,Liu et al. (2025),https://doi.org/10.1021/acs.est.5c05684,Not stated by publisher,"Row with id = 1885 in the ""Database"" sheet of the freely downloadable Supporting Information (SI) at the DOI above.","Project valuation information network, China Construction project Cost Management Association, http://www.ccost.com/f/costIndex?menuId=5"
N-1886,Liu et al. (2025),https://doi.org/10.1021/acs.est.5c05684,Not stated by publisher,"Row with id = 1886 in the ""Database"" sheet of the freely downloadable Supporting Information (SI) at the DOI above.","Project valuation information network, China Construction project Cost Management Association, http://www.ccost.com/f/costIndex?menuId=5"
N-1887,Liu et al. (2025),https://doi.org/10.1021/acs.est.5c05684,Not stated by publisher,"Row with id = 1887 in the ""Database"" sheet of the freely downloadable Supporting Information (SI) at the DOI above.","Project valuation information network, China Construction project Cost Management Association, http://www.ccost.com/f/costIndex?menuId=5"
N-1888,Liu et al. (2025),https://doi.org/10.1021/acs.est.5c05684,Not stated by publisher,"Row with id = 1888 in the ""Database"" sheet of the freely downloadable Supporting Information (SI) at the DOI above.","Project valuation information network, China Construction project Cost Management Association, http://www.ccost.com/f/costIndex?menuId=5"
N-1889,Liu et al. (2025),https://doi.org/10.1021/acs.est.5c05684,Not stated by publisher,"Row with id = 1889 in the ""Database"" sheet of the freely downloadable Supporting Information (SI) at the DOI above.","Project valuation information network, China Construction project Cost Management Association, http://www.ccost.com/f/costIndex?menuId=5"
N-1890,Liu et al. (2025),https://doi.org/10.1021/acs.est.5c05684,Not stated by publisher,"Row with id = 1890 in the ""Database"" sheet of the freely downloadable Supporting Information (SI) at the DOI above.","Project valuation information network, China Construction project Cost Management Association, http://www.ccost.com/f/costIndex?menuId=5"
N-1891,Liu et al. (2025),https://doi.org/10.1021/acs.est.5c05684,Not stated by publisher,"Row with id = 1891 in the ""Database"" sheet of the freely downloadable Supporting Information (SI) at the DOI above.","Project valuation information network, China Construction project Cost Management Association, http://www.ccost.com/f/costIndex?menuId=5"
N-1892,Liu et al. (2025),https://doi.org/10.1021/acs.est.5c05684,Not stated by publisher,"Row with id = 1892 in the ""Database"" sheet of the freely downloadable Supporting Information (SI) at the DOI above.","Project valuation information network, China Construction project Cost Management Association, http://www.ccost.com/f/costIndex?menuId=5"
N-1893,Liu et al. (2025),https://doi.org/10.1021/acs.est.5c05684,Not stated by publisher,"Row with id = 1893 in the ""Database"" sheet of the freely downloadable Supporting Information (SI) at the DOI above.","Project valuation information network, China Construction project Cost Management Association, http://www.ccost.com/f/costIndex?menuId=5"
N-1894,Liu et al. (2025),https://doi.org/10.1021/acs.est.5c05684,Not stated by publisher,"Row with id = 1894 in the ""Database"" sheet of the freely downloadable Supporting Information (SI) at the DOI above.","Project valuation information network, China Construction project Cost Management Association, http://www.ccost.com/f/costIndex?menuId=5"
N-1895,Liu et al. (2025),https://doi.org/10.1021/acs.est.5c05684,Not stated by publisher,"Row with id = 1895 in the ""Database"" sheet of the freely downloadable Supporting Information (SI) at the DOI above.","Project valuation information network, China Construction project Cost Management Association, http://www.ccost.com/f/costIndex?menuId=5"
N-1896,Liu et al. (2025),https://doi.org/10.1021/acs.est.5c05684,Not stated by publisher,"Row with id = 1896 in the ""Database"" sheet of the freely downloadable Supporting Information (SI) at the DOI above.","Project valuation information network, China Construction project Cost Management Association, http://www.ccost.com/f/costIndex?menuId=5"
N-1897,Liu et al. (2025),https://doi.org/10.1021/acs.est.5c05684,Not stated by publisher,"Row with id = 1897 in the ""Database"" sheet of the freely downloadable Supporting Information (SI) at the DOI above.","Project valuation information network, China Construction project Cost Management Association, http://www.ccost.com/f/costIndex?menuId=5"
N-1898,Liu et al. (2025),https://doi.org/10.1021/acs.est.5c05684,Not stated by publisher,"Row with id = 1898 in the ""Database"" sheet of the freely downloadable Supporting Information (SI) at the DOI above.","Project valuation information network, China Construction project Cost Management Association, http://www.ccost.com/f/costIndex?menuId=5"
N-1899,Liu et al. (2025),https://doi.org/10.1021/acs.est.5c05684,Not stated by publisher,"Row with id = 1899 in the ""Database"" sheet of the freely downloadable Supporting Information (SI) at the DOI above.","Project valuation information network, China Construction project Cost Management Association, http://www.ccost.com/f/costIndex?menuId=5"
N-1900,Liu et al. (2025),https://doi.org/10.1021/acs.est.5c05684,Not stated by publisher,"Row with id = 1900 in the ""Database"" sheet of the freely downloadable Supporting Information (SI) at the DOI above.","Project valuation information network, China Construction project Cost Management Association, http://www.ccost.com/f/costIndex?menuId=5"
N-1901,Liu et al. (2025),https://doi.org/10.1021/acs.est.5c05684,Not stated by publisher,"Row with id = 1901 in the ""Database"" sheet of the freely downloadable Supporting Information (SI) at the DOI above.","Project valuation information network, China Construction project Cost Management Association, http://www.ccost.com/f/costIndex?menuId=5"
N-1902,Liu et al. (2025),https://doi.org/10.1021/acs.est.5c05684,Not stated by publisher,"Row with id = 1902 in the ""Database"" sheet of the freely downloadable Supporting Information (SI) at the DOI above.","Project valuation information network, China Construction project Cost Management Association, http://www.ccost.com/f/costIndex?menuId=5"
N-1903,Liu et al. (2025),https://doi.org/10.1021/acs.est.5c05684,Not stated by publisher,"Row with id = 1903 in the ""Database"" sheet of the freely downloadable Supporting Information (SI) at the DOI above.","Project valuation information network, China Construction project Cost Management Association, http://www.ccost.com/f/costIndex?menuId=5"
N-1904,Liu et al. (2025),https://doi.org/10.1021/acs.est.5c05684,Not stated by publisher,"Row with id = 1904 in the ""Database"" sheet of the freely downloadable Supporting Information (SI) at the DOI above.","Project valuation information network, China Construction project Cost Management Association, http://www.ccost.com/f/costIndex?menuId=5"
N-1905,Liu et al. (2025),https://doi.org/10.1021/acs.est.5c05684,Not stated by publisher,"Row with id = 1905 in the ""Database"" sheet of the freely downloadable Supporting Information (SI) at the DOI above.","Project valuation information network, China Construction project Cost Management Association, http://www.ccost.com/f/costIndex?menuId=5"
N-1906,Liu et al. (2025),https://doi.org/10.1021/acs.est.5c05684,Not stated by publisher,"Row with id = 1906 in the ""Database"" sheet of the freely downloadable Supporting Information (SI) at the DOI above.","Project valuation information network, China Construction project Cost Management Association, http://www.ccost.com/f/costIndex?menuId=5"
N-1907,Liu et al. (2025),https://doi.org/10.1021/acs.est.5c05684,Not stated by publisher,"Row with id = 1907 in the ""Database"" sheet of the freely downloadable Supporting Information (SI) at the DOI above.","Project valuation information network, China Construction project Cost Management Association, http://www.ccost.com/f/costIndex?menuId=5"
N-1908,Liu et al. (2025),https://doi.org/10.1021/acs.est.5c05684,Not stated by publisher,"Row with id = 1908 in the ""Database"" sheet of the freely downloadable Supporting Information (SI) at the DOI above.","Project valuation information network, China Construction project Cost Management Association, http://www.ccost.com/f/costIndex?menuId=5"
N-1909,Liu et al. (2025),https://doi.org/10.1021/acs.est.5c05684,Not stated by publisher,"Row with id = 1909 in the ""Database"" sheet of the freely downloadable Supporting Information (SI) at the DOI above.","Project valuation information network, China Construction project Cost Management Association, http://www.ccost.com/f/costIndex?menuId=5"
N-1910,Liu et al. (2025),https://doi.org/10.1021/acs.est.5c05684,Not stated by publisher,"Row with id = 1910 in the ""Database"" sheet of the freely downloadable Supporting Information (SI) at the DOI above.","Project valuation information network, China Construction project Cost Management Association, http://www.ccost.com/f/costIndex?menuId=5"
N-1911,Liu et al. (2025),https://doi.org/10.1021/acs.est.5c05684,Not stated by publisher,"Row with id = 1911 in the ""Database"" sheet of the freely downloadable Supporting Information (SI) at the DOI above.","Project valuation information network, China Construction project Cost Management Association, http://www.ccost.com/f/costIndex?menuId=5"
N-1912,Liu et al. (2025),https://doi.org/10.1021/acs.est.5c05684,Not stated by publisher,"Row with id = 1912 in the ""Database"" sheet of the freely downloadable Supporting Information (SI) at the DOI above.","Project valuation information network, China Construction project Cost Management Association, http://www.ccost.com/f/costIndex?menuId=5"
N-1913,Liu et al. (2025),https://doi.org/10.1021/acs.est.5c05684,Not stated by publisher,"Row with id = 1913 in the ""Database"" sheet of the freely downloadable Supporting Information (SI) at the DOI above.","Project valuation information network, China Construction project Cost Management Association, http://www.ccost.com/f/costIndex?menuId=5"
N-1914,Liu et al. (2025),https://doi.org/10.1021/acs.est.5c05684,Not stated by publisher,"Row with id = 1914 in the ""Database"" sheet of the freely downloadable Supporting Information (SI) at the DOI above.","Project valuation information network, China Construction project Cost Management Association, http://www.ccost.com/f/costIndex?menuId=5"
N-1915,Liu et al. (2025),https://doi.org/10.1021/acs.est.5c05684,Not stated by publisher,"Row with id = 1915 in the ""Database"" sheet of the freely downloadable Supporting Information (SI) at the DOI above.","Project valuation information network, China Construction project Cost Management Association, http://www.ccost.com/f/costIndex?menuId=5"
N-1916,Liu et al. (2025),https://doi.org/10.1021/acs.est.5c05684,Not stated by publisher,"Row with id = 1916 in the ""Database"" sheet of the freely downloadable Supporting Information (SI) at the DOI above.","Project valuation information network, China Construction project Cost Management Association, http://www.ccost.com/f/costIndex?menuId=5"
N-1917,Liu et al. (2025),https://doi.org/10.1021/acs.est.5c05684,Not stated by publisher,"Row with id = 1917 in the ""Database"" sheet of the freely downloadable Supporting Information (SI) at the DOI above.","Project valuation information network, China Construction project Cost Management Association, http://www.ccost.com/f/costIndex?menuId=5"
N-1918,Liu et al. (2025),https://doi.org/10.1021/acs.est.5c05684,Not stated by publisher,"Row with id = 1918 in the ""Database"" sheet of the freely downloadable Supporting Information (SI) at the DOI above.","Project valuation information network, China Construction project Cost Management Association, http://www.ccost.com/f/costIndex?menuId=5"
N-1919,Liu et al. (2025),https://doi.org/10.1021/acs.est.5c05684,Not stated by publisher,"Row with id = 1919 in the ""Database"" sheet of the freely downloadable Supporting Information (SI) at the DOI above.","Project valuation information network, China Construction project Cost Management Association, http://www.ccost.com/f/costIndex?menuId=5"
N-1920,Liu et al. (2025),https://doi.org/10.1021/acs.est.5c05684,Not stated by publisher,"Row with id = 1920 in the ""Database"" sheet of the freely downloadable Supporting Information (SI) at the DOI above.","Project valuation information network, China Construction project Cost Management Association, http://www.ccost.com/f/costIndex?menuId=5"
N-1921,Liu et al. (2025),https://doi.org/10.1021/acs.est.5c05684,Not stated by publisher,"Row with id = 1921 in the ""Database"" sheet of the freely downloadable Supporting Information (SI) at the DOI above.","Project valuation information network, China Construction project Cost Management Association, http://www.ccost.com/f/costIndex?menuId=5"
N-1922,Liu et al. (2025),https://doi.org/10.1021/acs.est.5c05684,Not stated by publisher,"Row with id = 1922 in the ""Database"" sheet of the freely downloadable Supporting Information (SI) at the DOI above.","Project valuation information network, China Construction project Cost Management Association, http://www.ccost.com/f/costIndex?menuId=5"
N-1923,Liu et al. (2025),https://doi.org/10.1021/acs.est.5c05684,Not stated by publisher,"Row with id = 1923 in the ""Database"" sheet of the freely downloadable Supporting Information (SI) at the DOI above.","Project valuation information network, China Construction project Cost Management Association, http://www.ccost.com/f/costIndex?menuId=5"
N-1924,Liu et al. (2025),https://doi.org/10.1021/acs.est.5c05684,Not stated by publisher,"Row with id = 1924 in the ""Database"" sheet of the freely downloadable Supporting Information (SI) at the DOI above.","Project valuation information network, China Construction project Cost Management Association, http://www.ccost.com/f/costIndex?menuId=5"
N-1925,Liu et al. (2025),https://doi.org/10.1021/acs.est.5c05684,Not stated by publisher,"Row with id = 1925 in the ""Database"" sheet of the freely downloadable Supporting Information (SI) at the DOI above.","Project valuation information network, China Construction project Cost Management Association, http://www.ccost.com/f/costIndex?menuId=5"
N-1926,Liu et al. (2025),https://doi.org/10.1021/acs.est.5c05684,Not stated by publisher,"Row with id = 1926 in the ""Database"" sheet of the freely downloadable Supporting Information (SI) at the DOI above.","Project valuation information network, China Construction project Cost Management Association, http://www.ccost.com/f/costIndex?menuId=5"
N-1927,Liu et al. (2025),https://doi.org/10.1021/acs.est.5c05684,Not stated by publisher,"Row with id = 1927 in the ""Database"" sheet of the freely downloadable Supporting Information (SI) at the DOI above.","Project valuation information network, China Construction project Cost Management Association, http://www.ccost.com/f/costIndex?menuId=5"
N-1928,Liu et al. (2025),https://doi.org/10.1021/acs.est.5c05684,Not stated by publisher,"Row with id = 1928 in the ""Database"" sheet of the freely downloadable Supporting Information (SI) at the DOI above.","Project valuation information network, China Construction project Cost Management Association, http://www.ccost.com/f/costIndex?menuId=5"
N-1929,Liu et al. (2025),https://doi.org/10.1021/acs.est.5c05684,Not stated by publisher,"Row with id = 1929 in the ""Database"" sheet of the freely downloadable Supporting Information (SI) at the DOI above.","Project valuation information network, China Construction project Cost Management Association, http://www.ccost.com/f/costIndex?menuId=5"
N-1930,Liu et al. (2025),https://doi.org/10.1021/acs.est.5c05684,Not stated by publisher,"Row with id = 1930 in the ""Database"" sheet of the freely downloadable Supporting Information (SI) at the DOI above.","Project valuation information network, China Construction project Cost Management Association, http://www.ccost.com/f/costIndex?menuId=5"
N-1931,Liu et al. (2025),https://doi.org/10.1021/acs.est.5c05684,Not stated by publisher,"Row with id = 1931 in the ""Database"" sheet of the freely downloadable Supporting Information (SI) at the DOI above.","Project valuation information network, China Construction project Cost Management Association, http://www.ccost.com/f/costIndex?menuId=5"
N-1932,Liu et al. (2025),https://doi.org/10.1021/acs.est.5c05684,Not stated by publisher,"Row with id = 1932 in the ""Database"" sheet of the freely downloadable Supporting Information (SI) at the DOI above.","Project valuation information network, China Construction project Cost Management Association, http://www.ccost.com/f/costIndex?menuId=5"
N-1933,Liu et al. (2025),https://doi.org/10.1021/acs.est.5c05684,Not stated by publisher,"Row with id = 1933 in the ""Database"" sheet of the freely downloadable Supporting Information (SI) at the DOI above.","Project valuation information network, China Construction project Cost Management Association, http://www.ccost.com/f/costIndex?menuId=5"
N-1934,Liu et al. (2025),https://doi.org/10.1021/acs.est.5c05684,Not stated by publisher,"Row with id = 1934 in the ""Database"" sheet of the freely downloadable Supporting Information (SI) at the DOI above.","Project valuation information network, China Construction project Cost Management Association, http://www.ccost.com/f/costIndex?menuId=5"
N-1935,Liu et al. (2025),https://doi.org/10.1021/acs.est.5c05684,Not stated by publisher,"Row with id = 1935 in the ""Database"" sheet of the freely downloadable Supporting Information (SI) at the DOI above.","Project valuation information network, China Construction project Cost Management Association, http://www.ccost.com/f/costIndex?menuId=5"
N-1936,Liu et al. (2025),https://doi.org/10.1021/acs.est.5c05684,Not stated by publisher,"Row with id = 1936 in the ""Database"" sheet of the freely downloadable Supporting Information (SI) at the DOI above.","Project valuation information network, China Construction project Cost Management Association, http://www.ccost.com/f/costIndex?menuId=5"
N-1937,Liu et al. (2025),https://doi.org/10.1021/acs.est.5c05684,Not stated by publisher,"Row with id = 1937 in the ""Database"" sheet of the freely downloadable Supporting Information (SI) at the DOI above.","Project valuation information network, China Construction project Cost Management Association, http://www.ccost.com/f/costIndex?menuId=5"
N-1938,Liu et al. (2025),https://doi.org/10.1021/acs.est.5c05684,Not stated by publisher,"Row with id = 1938 in the ""Database"" sheet of the freely downloadable Supporting Information (SI) at the DOI above.","Project valuation information network, China Construction project Cost Management Association, http://www.ccost.com/f/costIndex?menuId=5"
N-1939,Liu et al. (2025),https://doi.org/10.1021/acs.est.5c05684,Not stated by publisher,"Row with id = 1939 in the ""Database"" sheet of the freely downloadable Supporting Information (SI) at the DOI above.","Project valuation information network, China Construction project Cost Management Association, http://www.ccost.com/f/costIndex?menuId=5"
N-1940,Liu et al. (2025),https://doi.org/10.1021/acs.est.5c05684,Not stated by publisher,"Row with id = 1940 in the ""Database"" sheet of the freely downloadable Supporting Information (SI) at the DOI above.","Project valuation information network, China Construction project Cost Management Association, http://www.ccost.com/f/costIndex?menuId=5"
N-1941,Liu et al. (2025),https://doi.org/10.1021/acs.est.5c05684,Not stated by publisher,"Row with id = 1941 in the ""Database"" sheet of the freely downloadable Supporting Information (SI) at the DOI above.","Project valuation information network, China Construction project Cost Management Association, http://www.ccost.com/f/costIndex?menuId=5"
N-1942,Liu et al. (2025),https://doi.org/10.1021/acs.est.5c05684,Not stated by publisher,"Row with id = 1942 in the ""Database"" sheet of the freely downloadable Supporting Information (SI) at the DOI above.","Project valuation information network, China Construction project Cost Management Association, http://www.ccost.com/f/costIndex?menuId=5"
N-1943,Liu et al. (2025),https://doi.org/10.1021/acs.est.5c05684,Not stated by publisher,"Row with id = 1943 in the ""Database"" sheet of the freely downloadable Supporting Information (SI) at the DOI above.","Project valuation information network, China Construction project Cost Management Association, http://www.ccost.com/f/costIndex?menuId=5"
N-1944,Liu et al. (2025),https://doi.org/10.1021/acs.est.5c05684,Not stated by publisher,"Row with id = 1944 in the ""Database"" sheet of the freely downloadable Supporting Information (SI) at the DOI above.","Project valuation information network, China Construction project Cost Management Association, http://www.ccost.com/f/costIndex?menuId=5"
N-1945,Liu et al. (2025),https://doi.org/10.1021/acs.est.5c05684,Not stated by publisher,"Row with id = 1945 in the ""Database"" sheet of the freely downloadable Supporting Information (SI) at the DOI above.","Yu H, Li GJ. Construction project investment estimation handbook. Beijing: China Architecture & Building Press; 1999."
N-1946,Liu et al. (2025),https://doi.org/10.1021/acs.est.5c05684,Not stated by publisher,"Row with id = 1946 in the ""Database"" sheet of the freely downloadable Supporting Information (SI) at the DOI above.","Yu H, Li GJ. Construction project investment estimation handbook. Beijing: China Architecture & Building Press; 1999."
N-1947,Liu et al. (2025),https://doi.org/10.1021/acs.est.5c05684,Not stated by publisher,"Row with id = 1947 in the ""Database"" sheet of the freely downloadable Supporting Information (SI) at the DOI above.","Yu H, Li GJ. Construction project investment estimation handbook. Beijing: China Architecture & Building Press; 1999."
N-1948,Liu et al. (2025),https://doi.org/10.1021/acs.est.5c05684,Not stated by publisher,"Row with id = 1948 in the ""Database"" sheet of the freely downloadable Supporting Information (SI) at the DOI above.","Yu H, Li GJ. Construction project investment estimation handbook. Beijing: China Architecture & Building Press; 1999."
N-1949,Liu et al. (2025),https://doi.org/10.1021/acs.est.5c05684,Not stated by publisher,"Row with id = 1949 in the ""Database"" sheet of the freely downloadable Supporting Information (SI) at the DOI above.","Yu H, Li GJ. Construction project investment estimation handbook. Beijing: China Architecture & Building Press; 1999."
N-1950,Liu et al. (2025),https://doi.org/10.1021/acs.est.5c05684,Not stated by publisher,"Row with id = 1950 in the ""Database"" sheet of the freely downloadable Supporting Information (SI) at the DOI above.","Yu H, Li GJ. Construction project investment estimation handbook. Beijing: China Architecture & Building Press; 1999."
N-1951,Liu et al. (2025),https://doi.org/10.1021/acs.est.5c05684,Not stated by publisher,"Row with id = 1951 in the ""Database"" sheet of the freely downloadable Supporting Information (SI) at the DOI above.","Yu H, Li GJ. Construction project investment estimation handbook. Beijing: China Architecture & Building Press; 1999."
N-1952,Liu et al. (2025),https://doi.org/10.1021/acs.est.5c05684,Not stated by publisher,"Row with id = 1952 in the ""Database"" sheet of the freely downloadable Supporting Information (SI) at the DOI above.","Yu H, Li GJ. Construction project investment estimation handbook. Beijing: China Architecture & Building Press; 1999."
N-1953,Liu et al. (2025),https://doi.org/10.1021/acs.est.5c05684,Not stated by publisher,"Row with id = 1953 in the ""Database"" sheet of the freely downloadable Supporting Information (SI) at the DOI above.","Yu H, Li GJ. Construction project investment estimation handbook. Beijing: China Architecture & Building Press; 1999."
N-1954,Liu et al. (2025),https://doi.org/10.1021/acs.est.5c05684,Not stated by publisher,"Row with id = 1954 in the ""Database"" sheet of the freely downloadable Supporting Information (SI) at the DOI above.","Yu H, Li GJ. Construction project investment estimation handbook. Beijing: China Architecture & Building Press; 1999."
N-1955,Liu et al. (2025),https://doi.org/10.1021/acs.est.5c05684,Not stated by publisher,"Row with id = 1955 in the ""Database"" sheet of the freely downloadable Supporting Information (SI) at the DOI above.","Yu H, Li GJ. Construction project investment estimation handbook. Beijing: China Architecture & Building Press; 1999."
N-1956,Liu et al. (2025),https://doi.org/10.1021/acs.est.5c05684,Not stated by publisher,"Row with id = 1956 in the ""Database"" sheet of the freely downloadable Supporting Information (SI) at the DOI above.","Yu H, Li GJ. Construction project investment estimation handbook. Beijing: China Architecture & Building Press; 1999."
N-1957,Liu et al. (2025),https://doi.org/10.1021/acs.est.5c05684,Not stated by publisher,"Row with id = 1957 in the ""Database"" sheet of the freely downloadable Supporting Information (SI) at the DOI above.","Yu H, Li GJ. Construction project investment estimation handbook. Beijing: China Architecture & Building Press; 1999."
N-1958,Liu et al. (2025),https://doi.org/10.1021/acs.est.5c05684,Not stated by publisher,"Row with id = 1958 in the ""Database"" sheet of the freely downloadable Supporting Information (SI) at the DOI above.","Yu H, Li GJ. Construction project investment estimation handbook. Beijing: China Architecture & Building Press; 1999."
N-1959,Liu et al. (2025),https://doi.org/10.1021/acs.est.5c05684,Not stated by publisher,"Row with id = 1959 in the ""Database"" sheet of the freely downloadable Supporting Information (SI) at the DOI above.","Yu H, Li GJ. Construction project investment estimation handbook. Beijing: China Architecture & Building Press; 1999."
N-1960,Liu et al. (2025),https://doi.org/10.1021/acs.est.5c05684,Not stated by publisher,"Row with id = 1960 in the ""Database"" sheet of the freely downloadable Supporting Information (SI) at the DOI above.","Yu H, Li GJ. Construction project investment estimation handbook. Beijing: China Architecture & Building Press; 1999."
N-1961,Liu et al. (2025),https://doi.org/10.1021/acs.est.5c05684,Not stated by publisher,"Row with id = 1961 in the ""Database"" sheet of the freely downloadable Supporting Information (SI) at the DOI above.","Yu H, Li GJ. Construction project investment estimation handbook. Beijing: China Architecture & Building Press; 1999."
N-1962,Liu et al. (2025),https://doi.org/10.1021/acs.est.5c05684,Not stated by publisher,"Row with id = 1962 in the ""Database"" sheet of the freely downloadable Supporting Information (SI) at the DOI above.","Yu H, Li GJ. Construction project investment estimation handbook. Beijing: China Architecture & Building Press; 1999."
N-1963,Liu et al. (2025),https://doi.org/10.1021/acs.est.5c05684,Not stated by publisher,"Row with id = 1963 in the ""Database"" sheet of the freely downloadable Supporting Information (SI) at the DOI above.","Yu H, Li GJ. Construction project investment estimation handbook. Beijing: China Architecture & Building Press; 1999."
N-1964,Liu et al. (2025),https://doi.org/10.1021/acs.est.5c05684,Not stated by publisher,"Row with id = 1964 in the ""Database"" sheet of the freely downloadable Supporting Information (SI) at the DOI above.","Yu H, Li GJ. Construction project investment estimation handbook. Beijing: China Architecture & Building Press; 1999."
N-1965,Liu et al. (2025),https://doi.org/10.1021/acs.est.5c05684,Not stated by publisher,"Row with id = 1965 in the ""Database"" sheet of the freely downloadable Supporting Information (SI) at the DOI above.","Yu H, Li GJ. Construction project investment estimation handbook. Beijing: China Architecture & Building Press; 1999."
N-1966,Liu et al. (2025),https://doi.org/10.1021/acs.est.5c05684,Not stated by publisher,"Row with id = 1966 in the ""Database"" sheet of the freely downloadable Supporting Information (SI) at the DOI above.","Yu H, Li GJ. Construction project investment estimation handbook. Beijing: China Architecture & Building Press; 1999."
N-1967,Liu et al. (2025),https://doi.org/10.1021/acs.est.5c05684,Not stated by publisher,"Row with id = 1967 in the ""Database"" sheet of the freely downloadable Supporting Information (SI) at the DOI above.","Yu H, Li GJ. Construction project investment estimation handbook. Beijing: China Architecture & Building Press; 1999."
N-1968,Liu et al. (2025),https://doi.org/10.1021/acs.est.5c05684,Not stated by publisher,"Row with id = 1968 in the ""Database"" sheet of the freely downloadable Supporting Information (SI) at the DOI above.","Yu H, Li GJ. Construction project investment estimation handbook. Beijing: China Architecture & Building Press; 1999."
N-1969,Liu et al. (2025),https://doi.org/10.1021/acs.est.5c05684,Not stated by publisher,"Row with id = 1969 in the ""Database"" sheet of the freely downloadable Supporting Information (SI) at the DOI above.","Yu H, Li GJ. Construction project investment estimation handbook. Beijing: China Architecture & Building Press; 1999."
N-1970,Liu et al. (2025),https://doi.org/10.1021/acs.est.5c05684,Not stated by publisher,"Row with id = 1970 in the ""Database"" sheet of the freely downloadable Supporting Information (SI) at the DOI above.","Yu H, Li GJ. Construction project investment estimation handbook. Beijing: China Architecture & Building Press; 1999."
N-1971,Liu et al. (2025),https://doi.org/10.1021/acs.est.5c05684,Not stated by publisher,"Row with id = 1971 in the ""Database"" sheet of the freely downloadable Supporting Information (SI) at the DOI above.","Yu H, Li GJ. Construction project investment estimation handbook. Beijing: China Architecture & Building Press; 1999."
N-1972,Liu et al. (2025),https://doi.org/10.1021/acs.est.5c05684,Not stated by publisher,"Row with id = 1972 in the ""Database"" sheet of the freely downloadable Supporting Information (SI) at the DOI above.","Yu H, Li GJ. Construction project investment estimation handbook. Beijing: China Architecture & Building Press; 1999."
N-1973,Liu et al. (2025),https://doi.org/10.1021/acs.est.5c05684,Not stated by publisher,"Row with id = 1973 in the ""Database"" sheet of the freely downloadable Supporting Information (SI) at the DOI above.","Yu H, Li GJ. Construction project investment estimation handbook. Beijing: China Architecture & Building Press; 1999."
N-1974,Liu et al. (2025),https://doi.org/10.1021/acs.est.5c05684,Not stated by publisher,"Row with id = 1974 in the ""Database"" sheet of the freely downloadable Supporting Information (SI) at the DOI above.","Yu H, Li GJ. Construction project investment estimation handbook. Beijing: China Architecture & Building Press; 1999."
N-1975,Liu et al. (2025),https://doi.org/10.1021/acs.est.5c05684,Not stated by publisher,"Row with id = 1975 in the ""Database"" sheet of the freely downloadable Supporting Information (SI) at the DOI above.","Yu H, Li GJ. Construction project investment estimation handbook. Beijing: China Architecture & Building Press; 1999."
N-1976,Liu et al. (2025),https://doi.org/10.1021/acs.est.5c05684,Not stated by publisher,"Row with id = 1976 in the ""Database"" sheet of the freely downloadable Supporting Information (SI) at the DOI above.","Yu H, Li GJ. Construction project investment estimation handbook. Beijing: China Architecture & Building Press; 1999."
N-1977,Liu et al. (2025),https://doi.org/10.1021/acs.est.5c05684,Not stated by publisher,"Row with id = 1977 in the ""Database"" sheet of the freely downloadable Supporting Information (SI) at the DOI above.","Yu H, Li GJ. Construction project investment estimation handbook. Beijing: China Architecture & Building Press; 1999."
N-1978,Liu et al. (2025),https://doi.org/10.1021/acs.est.5c05684,Not stated by publisher,"Row with id = 1978 in the ""Database"" sheet of the freely downloadable Supporting Information (SI) at the DOI above.","Yu H, Li GJ. Construction project investment estimation handbook. Beijing: China Architecture & Building Press; 1999."
N-1979,Liu et al. (2025),https://doi.org/10.1021/acs.est.5c05684,Not stated by publisher,"Row with id = 1979 in the ""Database"" sheet of the freely downloadable Supporting Information (SI) at the DOI above.","Yu H, Li GJ. Construction project investment estimation handbook. Beijing: China Architecture & Building Press; 1999."
N-1980,Liu et al. (2025),https://doi.org/10.1021/acs.est.5c05684,Not stated by publisher,"Row with id = 1980 in the ""Database"" sheet of the freely downloadable Supporting Information (SI) at the DOI above.","Yu H, Li GJ. Construction project investment estimation handbook. Beijing: China Architecture & Building Press; 1999."
N-1981,Liu et al. (2025),https://doi.org/10.1021/acs.est.5c05684,Not stated by publisher,"Row with id = 1981 in the ""Database"" sheet of the freely downloadable Supporting Information (SI) at the DOI above.","Yu H, Li GJ. Construction project investment estimation handbook. Beijing: China Architecture & Building Press; 1999."
N-1982,Liu et al. (2025),https://doi.org/10.1021/acs.est.5c05684,Not stated by publisher,"Row with id = 1982 in the ""Database"" sheet of the freely downloadable Supporting Information (SI) at the DOI above.","Yu H, Li GJ. Construction project investment estimation handbook. Beijing: China Architecture & Building Press; 1999."
N-1983,Liu et al. (2025),https://doi.org/10.1021/acs.est.5c05684,Not stated by publisher,"Row with id = 1983 in the ""Database"" sheet of the freely downloadable Supporting Information (SI) at the DOI above.","Yu H, Li GJ. Construction project investment estimation handbook. Beijing: China Architecture & Building Press; 1999."
N-1984,Liu et al. (2025),https://doi.org/10.1021/acs.est.5c05684,Not stated by publisher,"Row with id = 1984 in the ""Database"" sheet of the freely downloadable Supporting Information (SI) at the DOI above.","Yu H, Li GJ. Construction project investment estimation handbook. Beijing: China Architecture & Building Press; 1999."
N-1985,Liu et al. (2025),https://doi.org/10.1021/acs.est.5c05684,Not stated by publisher,"Row with id = 1985 in the ""Database"" sheet of the freely downloadable Supporting Information (SI) at the DOI above.","Yu H, Li GJ. Construction project investment estimation handbook. Beijing: China Architecture & Building Press; 1999."
N-1986,Liu et al. (2025),https://doi.org/10.1021/acs.est.5c05684,Not stated by publisher,"Row with id = 1986 in the ""Database"" sheet of the freely downloadable Supporting Information (SI) at the DOI above.","Yu H, Li GJ. Construction project investment estimation handbook. Beijing: China Architecture & Building Press; 1999."
N-1987,Liu et al. (2025),https://doi.org/10.1021/acs.est.5c05684,Not stated by publisher,"Row with id = 1987 in the ""Database"" sheet of the freely downloadable Supporting Information (SI) at the DOI above.","Yu H, Li GJ. Construction project investment estimation handbook. Beijing: China Architecture & Building Press; 1999."
N-1988,Liu et al. (2025),https://doi.org/10.1021/acs.est.5c05684,Not stated by publisher,"Row with id = 1988 in the ""Database"" sheet of the freely downloadable Supporting Information (SI) at the DOI above.","Yu H, Li GJ. Construction project investment estimation handbook. Beijing: China Architecture & Building Press; 1999."
N-1989,Liu et al. (2025),https://doi.org/10.1021/acs.est.5c05684,Not stated by publisher,"Row with id = 1989 in the ""Database"" sheet of the freely downloadable Supporting Information (SI) at the DOI above.","Yu H, Li GJ. Construction project investment estimation handbook. Beijing: China Architecture & Building Press; 1999."
N-1990,Liu et al. (2025),https://doi.org/10.1021/acs.est.5c05684,Not stated by publisher,"Row with id = 1990 in the ""Database"" sheet of the freely downloadable Supporting Information (SI) at the DOI above.","Yu H, Li GJ. Construction project investment estimation handbook. Beijing: China Architecture & Building Press; 1999."
N-1991,Liu et al. (2025),https://doi.org/10.1021/acs.est.5c05684,Not stated by publisher,"Row with id = 1991 in the ""Database"" sheet of the freely downloadable Supporting Information (SI) at the DOI above.","Yu H, Li GJ. Construction project investment estimation handbook. Beijing: China Architecture & Building Press; 1999."
N-1992,Liu et al. (2025),https://doi.org/10.1021/acs.est.5c05684,Not stated by publisher,"Row with id = 1992 in the ""Database"" sheet of the freely downloadable Supporting Information (SI) at the DOI above.","Yu H, Li GJ. Construction project investment estimation handbook. Beijing: China Architecture & Building Press; 1999."
N-1993,Liu et al. (2025),https://doi.org/10.1021/acs.est.5c05684,Not stated by publisher,"Row with id = 1993 in the ""Database"" sheet of the freely downloadable Supporting Information (SI) at the DOI above.","Yu H, Li GJ. Construction project investment estimation handbook. Beijing: China Architecture & Building Press; 1999."
N-1994,Liu et al. (2025),https://doi.org/10.1021/acs.est.5c05684,Not stated by publisher,"Row with id = 1994 in the ""Database"" sheet of the freely downloadable Supporting Information (SI) at the DOI above.","Yu H, Li GJ. Construction project investment estimation handbook. Beijing: China Architecture & Building Press; 1999."
N-1995,Liu et al. (2025),https://doi.org/10.1021/acs.est.5c05684,Not stated by publisher,"Row with id = 1995 in the ""Database"" sheet of the freely downloadable Supporting Information (SI) at the DOI above.","Yu H, Li GJ. Construction project investment estimation handbook. Beijing: China Architecture & Building Press; 1999."
N-1996,Liu et al. (2025),https://doi.org/10.1021/acs.est.5c05684,Not stated by publisher,"Row with id = 1996 in the ""Database"" sheet of the freely downloadable Supporting Information (SI) at the DOI above.","Yu H, Li GJ. Construction project investment estimation handbook. Beijing: China Architecture & Building Press; 1999."
N-1997,Liu et al. (2025),https://doi.org/10.1021/acs.est.5c05684,Not stated by publisher,"Row with id = 1997 in the ""Database"" sheet of the freely downloadable Supporting Information (SI) at the DOI above.","Yu H, Li GJ. Construction project investment estimation handbook. Beijing: China Architecture & Building Press; 1999."
N-1998,Liu et al. (2025),https://doi.org/10.1021/acs.est.5c05684,Not stated by publisher,"Row with id = 1998 in the ""Database"" sheet of the freely downloadable Supporting Information (SI) at the DOI above.","Yu H, Li GJ. Construction project investment estimation handbook. Beijing: China Architecture & Building Press; 1999."
N-1999,Liu et al. (2025),https://doi.org/10.1021/acs.est.5c05684,Not stated by publisher,"Row with id = 1999 in the ""Database"" sheet of the freely downloadable Supporting Information (SI) at the DOI above.","Yu H, Li GJ. Construction project investment estimation handbook. Beijing: China Architecture & Building Press; 1999."
N-2000,Liu et al. (2025),https://doi.org/10.1021/acs.est.5c05684,Not stated by publisher,"Row with id = 2000 in the ""Database"" sheet of the freely downloadable Supporting Information (SI) at the DOI above.","Yu H, Li GJ. Construction project investment estimation handbook. Beijing: China Architecture & Building Press; 1999."
N-2001,Liu et al. (2025),https://doi.org/10.1021/acs.est.5c05684,Not stated by publisher,"Row with id = 2001 in the ""Database"" sheet of the freely downloadable Supporting Information (SI) at the DOI above.","Yu H, Li GJ. Construction project investment estimation handbook. Beijing: China Architecture & Building Press; 1999."
N-2002,Liu et al. (2025),https://doi.org/10.1021/acs.est.5c05684,Not stated by publisher,"Row with id = 2002 in the ""Database"" sheet of the freely downloadable Supporting Information (SI) at the DOI above.","Yu H, Li GJ. Construction project investment estimation handbook. Beijing: China Architecture & Building Press; 1999."
N-2003,Liu et al. (2025),https://doi.org/10.1021/acs.est.5c05684,Not stated by publisher,"Row with id = 2003 in the ""Database"" sheet of the freely downloadable Supporting Information (SI) at the DOI above.","Yu H, Li GJ. Construction project investment estimation handbook. Beijing: China Architecture & Building Press; 1999."
N-2004,Liu et al. (2025),https://doi.org/10.1021/acs.est.5c05684,Not stated by publisher,"Row with id = 2004 in the ""Database"" sheet of the freely downloadable Supporting Information (SI) at the DOI above.","Yu H, Li GJ. Construction project investment estimation handbook. Beijing: China Architecture & Building Press; 1999."
N-2005,Liu et al. (2025),https://doi.org/10.1021/acs.est.5c05684,Not stated by publisher,"Row with id = 2005 in the ""Database"" sheet of the freely downloadable Supporting Information (SI) at the DOI above.","Yu H, Li GJ. Construction project investment estimation handbook. Beijing: China Architecture & Building Press; 1999."
N-2006,Liu et al. (2025),https://doi.org/10.1021/acs.est.5c05684,Not stated by publisher,"Row with id = 2006 in the ""Database"" sheet of the freely downloadable Supporting Information (SI) at the DOI above.","Yu H, Li GJ. Construction project investment estimation handbook. Beijing: China Architecture & Building Press; 1999."
N-2007,Liu et al. (2025),https://doi.org/10.1021/acs.est.5c05684,Not stated by publisher,"Row with id = 2007 in the ""Database"" sheet of the freely downloadable Supporting Information (SI) at the DOI above.","Yu H, Li GJ. Construction project investment estimation handbook. Beijing: China Architecture & Building Press; 1999."
N-2008,Liu et al. (2025),https://doi.org/10.1021/acs.est.5c05684,Not stated by publisher,"Row with id = 2008 in the ""Database"" sheet of the freely downloadable Supporting Information (SI) at the DOI above.","Yu H, Li GJ. Construction project investment estimation handbook. Beijing: China Architecture & Building Press; 1999."
N-2009,Liu et al. (2025),https://doi.org/10.1021/acs.est.5c05684,Not stated by publisher,"Row with id = 2009 in the ""Database"" sheet of the freely downloadable Supporting Information (SI) at the DOI above.","Yu H, Li GJ. Construction project investment estimation handbook. Beijing: China Architecture & Building Press; 1999."
N-2010,Liu et al. (2025),https://doi.org/10.1021/acs.est.5c05684,Not stated by publisher,"Row with id = 2010 in the ""Database"" sheet of the freely downloadable Supporting Information (SI) at the DOI above.","Yu H, Li GJ. Construction project investment estimation handbook. Beijing: China Architecture & Building Press; 1999."
N-2011,Liu et al. (2025),https://doi.org/10.1021/acs.est.5c05684,Not stated by publisher,"Row with id = 2011 in the ""Database"" sheet of the freely downloadable Supporting Information (SI) at the DOI above.","Yu H, Li GJ. Construction project investment estimation handbook. Beijing: China Architecture & Building Press; 1999."
N-2012,Liu et al. (2025),https://doi.org/10.1021/acs.est.5c05684,Not stated by publisher,"Row with id = 2012 in the ""Database"" sheet of the freely downloadable Supporting Information (SI) at the DOI above.","Yu H, Li GJ. Construction project investment estimation handbook. Beijing: China Architecture & Building Press; 1999."
N-2013,Liu et al. (2025),https://doi.org/10.1021/acs.est.5c05684,Not stated by publisher,"Row with id = 2013 in the ""Database"" sheet of the freely downloadable Supporting Information (SI) at the DOI above.","Yu H, Li GJ. Construction project investment estimation handbook. Beijing: China Architecture & Building Press; 1999."
N-2014,Liu et al. (2025),https://doi.org/10.1021/acs.est.5c05684,Not stated by publisher,"Row with id = 2014 in the ""Database"" sheet of the freely downloadable Supporting Information (SI) at the DOI above.","Yu H, Li GJ. Construction project investment estimation handbook. Beijing: China Architecture & Building Press; 1999."
N-2015,Liu et al. (2025),https://doi.org/10.1021/acs.est.5c05684,Not stated by publisher,"Row with id = 2015 in the ""Database"" sheet of the freely downloadable Supporting Information (SI) at the DOI above.","Yu H, Li GJ. Construction project investment estimation handbook. Beijing: China Architecture & Building Press; 1999."
N-2016,Liu et al. (2025),https://doi.org/10.1021/acs.est.5c05684,Not stated by publisher,"Row with id = 2016 in the ""Database"" sheet of the freely downloadable Supporting Information (SI) at the DOI above.","Yu H, Li GJ. Construction project investment estimation handbook. Beijing: China Architecture & Building Press; 1999."
N-2017,Liu et al. (2025),https://doi.org/10.1021/acs.est.5c05684,Not stated by publisher,"Row with id = 2017 in the ""Database"" sheet of the freely downloadable Supporting Information (SI) at the DOI above.","Yu H, Li GJ. Construction project investment estimation handbook. Beijing: China Architecture & Building Press; 1999."
N-2018,Liu et al. (2025),https://doi.org/10.1021/acs.est.5c05684,Not stated by publisher,"Row with id = 2018 in the ""Database"" sheet of the freely downloadable Supporting Information (SI) at the DOI above.","Yu H, Li GJ. Construction project investment estimation handbook. Beijing: China Architecture & Building Press; 1999."
N-2019,Liu et al. (2025),https://doi.org/10.1021/acs.est.5c05684,Not stated by publisher,"Row with id = 2019 in the ""Database"" sheet of the freely downloadable Supporting Information (SI) at the DOI above.","Yu H, Li GJ. Construction project investment estimation handbook. Beijing: China Architecture & Building Press; 1999."
N-2020,Liu et al. (2025),https://doi.org/10.1021/acs.est.5c05684,Not stated by publisher,"Row with id = 2020 in the ""Database"" sheet of the freely downloadable Supporting Information (SI) at the DOI above.","Yu H, Li GJ. Construction project investment estimation handbook. Beijing: China Architecture & Building Press; 1999."
N-2021,Liu et al. (2025),https://doi.org/10.1021/acs.est.5c05684,Not stated by publisher,"Row with id = 2021 in the ""Database"" sheet of the freely downloadable Supporting Information (SI) at the DOI above.","Yu H, Li GJ. Construction project investment estimation handbook. Beijing: China Architecture & Building Press; 1999."
N-2022,Liu et al. (2025),https://doi.org/10.1021/acs.est.5c05684,Not stated by publisher,"Row with id = 2022 in the ""Database"" sheet of the freely downloadable Supporting Information (SI) at the DOI above.","Yu H, Li GJ. Construction project investment estimation handbook. Beijing: China Architecture & Building Press; 1999."
N-2023,Liu et al. (2025),https://doi.org/10.1021/acs.est.5c05684,Not stated by publisher,"Row with id = 2023 in the ""Database"" sheet of the freely downloadable Supporting Information (SI) at the DOI above.","Yu H, Li GJ. Construction project investment estimation handbook. Beijing: China Architecture & Building Press; 1999."
N-2024,Liu et al. (2025),https://doi.org/10.1021/acs.est.5c05684,Not stated by publisher,"Row with id = 2024 in the ""Database"" sheet of the freely downloadable Supporting Information (SI) at the DOI above.","Yu H, Li GJ. Construction project investment estimation handbook. Beijing: China Architecture & Building Press; 1999."
N-2025,Liu et al. (2025),https://doi.org/10.1021/acs.est.5c05684,Not stated by publisher,"Row with id = 2025 in the ""Database"" sheet of the freely downloadable Supporting Information (SI) at the DOI above.","Yu H, Li GJ. Construction project investment estimation handbook. Beijing: China Architecture & Building Press; 1999."
N-2026,Liu et al. (2025),https://doi.org/10.1021/acs.est.5c05684,Not stated by publisher,"Row with id = 2026 in the ""Database"" sheet of the freely downloadable Supporting Information (SI) at the DOI above.","Yu H, Li GJ. Construction project investment estimation handbook. Beijing: China Architecture & Building Press; 1999."
N-2027,Liu et al. (2025),https://doi.org/10.1021/acs.est.5c05684,Not stated by publisher,"Row with id = 2027 in the ""Database"" sheet of the freely downloadable Supporting Information (SI) at the DOI above.","Yu H, Li GJ. Construction project investment estimation handbook. Beijing: China Architecture & Building Press; 1999."
N-2028,Liu et al. (2025),https://doi.org/10.1021/acs.est.5c05684,Not stated by publisher,"Row with id = 2028 in the ""Database"" sheet of the freely downloadable Supporting Information (SI) at the DOI above.","Yu H, Li GJ. Construction project investment estimation handbook. Beijing: China Architecture & Building Press; 1999."
N-2029,Liu et al. (2025),https://doi.org/10.1021/acs.est.5c05684,Not stated by publisher,"Row with id = 2029 in the ""Database"" sheet of the freely downloadable Supporting Information (SI) at the DOI above.","Yu H, Li GJ. Construction project investment estimation handbook. Beijing: China Architecture & Building Press; 1999."
N-2030,Liu et al. (2025),https://doi.org/10.1021/acs.est.5c05684,Not stated by publisher,"Row with id = 2030 in the ""Database"" sheet of the freely downloadable Supporting Information (SI) at the DOI above.","Yu H, Li GJ. Construction project investment estimation handbook. Beijing: China Architecture & Building Press; 1999."
N-2031,Liu et al. (2025),https://doi.org/10.1021/acs.est.5c05684,Not stated by publisher,"Row with id = 2031 in the ""Database"" sheet of the freely downloadable Supporting Information (SI) at the DOI above.","Yu H, Li GJ. Construction project investment estimation handbook. Beijing: China Architecture & Building Press; 1999."
N-2032,Liu et al. (2025),https://doi.org/10.1021/acs.est.5c05684,Not stated by publisher,"Row with id = 2032 in the ""Database"" sheet of the freely downloadable Supporting Information (SI) at the DOI above.","Yu H, Li GJ. Construction project investment estimation handbook. Beijing: China Architecture & Building Press; 1999."
N-2033,Liu et al. (2025),https://doi.org/10.1021/acs.est.5c05684,Not stated by publisher,"Row with id = 2033 in the ""Database"" sheet of the freely downloadable Supporting Information (SI) at the DOI above.","Yu H, Li GJ. Construction project investment estimation handbook. Beijing: China Architecture & Building Press; 1999."
N-2034,Liu et al. (2025),https://doi.org/10.1021/acs.est.5c05684,Not stated by publisher,"Row with id = 2034 in the ""Database"" sheet of the freely downloadable Supporting Information (SI) at the DOI above.","Yu H, Li GJ. Construction project investment estimation handbook. Beijing: China Architecture & Building Press; 1999."
N-2035,Liu et al. (2025),https://doi.org/10.1021/acs.est.5c05684,Not stated by publisher,"Row with id = 2035 in the ""Database"" sheet of the freely downloadable Supporting Information (SI) at the DOI above.","Yu H, Li GJ. Construction project investment estimation handbook. Beijing: China Architecture & Building Press; 1999."
N-2036,Liu et al. (2025),https://doi.org/10.1021/acs.est.5c05684,Not stated by publisher,"Row with id = 2036 in the ""Database"" sheet of the freely downloadable Supporting Information (SI) at the DOI above.","Yu H, Li GJ. Construction project investment estimation handbook. Beijing: China Architecture & Building Press; 1999."
N-2037,Liu et al. (2025),https://doi.org/10.1021/acs.est.5c05684,Not stated by publisher,"Row with id = 2037 in the ""Database"" sheet of the freely downloadable Supporting Information (SI) at the DOI above.","Yu H, Li GJ. Construction project investment estimation handbook. Beijing: China Architecture & Building Press; 1999."
N-2038,Liu et al. (2025),https://doi.org/10.1021/acs.est.5c05684,Not stated by publisher,"Row with id = 2038 in the ""Database"" sheet of the freely downloadable Supporting Information (SI) at the DOI above.","Yu H, Li GJ. Construction project investment estimation handbook. Beijing: China Architecture & Building Press; 1999."
N-2039,Liu et al. (2025),https://doi.org/10.1021/acs.est.5c05684,Not stated by publisher,"Row with id = 2039 in the ""Database"" sheet of the freely downloadable Supporting Information (SI) at the DOI above.","Yu H, Li GJ. Construction project investment estimation handbook. Beijing: China Architecture & Building Press; 1999."
N-2040,Liu et al. (2025),https://doi.org/10.1021/acs.est.5c05684,Not stated by publisher,"Row with id = 2040 in the ""Database"" sheet of the freely downloadable Supporting Information (SI) at the DOI above.","Yu H, Li GJ. Construction project investment estimation handbook. Beijing: China Architecture & Building Press; 1999."
N-2041,Liu et al. (2025),https://doi.org/10.1021/acs.est.5c05684,Not stated by publisher,"Row with id = 2041 in the ""Database"" sheet of the freely downloadable Supporting Information (SI) at the DOI above.","Yu H, Li GJ. Construction project investment estimation handbook. Beijing: China Architecture & Building Press; 1999."
N-2042,Liu et al. (2025),https://doi.org/10.1021/acs.est.5c05684,Not stated by publisher,"Row with id = 2042 in the ""Database"" sheet of the freely downloadable Supporting Information (SI) at the DOI above.","Yu H, Li GJ. Construction project investment estimation handbook. Beijing: China Architecture & Building Press; 1999."
N-2043,Liu et al. (2025),https://doi.org/10.1021/acs.est.5c05684,Not stated by publisher,"Row with id = 2043 in the ""Database"" sheet of the freely downloadable Supporting Information (SI) at the DOI above.","Yu H, Li GJ. Construction project investment estimation handbook. Beijing: China Architecture & Building Press; 1999."
N-2044,Liu et al. (2025),https://doi.org/10.1021/acs.est.5c05684,Not stated by publisher,"Row with id = 2044 in the ""Database"" sheet of the freely downloadable Supporting Information (SI) at the DOI above.","Yu H, Li GJ. Construction project investment estimation handbook. Beijing: China Architecture & Building Press; 1999."
N-2045,Liu et al. (2025),https://doi.org/10.1021/acs.est.5c05684,Not stated by publisher,"Row with id = 2045 in the ""Database"" sheet of the freely downloadable Supporting Information (SI) at the DOI above.","Yu H, Li GJ. Construction project investment estimation handbook. Beijing: China Architecture & Building Press; 1999."
N-2046,Liu et al. (2025),https://doi.org/10.1021/acs.est.5c05684,Not stated by publisher,"Row with id = 2046 in the ""Database"" sheet of the freely downloadable Supporting Information (SI) at the DOI above.","Yu H, Li GJ. Construction project investment estimation handbook. Beijing: China Architecture & Building Press; 1999."
N-2047,Liu et al. (2025),https://doi.org/10.1021/acs.est.5c05684,Not stated by publisher,"Row with id = 2047 in the ""Database"" sheet of the freely downloadable Supporting Information (SI) at the DOI above.","Yu H, Li GJ. Construction project investment estimation handbook. Beijing: China Architecture & Building Press; 1999."
N-2048,Liu et al. (2025),https://doi.org/10.1021/acs.est.5c05684,Not stated by publisher,"Row with id = 2048 in the ""Database"" sheet of the freely downloadable Supporting Information (SI) at the DOI above.","Yu H, Li GJ. Construction project investment estimation handbook. Beijing: China Architecture & Building Press; 1999."
N-2049,Liu et al. (2025),https://doi.org/10.1021/acs.est.5c05684,Not stated by publisher,"Row with id = 2049 in the ""Database"" sheet of the freely downloadable Supporting Information (SI) at the DOI above.","Yu H, Li GJ. Construction project investment estimation handbook. Beijing: China Architecture & Building Press; 1999."
N-2050,Liu et al. (2025),https://doi.org/10.1021/acs.est.5c05684,Not stated by publisher,"Row with id = 2050 in the ""Database"" sheet of the freely downloadable Supporting Information (SI) at the DOI above.","Yu H, Li GJ. Construction project investment estimation handbook. Beijing: China Architecture & Building Press; 1999."
N-2051,Liu et al. (2025),https://doi.org/10.1021/acs.est.5c05684,Not stated by publisher,"Row with id = 2051 in the ""Database"" sheet of the freely downloadable Supporting Information (SI) at the DOI above.","Yu H, Li GJ. Construction project investment estimation handbook. Beijing: China Architecture & Building Press; 1999."
N-2052,Liu et al. (2025),https://doi.org/10.1021/acs.est.5c05684,Not stated by publisher,"Row with id = 2052 in the ""Database"" sheet of the freely downloadable Supporting Information (SI) at the DOI above.","Yu H, Li GJ. Construction project investment estimation handbook. Beijing: China Architecture & Building Press; 1999."
N-2053,Liu et al. (2025),https://doi.org/10.1021/acs.est.5c05684,Not stated by publisher,"Row with id = 2053 in the ""Database"" sheet of the freely downloadable Supporting Information (SI) at the DOI above.","Yu H, Li GJ. Construction project investment estimation handbook. Beijing: China Architecture & Building Press; 1999."
N-2054,Liu et al. (2025),https://doi.org/10.1021/acs.est.5c05684,Not stated by publisher,"Row with id = 2054 in the ""Database"" sheet of the freely downloadable Supporting Information (SI) at the DOI above.","Yu H, Li GJ. Construction project investment estimation handbook. Beijing: China Architecture & Building Press; 1999."
N-2056,Liu et al. (2025),https://doi.org/10.1021/acs.est.5c05684,Not stated by publisher,"Row with id = 2056 in the ""Database"" sheet of the freely downloadable Supporting Information (SI) at the DOI above.","Yu H, Li GJ. Construction project investment estimation handbook. Beijing: China Architecture & Building Press; 1999."
N-2057,Liu et al. (2025),https://doi.org/10.1021/acs.est.5c05684,Not stated by publisher,"Row with id = 2057 in the ""Database"" sheet of the freely downloadable Supporting Information (SI) at the DOI above.","Yu H, Li GJ. Construction project investment estimation handbook. Beijing: China Architecture & Building Press; 1999."
N-2058,Liu et al. (2025),https://doi.org/10.1021/acs.est.5c05684,Not stated by publisher,"Row with id = 2058 in the ""Database"" sheet of the freely downloadable Supporting Information (SI) at the DOI above.","Yu H, Li GJ. Construction project investment estimation handbook. Beijing: China Architecture & Building Press; 1999."
N-2059,Liu et al. (2025),https://doi.org/10.1021/acs.est.5c05684,Not stated by publisher,"Row with id = 2059 in the ""Database"" sheet of the freely downloadable Supporting Information (SI) at the DOI above.","Yu H, Li GJ. Construction project investment estimation handbook. Beijing: China Architecture & Building Press; 1999."
N-2060,Liu et al. (2025),https://doi.org/10.1021/acs.est.5c05684,Not stated by publisher,"Row with id = 2060 in the ""Database"" sheet of the freely downloadable Supporting Information (SI) at the DOI above.","Yu H, Li GJ. Construction project investment estimation handbook. Beijing: China Architecture & Building Press; 1999."
N-2061,Liu et al. (2025),https://doi.org/10.1021/acs.est.5c05684,Not stated by publisher,"Row with id = 2061 in the ""Database"" sheet of the freely downloadable Supporting Information (SI) at the DOI above.","Yu H, Li GJ. Construction project investment estimation handbook. Beijing: China Architecture & Building Press; 1999."
N-2062,Liu et al. (2025),https://doi.org/10.1021/acs.est.5c05684,Not stated by publisher,"Row with id = 2062 in the ""Database"" sheet of the freely downloadable Supporting Information (SI) at the DOI above.","Yu H, Li GJ. Construction project investment estimation handbook. Beijing: China Architecture & Building Press; 1999."
N-2063,Liu et al. (2025),https://doi.org/10.1021/acs.est.5c05684,Not stated by publisher,"Row with id = 2063 in the ""Database"" sheet of the freely downloadable Supporting Information (SI) at the DOI above.","Yu H, Li GJ. Construction project investment estimation handbook. Beijing: China Architecture & Building Press; 1999."
N-2064,Liu et al. (2025),https://doi.org/10.1021/acs.est.5c05684,Not stated by publisher,"Row with id = 2064 in the ""Database"" sheet of the freely downloadable Supporting Information (SI) at the DOI above.","Yu H, Li GJ. Construction project investment estimation handbook. Beijing: China Architecture & Building Press; 1999."
N-2065,Liu et al. (2025),https://doi.org/10.1021/acs.est.5c05684,Not stated by publisher,"Row with id = 2065 in the ""Database"" sheet of the freely downloadable Supporting Information (SI) at the DOI above.","Yu H, Li GJ. Construction project investment estimation handbook. Beijing: China Architecture & Building Press; 1999."
N-2066,Liu et al. (2025),https://doi.org/10.1021/acs.est.5c05684,Not stated by publisher,"Row with id = 2066 in the ""Database"" sheet of the freely downloadable Supporting Information (SI) at the DOI above.","Yu H, Li GJ. Construction project investment estimation handbook. Beijing: China Architecture & Building Press; 1999."
N-2067,Liu et al. (2025),https://doi.org/10.1021/acs.est.5c05684,Not stated by publisher,"Row with id = 2067 in the ""Database"" sheet of the freely downloadable Supporting Information (SI) at the DOI above.","Yu H, Li GJ. Construction project investment estimation handbook. Beijing: China Architecture & Building Press; 1999."
N-2068,Liu et al. (2025),https://doi.org/10.1021/acs.est.5c05684,Not stated by publisher,"Row with id = 2068 in the ""Database"" sheet of the freely downloadable Supporting Information (SI) at the DOI above.","Yu H, Li GJ. Construction project investment estimation handbook. Beijing: China Architecture & Building Press; 1999."
N-2069,Liu et al. (2025),https://doi.org/10.1021/acs.est.5c05684,Not stated by publisher,"Row with id = 2069 in the ""Database"" sheet of the freely downloadable Supporting Information (SI) at the DOI above.","Yu H, Li GJ. Construction project investment estimation handbook. Beijing: China Architecture & Building Press; 1999."
N-2070,Liu et al. (2025),https://doi.org/10.1021/acs.est.5c05684,Not stated by publisher,"Row with id = 2070 in the ""Database"" sheet of the freely downloadable Supporting Information (SI) at the DOI above.","Yu H, Li GJ. Construction project investment estimation handbook. Beijing: China Architecture & Building Press; 1999."
N-2071,Liu et al. (2025),https://doi.org/10.1021/acs.est.5c05684,Not stated by publisher,"Row with id = 2071 in the ""Database"" sheet of the freely downloadable Supporting Information (SI) at the DOI above.","Yu H, Li GJ. Construction project investment estimation handbook. Beijing: China Architecture & Building Press; 1999."
N-2072,Liu et al. (2025),https://doi.org/10.1021/acs.est.5c05684,Not stated by publisher,"Row with id = 2072 in the ""Database"" sheet of the freely downloadable Supporting Information (SI) at the DOI above.","Yu H, Li GJ. Construction project investment estimation handbook. Beijing: China Architecture & Building Press; 1999."
N-2073,Liu et al. (2025),https://doi.org/10.1021/acs.est.5c05684,Not stated by publisher,"Row with id = 2073 in the ""Database"" sheet of the freely downloadable Supporting Information (SI) at the DOI above.","Yu H, Li GJ. Construction project investment estimation handbook. Beijing: China Architecture & Building Press; 1999."
N-2074,Liu et al. (2025),https://doi.org/10.1021/acs.est.5c05684,Not stated by publisher,"Row with id = 2074 in the ""Database"" sheet of the freely downloadable Supporting Information (SI) at the DOI above.","Yu H, Li GJ. Construction project investment estimation handbook. Beijing: China Architecture & Building Press; 1999."
N-2075,Liu et al. (2025),https://doi.org/10.1021/acs.est.5c05684,Not stated by publisher,"Row with id = 2075 in the ""Database"" sheet of the freely downloadable Supporting Information (SI) at the DOI above.","Yu H, Li GJ. Construction project investment estimation handbook. Beijing: China Architecture & Building Press; 1999."
N-2076,Liu et al. (2025),https://doi.org/10.1021/acs.est.5c05684,Not stated by publisher,"Row with id = 2076 in the ""Database"" sheet of the freely downloadable Supporting Information (SI) at the DOI above.","Yu H, Li GJ. Construction project investment estimation handbook. Beijing: China Architecture & Building Press; 1999."
N-2077,Liu et al. (2025),https://doi.org/10.1021/acs.est.5c05684,Not stated by publisher,"Row with id = 2077 in the ""Database"" sheet of the freely downloadable Supporting Information (SI) at the DOI above.","Yu H, Li GJ. Construction project investment estimation handbook. Beijing: China Architecture & Building Press; 1999."
N-2078,Liu et al. (2025),https://doi.org/10.1021/acs.est.5c05684,Not stated by publisher,"Row with id = 2078 in the ""Database"" sheet of the freely downloadable Supporting Information (SI) at the DOI above.","Yu H, Li GJ. Construction project investment estimation handbook. Beijing: China Architecture & Building Press; 1999."
N-2079,Liu et al. (2025),https://doi.org/10.1021/acs.est.5c05684,Not stated by publisher,"Row with id = 2079 in the ""Database"" sheet of the freely downloadable Supporting Information (SI) at the DOI above.","Yu H, Li GJ. Construction project investment estimation handbook. Beijing: China Architecture & Building Press; 1999."
N-2080,Liu et al. (2025),https://doi.org/10.1021/acs.est.5c05684,Not stated by publisher,"Row with id = 2080 in the ""Database"" sheet of the freely downloadable Supporting Information (SI) at the DOI above.","Yu H, Li GJ. Construction project investment estimation handbook. Beijing: China Architecture & Building Press; 1999."
N-2081,Liu et al. (2025),https://doi.org/10.1021/acs.est.5c05684,Not stated by publisher,"Row with id = 2081 in the ""Database"" sheet of the freely downloadable Supporting Information (SI) at the DOI above.","Yu H, Li GJ. Construction project investment estimation handbook. Beijing: China Architecture & Building Press; 1999."
N-2082,Liu et al. (2025),https://doi.org/10.1021/acs.est.5c05684,Not stated by publisher,"Row with id = 2082 in the ""Database"" sheet of the freely downloadable Supporting Information (SI) at the DOI above.","Yu H, Li GJ. Construction project investment estimation handbook. Beijing: China Architecture & Building Press; 1999."
N-2083,Liu et al. (2025),https://doi.org/10.1021/acs.est.5c05684,Not stated by publisher,"Row with id = 2083 in the ""Database"" sheet of the freely downloadable Supporting Information (SI) at the DOI above.","Yu H, Li GJ. Construction project investment estimation handbook. Beijing: China Architecture & Building Press; 1999."
N-2084,Liu et al. (2025),https://doi.org/10.1021/acs.est.5c05684,Not stated by publisher,"Row with id = 2084 in the ""Database"" sheet of the freely downloadable Supporting Information (SI) at the DOI above.","Yu H, Li GJ. Construction project investment estimation handbook. Beijing: China Architecture & Building Press; 1999."
N-2085,Liu et al. (2025),https://doi.org/10.1021/acs.est.5c05684,Not stated by publisher,"Row with id = 2085 in the ""Database"" sheet of the freely downloadable Supporting Information (SI) at the DOI above.","Yu H, Li GJ. Construction project investment estimation handbook. Beijing: China Architecture & Building Press; 1999."
N-2086,Liu et al. (2025),https://doi.org/10.1021/acs.est.5c05684,Not stated by publisher,"Row with id = 2086 in the ""Database"" sheet of the freely downloadable Supporting Information (SI) at the DOI above.","Yu H, Li GJ. Construction project investment estimation handbook. Beijing: China Architecture & Building Press; 1999."
N-2087,Liu et al. (2025),https://doi.org/10.1021/acs.est.5c05684,Not stated by publisher,"Row with id = 2087 in the ""Database"" sheet of the freely downloadable Supporting Information (SI) at the DOI above.","Yu H, Li GJ. Construction project investment estimation handbook. Beijing: China Architecture & Building Press; 1999."
N-2088,Liu et al. (2025),https://doi.org/10.1021/acs.est.5c05684,Not stated by publisher,"Row with id = 2088 in the ""Database"" sheet of the freely downloadable Supporting Information (SI) at the DOI above.","Yu H, Li GJ. Construction project investment estimation handbook. Beijing: China Architecture & Building Press; 1999."
N-2089,Liu et al. (2025),https://doi.org/10.1021/acs.est.5c05684,Not stated by publisher,"Row with id = 2089 in the ""Database"" sheet of the freely downloadable Supporting Information (SI) at the DOI above.","Yu H, Li GJ. Construction project investment estimation handbook. Beijing: China Architecture & Building Press; 1999."
N-2090,Liu et al. (2025),https://doi.org/10.1021/acs.est.5c05684,Not stated by publisher,"Row with id = 2090 in the ""Database"" sheet of the freely downloadable Supporting Information (SI) at the DOI above.","Yu H, Li GJ. Construction project investment estimation handbook. Beijing: China Architecture & Building Press; 1999."
N-2091,Liu et al. (2025),https://doi.org/10.1021/acs.est.5c05684,Not stated by publisher,"Row with id = 2091 in the ""Database"" sheet of the freely downloadable Supporting Information (SI) at the DOI above.","Yu H, Li GJ. Construction project investment estimation handbook. Beijing: China Architecture & Building Press; 1999."
N-2092,Liu et al. (2025),https://doi.org/10.1021/acs.est.5c05684,Not stated by publisher,"Row with id = 2092 in the ""Database"" sheet of the freely downloadable Supporting Information (SI) at the DOI above.","Yu H, Li GJ. Construction project investment estimation handbook. Beijing: China Architecture & Building Press; 1999."
N-2093,Liu et al. (2025),https://doi.org/10.1021/acs.est.5c05684,Not stated by publisher,"Row with id = 2093 in the ""Database"" sheet of the freely downloadable Supporting Information (SI) at the DOI above.","Yu H, Li GJ. Construction project investment estimation handbook. Beijing: China Architecture & Building Press; 1999."
N-2094,Liu et al. (2025),https://doi.org/10.1021/acs.est.5c05684,Not stated by publisher,"Row with id = 2094 in the ""Database"" sheet of the freely downloadable Supporting Information (SI) at the DOI above.","Yu H, Li GJ. Construction project investment estimation handbook. Beijing: China Architecture & Building Press; 1999."
N-2095,Liu et al. (2025),https://doi.org/10.1021/acs.est.5c05684,Not stated by publisher,"Row with id = 2095 in the ""Database"" sheet of the freely downloadable Supporting Information (SI) at the DOI above.","Yu H, Li GJ. Construction project investment estimation handbook. Beijing: China Architecture & Building Press; 1999."
N-2096,Liu et al. (2025),https://doi.org/10.1021/acs.est.5c05684,Not stated by publisher,"Row with id = 2096 in the ""Database"" sheet of the freely downloadable Supporting Information (SI) at the DOI above.","Yu H, Li GJ. Construction project investment estimation handbook. Beijing: China Architecture & Building Press; 1999."
N-2097,Liu et al. (2025),https://doi.org/10.1021/acs.est.5c05684,Not stated by publisher,"Row with id = 2097 in the ""Database"" sheet of the freely downloadable Supporting Information (SI) at the DOI above.","Yu H, Li GJ. Construction project investment estimation handbook. Beijing: China Architecture & Building Press; 1999."
N-2098,Liu et al. (2025),https://doi.org/10.1021/acs.est.5c05684,Not stated by publisher,"Row with id = 2098 in the ""Database"" sheet of the freely downloadable Supporting Information (SI) at the DOI above.","Yu H, Li GJ. Construction project investment estimation handbook. Beijing: China Architecture & Building Press; 1999."
N-2099,Liu et al. (2025),https://doi.org/10.1021/acs.est.5c05684,Not stated by publisher,"Row with id = 2099 in the ""Database"" sheet of the freely downloadable Supporting Information (SI) at the DOI above.","Yu H, Li GJ. Construction project investment estimation handbook. Beijing: China Architecture & Building Press; 1999."
N-2100,Liu et al. (2025),https://doi.org/10.1021/acs.est.5c05684,Not stated by publisher,"Row with id = 2100 in the ""Database"" sheet of the freely downloadable Supporting Information (SI) at the DOI above.","Yu H, Li GJ. Construction project investment estimation handbook. Beijing: China Architecture & Building Press; 1999."
N-2101,Liu et al. (2025),https://doi.org/10.1021/acs.est.5c05684,Not stated by publisher,"Row with id = 2101 in the ""Database"" sheet of the freely downloadable Supporting Information (SI) at the DOI above.","Yu H, Li GJ. Construction project investment estimation handbook. Beijing: China Architecture & Building Press; 1999."
N-2102,Liu et al. (2025),https://doi.org/10.1021/acs.est.5c05684,Not stated by publisher,"Row with id = 2102 in the ""Database"" sheet of the freely downloadable Supporting Information (SI) at the DOI above.","Yu H, Li GJ. Construction project investment estimation handbook. Beijing: China Architecture & Building Press; 1999."
N-2103,Liu et al. (2025),https://doi.org/10.1021/acs.est.5c05684,Not stated by publisher,"Row with id = 2103 in the ""Database"" sheet of the freely downloadable Supporting Information (SI) at the DOI above.","Yu H, Li GJ. Construction project investment estimation handbook. Beijing: China Architecture & Building Press; 1999."
N-2104,Liu et al. (2025),https://doi.org/10.1021/acs.est.5c05684,Not stated by publisher,"Row with id = 2104 in the ""Database"" sheet of the freely downloadable Supporting Information (SI) at the DOI above.","Yu H, Li GJ. Construction project investment estimation handbook. Beijing: China Architecture & Building Press; 1999."
N-2105,Liu et al. (2025),https://doi.org/10.1021/acs.est.5c05684,Not stated by publisher,"Row with id = 2105 in the ""Database"" sheet of the freely downloadable Supporting Information (SI) at the DOI above.","Yu H, Li GJ. Construction project investment estimation handbook. Beijing: China Architecture & Building Press; 1999."
N-2106,Liu et al. (2025),https://doi.org/10.1021/acs.est.5c05684,Not stated by publisher,"Row with id = 2106 in the ""Database"" sheet of the freely downloadable Supporting Information (SI) at the DOI above.","Yu H, Li GJ. Construction project investment estimation handbook. Beijing: China Architecture & Building Press; 1999."
N-2107,Liu et al. (2025),https://doi.org/10.1021/acs.est.5c05684,Not stated by publisher,"Row with id = 2107 in the ""Database"" sheet of the freely downloadable Supporting Information (SI) at the DOI above.","Yu H, Li GJ. Construction project investment estimation handbook. Beijing: China Architecture & Building Press; 1999."
N-2108,Liu et al. (2025),https://doi.org/10.1021/acs.est.5c05684,Not stated by publisher,"Row with id = 2108 in the ""Database"" sheet of the freely downloadable Supporting Information (SI) at the DOI above.","Yu H, Li GJ. Construction project investment estimation handbook. Beijing: China Architecture & Building Press; 1999."
N-2109,Liu et al. (2025),https://doi.org/10.1021/acs.est.5c05684,Not stated by publisher,"Row with id = 2109 in the ""Database"" sheet of the freely downloadable Supporting Information (SI) at the DOI above.","Yu H, Li GJ. Construction project investment estimation handbook. Beijing: China Architecture & Building Press; 1999."
N-2110,Liu et al. (2025),https://doi.org/10.1021/acs.est.5c05684,Not stated by publisher,"Row with id = 2110 in the ""Database"" sheet of the freely downloadable Supporting Information (SI) at the DOI above.","Yu H, Li GJ. Construction project investment estimation handbook. Beijing: China Architecture & Building Press; 1999."
N-2111,Liu et al. (2025),https://doi.org/10.1021/acs.est.5c05684,Not stated by publisher,"Row with id = 2111 in the ""Database"" sheet of the freely downloadable Supporting Information (SI) at the DOI above.","Yu H, Li GJ. Construction project investment estimation handbook. Beijing: China Architecture & Building Press; 1999."
N-2112,Liu et al. (2025),https://doi.org/10.1021/acs.est.5c05684,Not stated by publisher,"Row with id = 2112 in the ""Database"" sheet of the freely downloadable Supporting Information (SI) at the DOI above.","Yu H, Li GJ. Construction project investment estimation handbook. Beijing: China Architecture & Building Press; 1999."
N-2113,Liu et al. (2025),https://doi.org/10.1021/acs.est.5c05684,Not stated by publisher,"Row with id = 2113 in the ""Database"" sheet of the freely downloadable Supporting Information (SI) at the DOI above.","Yu H, Li GJ. Construction project investment estimation handbook. Beijing: China Architecture & Building Press; 1999."
N-2114,Liu et al. (2025),https://doi.org/10.1021/acs.est.5c05684,Not stated by publisher,"Row with id = 2114 in the ""Database"" sheet of the freely downloadable Supporting Information (SI) at the DOI above.","Yu H, Li GJ. Construction project investment estimation handbook. Beijing: China Architecture & Building Press; 1999."
N-2115,Liu et al. (2025),https://doi.org/10.1021/acs.est.5c05684,Not stated by publisher,"Row with id = 2115 in the ""Database"" sheet of the freely downloadable Supporting Information (SI) at the DOI above.","Yu H, Li GJ. Construction project investment estimation handbook. Beijing: China Architecture & Building Press; 1999."
N-2116,Liu et al. (2025),https://doi.org/10.1021/acs.est.5c05684,Not stated by publisher,"Row with id = 2116 in the ""Database"" sheet of the freely downloadable Supporting Information (SI) at the DOI above.","Yu H, Li GJ. Construction project investment estimation handbook. Beijing: China Architecture & Building Press; 1999."
N-2117,Liu et al. (2025),https://doi.org/10.1021/acs.est.5c05684,Not stated by publisher,"Row with id = 2117 in the ""Database"" sheet of the freely downloadable Supporting Information (SI) at the DOI above.","Yu H, Li GJ. Construction project investment estimation handbook. Beijing: China Architecture & Building Press; 1999."
N-2118,Liu et al. (2025),https://doi.org/10.1021/acs.est.5c05684,Not stated by publisher,"Row with id = 2118 in the ""Database"" sheet of the freely downloadable Supporting Information (SI) at the DOI above.","Yu H, Li GJ. Construction project investment estimation handbook. Beijing: China Architecture & Building Press; 1999."
N-2119,Liu et al. (2025),https://doi.org/10.1021/acs.est.5c05684,Not stated by publisher,"Row with id = 2119 in the ""Database"" sheet of the freely downloadable Supporting Information (SI) at the DOI above.","Yu H, Li GJ. Construction project investment estimation handbook. Beijing: China Architecture & Building Press; 1999."
N-2120,Liu et al. (2025),https://doi.org/10.1021/acs.est.5c05684,Not stated by publisher,"Row with id = 2120 in the ""Database"" sheet of the freely downloadable Supporting Information (SI) at the DOI above.","Yu H, Li GJ. Construction project investment estimation handbook. Beijing: China Architecture & Building Press; 1999."
N-2121,Liu et al. (2025),https://doi.org/10.1021/acs.est.5c05684,Not stated by publisher,"Row with id = 2121 in the ""Database"" sheet of the freely downloadable Supporting Information (SI) at the DOI above.","Yu H, Li GJ. Construction project investment estimation handbook. Beijing: China Architecture & Building Press; 1999."
N-2122,Liu et al. (2025),https://doi.org/10.1021/acs.est.5c05684,Not stated by publisher,"Row with id = 2122 in the ""Database"" sheet of the freely downloadable Supporting Information (SI) at the DOI above.","Yu H, Li GJ. Construction project investment estimation handbook. Beijing: China Architecture & Building Press; 1999."
N-2123,Liu et al. (2025),https://doi.org/10.1021/acs.est.5c05684,Not stated by publisher,"Row with id = 2123 in the ""Database"" sheet of the freely downloadable Supporting Information (SI) at the DOI above.","Yu H, Li GJ. Construction project investment estimation handbook. Beijing: China Architecture & Building Press; 1999."
N-2124,Liu et al. (2025),https://doi.org/10.1021/acs.est.5c05684,Not stated by publisher,"Row with id = 2124 in the ""Database"" sheet of the freely downloadable Supporting Information (SI) at the DOI above.","Yu H, Li GJ. Construction project investment estimation handbook. Beijing: China Architecture & Building Press; 1999."
N-2125,Liu et al. (2025),https://doi.org/10.1021/acs.est.5c05684,Not stated by publisher,"Row with id = 2125 in the ""Database"" sheet of the freely downloadable Supporting Information (SI) at the DOI above.","Yu H, Li GJ. Construction project investment estimation handbook. Beijing: China Architecture & Building Press; 1999."
N-2126,Liu et al. (2025),https://doi.org/10.1021/acs.est.5c05684,Not stated by publisher,"Row with id = 2126 in the ""Database"" sheet of the freely downloadable Supporting Information (SI) at the DOI above.","Yu H, Li GJ. Construction project investment estimation handbook. Beijing: China Architecture & Building Press; 1999."
N-2127,Liu et al. (2025),https://doi.org/10.1021/acs.est.5c05684,Not stated by publisher,"Row with id = 2127 in the ""Database"" sheet of the freely downloadable Supporting Information (SI) at the DOI above.","Yu H, Li GJ. Construction project investment estimation handbook. Beijing: China Architecture & Building Press; 1999."
N-2128,Liu et al. (2025),https://doi.org/10.1021/acs.est.5c05684,Not stated by publisher,"Row with id = 2128 in the ""Database"" sheet of the freely downloadable Supporting Information (SI) at the DOI above.","Yu H, Li GJ. Construction project investment estimation handbook. Beijing: China Architecture & Building Press; 1999."
N-2129,Liu et al. (2025),https://doi.org/10.1021/acs.est.5c05684,Not stated by publisher,"Row with id = 2129 in the ""Database"" sheet of the freely downloadable Supporting Information (SI) at the DOI above.","Yu H, Li GJ. Construction project investment estimation handbook. Beijing: China Architecture & Building Press; 1999."
N-2130,Liu et al. (2025),https://doi.org/10.1021/acs.est.5c05684,Not stated by publisher,"Row with id = 2130 in the ""Database"" sheet of the freely downloadable Supporting Information (SI) at the DOI above.","Yu H, Li GJ. Construction project investment estimation handbook. Beijing: China Architecture & Building Press; 1999."
N-2131,Liu et al. (2025),https://doi.org/10.1021/acs.est.5c05684,Not stated by publisher,"Row with id = 2131 in the ""Database"" sheet of the freely downloadable Supporting Information (SI) at the DOI above.","Yu H, Li GJ. Construction project investment estimation handbook. Beijing: China Architecture & Building Press; 1999."
N-2132,Liu et al. (2025),https://doi.org/10.1021/acs.est.5c05684,Not stated by publisher,"Row with id = 2132 in the ""Database"" sheet of the freely downloadable Supporting Information (SI) at the DOI above.","Yu H, Li GJ. Construction project investment estimation handbook. Beijing: China Architecture & Building Press; 1999."
N-2133,Liu et al. (2025),https://doi.org/10.1021/acs.est.5c05684,Not stated by publisher,"Row with id = 2133 in the ""Database"" sheet of the freely downloadable Supporting Information (SI) at the DOI above.","Yu H, Li GJ. Construction project investment estimation handbook. Beijing: China Architecture & Building Press; 1999."
N-2134,Liu et al. (2025),https://doi.org/10.1021/acs.est.5c05684,Not stated by publisher,"Row with id = 2134 in the ""Database"" sheet of the freely downloadable Supporting Information (SI) at the DOI above.","Yu H, Li GJ. Construction project investment estimation handbook. Beijing: China Architecture & Building Press; 1999."
N-2135,Liu et al. (2025),https://doi.org/10.1021/acs.est.5c05684,Not stated by publisher,"Row with id = 2135 in the ""Database"" sheet of the freely downloadable Supporting Information (SI) at the DOI above.","Yu H, Li GJ. Construction project investment estimation handbook. Beijing: China Architecture & Building Press; 1999."
N-2136,Liu et al. (2025),https://doi.org/10.1021/acs.est.5c05684,Not stated by publisher,"Row with id = 2136 in the ""Database"" sheet of the freely downloadable Supporting Information (SI) at the DOI above.","Yu H, Li GJ. Construction project investment estimation handbook. Beijing: China Architecture & Building Press; 1999."
N-2137,Liu et al. (2025),https://doi.org/10.1021/acs.est.5c05684,Not stated by publisher,"Row with id = 2137 in the ""Database"" sheet of the freely downloadable Supporting Information (SI) at the DOI above.","Yu H, Li GJ. Construction project investment estimation handbook. Beijing: China Architecture & Building Press; 1999."
N-2138,Liu et al. (2025),https://doi.org/10.1021/acs.est.5c05684,Not stated by publisher,"Row with id = 2138 in the ""Database"" sheet of the freely downloadable Supporting Information (SI) at the DOI above.","Yu H, Li GJ. Construction project investment estimation handbook. Beijing: China Architecture & Building Press; 1999."
N-2139,Liu et al. (2025),https://doi.org/10.1021/acs.est.5c05684,Not stated by publisher,"Row with id = 2139 in the ""Database"" sheet of the freely downloadable Supporting Information (SI) at the DOI above.","Yu H, Li GJ. Construction project investment estimation handbook. Beijing: China Architecture & Building Press; 1999."
N-2140,Liu et al. (2025),https://doi.org/10.1021/acs.est.5c05684,Not stated by publisher,"Row with id = 2140 in the ""Database"" sheet of the freely downloadable Supporting Information (SI) at the DOI above.","Yu H, Li GJ. Construction project investment estimation handbook. Beijing: China Architecture & Building Press; 1999."
N-2141,Liu et al. (2025),https://doi.org/10.1021/acs.est.5c05684,Not stated by publisher,"Row with id = 2141 in the ""Database"" sheet of the freely downloadable Supporting Information (SI) at the DOI above.","Yu H, Li GJ. Construction project investment estimation handbook. Beijing: China Architecture & Building Press; 1999."
N-2142,Liu et al. (2025),https://doi.org/10.1021/acs.est.5c05684,Not stated by publisher,"Row with id = 2142 in the ""Database"" sheet of the freely downloadable Supporting Information (SI) at the DOI above.","Yu H, Li GJ. Construction project investment estimation handbook. Beijing: China Architecture & Building Press; 1999."
N-2143,Liu et al. (2025),https://doi.org/10.1021/acs.est.5c05684,Not stated by publisher,"Row with id = 2143 in the ""Database"" sheet of the freely downloadable Supporting Information (SI) at the DOI above.","Yu H, Li GJ. Construction project investment estimation handbook. Beijing: China Architecture & Building Press; 1999."
N-2144,Liu et al. (2025),https://doi.org/10.1021/acs.est.5c05684,Not stated by publisher,"Row with id = 2144 in the ""Database"" sheet of the freely downloadable Supporting Information (SI) at the DOI above.","Yu H, Li GJ. Construction project investment estimation handbook. Beijing: China Architecture & Building Press; 1999."
N-2145,Liu et al. (2025),https://doi.org/10.1021/acs.est.5c05684,Not stated by publisher,"Row with id = 2145 in the ""Database"" sheet of the freely downloadable Supporting Information (SI) at the DOI above.","Yu H, Li GJ. Construction project investment estimation handbook. Beijing: China Architecture & Building Press; 1999."
N-2146,Liu et al. (2025),https://doi.org/10.1021/acs.est.5c05684,Not stated by publisher,"Row with id = 2146 in the ""Database"" sheet of the freely downloadable Supporting Information (SI) at the DOI above.","Yu H, Li GJ. Construction project investment estimation handbook. Beijing: China Architecture & Building Press; 1999."
N-2147,Liu et al. (2025),https://doi.org/10.1021/acs.est.5c05684,Not stated by publisher,"Row with id = 2147 in the ""Database"" sheet of the freely downloadable Supporting Information (SI) at the DOI above.","Yu H, Li GJ. Construction project investment estimation handbook. Beijing: China Architecture & Building Press; 1999."
N-2148,Liu et al. (2025),https://doi.org/10.1021/acs.est.5c05684,Not stated by publisher,"Row with id = 2148 in the ""Database"" sheet of the freely downloadable Supporting Information (SI) at the DOI above.","Yu H, Li GJ. Construction project investment estimation handbook. Beijing: China Architecture & Building Press; 1999."
N-2149,Liu et al. (2025),https://doi.org/10.1021/acs.est.5c05684,Not stated by publisher,"Row with id = 2149 in the ""Database"" sheet of the freely downloadable Supporting Information (SI) at the DOI above.","Yu H, Li GJ. Construction project investment estimation handbook. Beijing: China Architecture & Building Press; 1999."
N-2150,Liu et al. (2025),https://doi.org/10.1021/acs.est.5c05684,Not stated by publisher,"Row with id = 2150 in the ""Database"" sheet of the freely downloadable Supporting Information (SI) at the DOI above.","Yu H, Li GJ. Construction project investment estimation handbook. Beijing: China Architecture & Building Press; 1999."
N-2151,Liu et al. (2025),https://doi.org/10.1021/acs.est.5c05684,Not stated by publisher,"Row with id = 2151 in the ""Database"" sheet of the freely downloadable Supporting Information (SI) at the DOI above.","Yu H, Li GJ. Construction project investment estimation handbook. Beijing: China Architecture & Building Press; 1999."
N-2152,Liu et al. (2025),https://doi.org/10.1021/acs.est.5c05684,Not stated by publisher,"Row with id = 2152 in the ""Database"" sheet of the freely downloadable Supporting Information (SI) at the DOI above.","Yu H, Li GJ. Construction project investment estimation handbook. Beijing: China Architecture & Building Press; 1999."
N-2153,Liu et al. (2025),https://doi.org/10.1021/acs.est.5c05684,Not stated by publisher,"Row with id = 2153 in the ""Database"" sheet of the freely downloadable Supporting Information (SI) at the DOI above.","Yu H, Li GJ. Construction project investment estimation handbook. Beijing: China Architecture & Building Press; 1999."
N-2154,Liu et al. (2025),https://doi.org/10.1021/acs.est.5c05684,Not stated by publisher,"Row with id = 2154 in the ""Database"" sheet of the freely downloadable Supporting Information (SI) at the DOI above.","Yu H, Li GJ. Construction project investment estimation handbook. Beijing: China Architecture & Building Press; 1999."
N-2155,Liu et al. (2025),https://doi.org/10.1021/acs.est.5c05684,Not stated by publisher,"Row with id = 2155 in the ""Database"" sheet of the freely downloadable Supporting Information (SI) at the DOI above.","Yu H, Li GJ. Construction project investment estimation handbook. Beijing: China Architecture & Building Press; 1999."
N-2156,Liu et al. (2025),https://doi.org/10.1021/acs.est.5c05684,Not stated by publisher,"Row with id = 2156 in the ""Database"" sheet of the freely downloadable Supporting Information (SI) at the DOI above.","Yu H, Li GJ. Construction project investment estimation handbook. Beijing: China Architecture & Building Press; 1999."
N-2157,Liu et al. (2025),https://doi.org/10.1021/acs.est.5c05684,Not stated by publisher,"Row with id = 2157 in the ""Database"" sheet of the freely downloadable Supporting Information (SI) at the DOI above.","Yu H, Li GJ. Construction project investment estimation handbook. Beijing: China Architecture & Building Press; 1999."
N-2158,Liu et al. (2025),https://doi.org/10.1021/acs.est.5c05684,Not stated by publisher,"Row with id = 2158 in the ""Database"" sheet of the freely downloadable Supporting Information (SI) at the DOI above.","Yu H, Li GJ. Construction project investment estimation handbook. Beijing: China Architecture & Building Press; 1999."
N-2159,Liu et al. (2025),https://doi.org/10.1021/acs.est.5c05684,Not stated by publisher,"Row with id = 2159 in the ""Database"" sheet of the freely downloadable Supporting Information (SI) at the DOI above.","Yu H, Li GJ. Construction project investment estimation handbook. Beijing: China Architecture & Building Press; 1999."
N-2160,Liu et al. (2025),https://doi.org/10.1021/acs.est.5c05684,Not stated by publisher,"Row with id = 2160 in the ""Database"" sheet of the freely downloadable Supporting Information (SI) at the DOI above.","Yu H, Li GJ. Construction project investment estimation handbook. Beijing: China Architecture & Building Press; 1999."
N-2161,Liu et al. (2025),https://doi.org/10.1021/acs.est.5c05684,Not stated by publisher,"Row with id = 2161 in the ""Database"" sheet of the freely downloadable Supporting Information (SI) at the DOI above.","Yu H, Li GJ. Construction project investment estimation handbook. Beijing: China Architecture & Building Press; 1999."
N-2162,Liu et al. (2025),https://doi.org/10.1021/acs.est.5c05684,Not stated by publisher,"Row with id = 2162 in the ""Database"" sheet of the freely downloadable Supporting Information (SI) at the DOI above.","Yu H, Li GJ. Construction project investment estimation handbook. Beijing: China Architecture & Building Press; 1999."
N-2163,Liu et al. (2025),https://doi.org/10.1021/acs.est.5c05684,Not stated by publisher,"Row with id = 2163 in the ""Database"" sheet of the freely downloadable Supporting Information (SI) at the DOI above.","Yu H, Li GJ. Construction project investment estimation handbook. Beijing: China Architecture & Building Press; 1999."
N-2164,Liu et al. (2025),https://doi.org/10.1021/acs.est.5c05684,Not stated by publisher,"Row with id = 2164 in the ""Database"" sheet of the freely downloadable Supporting Information (SI) at the DOI above.","Yu H, Li GJ. Construction project investment estimation handbook. Beijing: China Architecture & Building Press; 1999."
N-2165,Liu et al. (2025),https://doi.org/10.1021/acs.est.5c05684,Not stated by publisher,"Row with id = 2165 in the ""Database"" sheet of the freely downloadable Supporting Information (SI) at the DOI above.","Yu H, Li GJ. Construction project investment estimation handbook. Beijing: China Architecture & Building Press; 1999."
N-2166,Liu et al. (2025),https://doi.org/10.1021/acs.est.5c05684,Not stated by publisher,"Row with id = 2166 in the ""Database"" sheet of the freely downloadable Supporting Information (SI) at the DOI above.","Yu H, Li GJ. Construction project investment estimation handbook. Beijing: China Architecture & Building Press; 1999."
N-2167,Liu et al. (2025),https://doi.org/10.1021/acs.est.5c05684,Not stated by publisher,"Row with id = 2167 in the ""Database"" sheet of the freely downloadable Supporting Information (SI) at the DOI above.","Yu H, Li GJ. Construction project investment estimation handbook. Beijing: China Architecture & Building Press; 1999."
N-2168,Liu et al. (2025),https://doi.org/10.1021/acs.est.5c05684,Not stated by publisher,"Row with id = 2168 in the ""Database"" sheet of the freely downloadable Supporting Information (SI) at the DOI above.","Yu H, Li GJ. Construction project investment estimation handbook. Beijing: China Architecture & Building Press; 1999."
N-2169,Liu et al. (2025),https://doi.org/10.1021/acs.est.5c05684,Not stated by publisher,"Row with id = 2169 in the ""Database"" sheet of the freely downloadable Supporting Information (SI) at the DOI above.","Yu H, Li GJ. Construction project investment estimation handbook. Beijing: China Architecture & Building Press; 1999."
N-2170,Liu et al. (2025),https://doi.org/10.1021/acs.est.5c05684,Not stated by publisher,"Row with id = 2170 in the ""Database"" sheet of the freely downloadable Supporting Information (SI) at the DOI above.","Yu H, Li GJ. Construction project investment estimation handbook. Beijing: China Architecture & Building Press; 1999."
N-2171,Liu et al. (2025),https://doi.org/10.1021/acs.est.5c05684,Not stated by publisher,"Row with id = 2171 in the ""Database"" sheet of the freely downloadable Supporting Information (SI) at the DOI above.","Yu H, Li GJ. Construction project investment estimation handbook. Beijing: China Architecture & Building Press; 1999."
N-2172,Liu et al. (2025),https://doi.org/10.1021/acs.est.5c05684,Not stated by publisher,"Row with id = 2172 in the ""Database"" sheet of the freely downloadable Supporting Information (SI) at the DOI above.","Yu H, Li GJ. Construction project investment estimation handbook. Beijing: China Architecture & Building Press; 1999."
N-2173,Liu et al. (2025),https://doi.org/10.1021/acs.est.5c05684,Not stated by publisher,"Row with id = 2173 in the ""Database"" sheet of the freely downloadable Supporting Information (SI) at the DOI above.","Yu H, Li GJ. Construction project investment estimation handbook. Beijing: China Architecture & Building Press; 1999."
N-2174,Liu et al. (2025),https://doi.org/10.1021/acs.est.5c05684,Not stated by publisher,"Row with id = 2174 in the ""Database"" sheet of the freely downloadable Supporting Information (SI) at the DOI above.","Yu H, Li GJ. Construction project investment estimation handbook. Beijing: China Architecture & Building Press; 1999."
N-2175,Liu et al. (2025),https://doi.org/10.1021/acs.est.5c05684,Not stated by publisher,"Row with id = 2175 in the ""Database"" sheet of the freely downloadable Supporting Information (SI) at the DOI above.","Yu H, Li GJ. Construction project investment estimation handbook. Beijing: China Architecture & Building Press; 1999."
N-2176,Liu et al. (2025),https://doi.org/10.1021/acs.est.5c05684,Not stated by publisher,"Row with id = 2176 in the ""Database"" sheet of the freely downloadable Supporting Information (SI) at the DOI above.","Yu H, Li GJ. Construction project investment estimation handbook. Beijing: China Architecture & Building Press; 1999."
N-2177,Liu et al. (2025),https://doi.org/10.1021/acs.est.5c05684,Not stated by publisher,"Row with id = 2177 in the ""Database"" sheet of the freely downloadable Supporting Information (SI) at the DOI above.","Yu H, Li GJ. Construction project investment estimation handbook. Beijing: China Architecture & Building Press; 1999."
N-2178,Liu et al. (2025),https://doi.org/10.1021/acs.est.5c05684,Not stated by publisher,"Row with id = 2178 in the ""Database"" sheet of the freely downloadable Supporting Information (SI) at the DOI above.","Yu H, Li GJ. Construction project investment estimation handbook. Beijing: China Architecture & Building Press; 1999."
N-2179,Liu et al. (2025),https://doi.org/10.1021/acs.est.5c05684,Not stated by publisher,"Row with id = 2179 in the ""Database"" sheet of the freely downloadable Supporting Information (SI) at the DOI above.","Yu H, Li GJ. Construction project investment estimation handbook. Beijing: China Architecture & Building Press; 1999."
N-2180,Liu et al. (2025),https://doi.org/10.1021/acs.est.5c05684,Not stated by publisher,"Row with id = 2180 in the ""Database"" sheet of the freely downloadable Supporting Information (SI) at the DOI above.","Yu H, Li GJ. Construction project investment estimation handbook. Beijing: China Architecture & Building Press; 1999."
N-2181,Liu et al. (2025),https://doi.org/10.1021/acs.est.5c05684,Not stated by publisher,"Row with id = 2181 in the ""Database"" sheet of the freely downloadable Supporting Information (SI) at the DOI above.","Yu H, Li GJ. Construction project investment estimation handbook. Beijing: China Architecture & Building Press; 1999."
N-2182,Liu et al. (2025),https://doi.org/10.1021/acs.est.5c05684,Not stated by publisher,"Row with id = 2182 in the ""Database"" sheet of the freely downloadable Supporting Information (SI) at the DOI above.","Yu H, Li GJ. Construction project investment estimation handbook. Beijing: China Architecture & Building Press; 1999."
N-2183,Liu et al. (2025),https://doi.org/10.1021/acs.est.5c05684,Not stated by publisher,"Row with id = 2183 in the ""Database"" sheet of the freely downloadable Supporting Information (SI) at the DOI above.","Yu H, Li GJ. Construction project investment estimation handbook. Beijing: China Architecture & Building Press; 1999."
N-2184,Liu et al. (2025),https://doi.org/10.1021/acs.est.5c05684,Not stated by publisher,"Row with id = 2184 in the ""Database"" sheet of the freely downloadable Supporting Information (SI) at the DOI above.","Yu H, Li GJ. Construction project investment estimation handbook. Beijing: China Architecture & Building Press; 1999."
N-2185,Liu et al. (2025),https://doi.org/10.1021/acs.est.5c05684,Not stated by publisher,"Row with id = 2185 in the ""Database"" sheet of the freely downloadable Supporting Information (SI) at the DOI above.","Yu H, Li GJ. Construction project investment estimation handbook. Beijing: China Architecture & Building Press; 1999."
N-2186,Liu et al. (2025),https://doi.org/10.1021/acs.est.5c05684,Not stated by publisher,"Row with id = 2186 in the ""Database"" sheet of the freely downloadable Supporting Information (SI) at the DOI above.","Yu H, Li GJ. Construction project investment estimation handbook. Beijing: China Architecture & Building Press; 1999."
N-2187,Liu et al. (2025),https://doi.org/10.1021/acs.est.5c05684,Not stated by publisher,"Row with id = 2187 in the ""Database"" sheet of the freely downloadable Supporting Information (SI) at the DOI above.","Yu H, Li GJ. Construction project investment estimation handbook. Beijing: China Architecture & Building Press; 1999."
N-2188,Liu et al. (2025),https://doi.org/10.1021/acs.est.5c05684,Not stated by publisher,"Row with id = 2188 in the ""Database"" sheet of the freely downloadable Supporting Information (SI) at the DOI above.","Yu H, Li GJ. Construction project investment estimation handbook. Beijing: China Architecture & Building Press; 1999."
N-2189,Liu et al. (2025),https://doi.org/10.1021/acs.est.5c05684,Not stated by publisher,"Row with id = 2189 in the ""Database"" sheet of the freely downloadable Supporting Information (SI) at the DOI above.","Yu H, Li GJ. Construction project investment estimation handbook. Beijing: China Architecture & Building Press; 1999."
N-2190,Liu et al. (2025),https://doi.org/10.1021/acs.est.5c05684,Not stated by publisher,"Row with id = 2190 in the ""Database"" sheet of the freely downloadable Supporting Information (SI) at the DOI above.","Yu H, Li GJ. Construction project investment estimation handbook. Beijing: China Architecture & Building Press; 1999."
N-2191,Liu et al. (2025),https://doi.org/10.1021/acs.est.5c05684,Not stated by publisher,"Row with id = 2191 in the ""Database"" sheet of the freely downloadable Supporting Information (SI) at the DOI above.","Yu H, Li GJ. Construction project investment estimation handbook. Beijing: China Architecture & Building Press; 1999."
N-2192,Liu et al. (2025),https://doi.org/10.1021/acs.est.5c05684,Not stated by publisher,"Row with id = 2192 in the ""Database"" sheet of the freely downloadable Supporting Information (SI) at the DOI above.","Yu H, Li GJ. Construction project investment estimation handbook. Beijing: China Architecture & Building Press; 1999."
N-2193,Liu et al. (2025),https://doi.org/10.1021/acs.est.5c05684,Not stated by publisher,"Row with id = 2193 in the ""Database"" sheet of the freely downloadable Supporting Information (SI) at the DOI above.","Yu H, Li GJ. Construction project investment estimation handbook. Beijing: China Architecture & Building Press; 1999."
N-2194,Liu et al. (2025),https://doi.org/10.1021/acs.est.5c05684,Not stated by publisher,"Row with id = 2194 in the ""Database"" sheet of the freely downloadable Supporting Information (SI) at the DOI above.","Yu H, Li GJ. Construction project investment estimation handbook. Beijing: China Architecture & Building Press; 1999."
N-2195,Liu et al. (2025),https://doi.org/10.1021/acs.est.5c05684,Not stated by publisher,"Row with id = 2195 in the ""Database"" sheet of the freely downloadable Supporting Information (SI) at the DOI above.","Yu H, Li GJ. Construction project investment estimation handbook. Beijing: China Architecture & Building Press; 1999."
N-2196,Liu et al. (2025),https://doi.org/10.1021/acs.est.5c05684,Not stated by publisher,"Row with id = 2196 in the ""Database"" sheet of the freely downloadable Supporting Information (SI) at the DOI above.","Yu H, Li GJ. Construction project investment estimation handbook. Beijing: China Architecture & Building Press; 1999."
N-2197,Liu et al. (2025),https://doi.org/10.1021/acs.est.5c05684,Not stated by publisher,"Row with id = 2197 in the ""Database"" sheet of the freely downloadable Supporting Information (SI) at the DOI above.","Yu H, Li GJ. Construction project investment estimation handbook. Beijing: China Architecture & Building Press; 1999."
N-2198,Liu et al. (2025),https://doi.org/10.1021/acs.est.5c05684,Not stated by publisher,"Row with id = 2198 in the ""Database"" sheet of the freely downloadable Supporting Information (SI) at the DOI above.","Yu H, Li GJ. Construction project investment estimation handbook. Beijing: China Architecture & Building Press; 1999."
N-2199,Liu et al. (2025),https://doi.org/10.1021/acs.est.5c05684,Not stated by publisher,"Row with id = 2199 in the ""Database"" sheet of the freely downloadable Supporting Information (SI) at the DOI above.","Yu H, Li GJ. Construction project investment estimation handbook. Beijing: China Architecture & Building Press; 1999."
N-2200,Liu et al. (2025),https://doi.org/10.1021/acs.est.5c05684,Not stated by publisher,"Row with id = 2200 in the ""Database"" sheet of the freely downloadable Supporting Information (SI) at the DOI above.","Yu H, Li GJ. Construction project investment estimation handbook. Beijing: China Architecture & Building Press; 1999."
N-2201,Liu et al. (2025),https://doi.org/10.1021/acs.est.5c05684,Not stated by publisher,"Row with id = 2201 in the ""Database"" sheet of the freely downloadable Supporting Information (SI) at the DOI above.","Yu H, Li GJ. Construction project investment estimation handbook. Beijing: China Architecture & Building Press; 1999."
N-2202,Liu et al. (2025),https://doi.org/10.1021/acs.est.5c05684,Not stated by publisher,"Row with id = 2202 in the ""Database"" sheet of the freely downloadable Supporting Information (SI) at the DOI above.","Yu H, Li GJ. Construction project investment estimation handbook. Beijing: China Architecture & Building Press; 1999."
N-2203,Liu et al. (2025),https://doi.org/10.1021/acs.est.5c05684,Not stated by publisher,"Row with id = 2203 in the ""Database"" sheet of the freely downloadable Supporting Information (SI) at the DOI above.","Yu H, Li GJ. Construction project investment estimation handbook. Beijing: China Architecture & Building Press; 1999."
N-2204,Liu et al. (2025),https://doi.org/10.1021/acs.est.5c05684,Not stated by publisher,"Row with id = 2204 in the ""Database"" sheet of the freely downloadable Supporting Information (SI) at the DOI above.","Yu H, Li GJ. Construction project investment estimation handbook. Beijing: China Architecture & Building Press; 1999."
N-2205,Liu et al. (2025),https://doi.org/10.1021/acs.est.5c05684,Not stated by publisher,"Row with id = 2205 in the ""Database"" sheet of the freely downloadable Supporting Information (SI) at the DOI above.","Yu H, Li GJ. Construction project investment estimation handbook. Beijing: China Architecture & Building Press; 1999."
N-2206,Liu et al. (2025),https://doi.org/10.1021/acs.est.5c05684,Not stated by publisher,"Row with id = 2206 in the ""Database"" sheet of the freely downloadable Supporting Information (SI) at the DOI above.","Yu H, Li GJ. Construction project investment estimation handbook. Beijing: China Architecture & Building Press; 1999."
N-2207,Liu et al. (2025),https://doi.org/10.1021/acs.est.5c05684,Not stated by publisher,"Row with id = 2207 in the ""Database"" sheet of the freely downloadable Supporting Information (SI) at the DOI above.","Yu H, Li GJ. Construction project investment estimation handbook. Beijing: China Architecture & Building Press; 1999."
N-2208,Liu et al. (2025),https://doi.org/10.1021/acs.est.5c05684,Not stated by publisher,"Row with id = 2208 in the ""Database"" sheet of the freely downloadable Supporting Information (SI) at the DOI above.","Yu H, Li GJ. Construction project investment estimation handbook. Beijing: China Architecture & Building Press; 1999."
N-2209,Liu et al. (2025),https://doi.org/10.1021/acs.est.5c05684,Not stated by publisher,"Row with id = 2209 in the ""Database"" sheet of the freely downloadable Supporting Information (SI) at the DOI above.","Yu H, Li GJ. Construction project investment estimation handbook. Beijing: China Architecture & Building Press; 1999."
N-2210,Liu et al. (2025),https://doi.org/10.1021/acs.est.5c05684,Not stated by publisher,"Row with id = 2210 in the ""Database"" sheet of the freely downloadable Supporting Information (SI) at the DOI above.","Yu H, Li GJ. Construction project investment estimation handbook. Beijing: China Architecture & Building Press; 1999."
N-2211,Liu et al. (2025),https://doi.org/10.1021/acs.est.5c05684,Not stated by publisher,"Row with id = 2211 in the ""Database"" sheet of the freely downloadable Supporting Information (SI) at the DOI above.","Yu H, Li GJ. Construction project investment estimation handbook. Beijing: China Architecture & Building Press; 1999."
N-2212,Liu et al. (2025),https://doi.org/10.1021/acs.est.5c05684,Not stated by publisher,"Row with id = 2212 in the ""Database"" sheet of the freely downloadable Supporting Information (SI) at the DOI above.","Yu H, Li GJ. Construction project investment estimation handbook. Beijing: China Architecture & Building Press; 1999."
N-2213,Liu et al. (2025),https://doi.org/10.1021/acs.est.5c05684,Not stated by publisher,"Row with id = 2213 in the ""Database"" sheet of the freely downloadable Supporting Information (SI) at the DOI above.","Yu H, Li GJ. Construction project investment estimation handbook. Beijing: China Architecture & Building Press; 1999."
N-2214,Liu et al. (2025),https://doi.org/10.1021/acs.est.5c05684,Not stated by publisher,"Row with id = 2214 in the ""Database"" sheet of the freely downloadable Supporting Information (SI) at the DOI above.","Yu H, Li GJ. Construction project investment estimation handbook. Beijing: China Architecture & Building Press; 1999."
N-2215,Liu et al. (2025),https://doi.org/10.1021/acs.est.5c05684,Not stated by publisher,"Row with id = 2215 in the ""Database"" sheet of the freely downloadable Supporting Information (SI) at the DOI above.","Yu H, Li GJ. Construction project investment estimation handbook. Beijing: China Architecture & Building Press; 1999."
N-2216,Liu et al. (2025),https://doi.org/10.1021/acs.est.5c05684,Not stated by publisher,"Row with id = 2216 in the ""Database"" sheet of the freely downloadable Supporting Information (SI) at the DOI above.","Yu H, Li GJ. Construction project investment estimation handbook. Beijing: China Architecture & Building Press; 1999."
N-2217,Liu et al. (2025),https://doi.org/10.1021/acs.est.5c05684,Not stated by publisher,"Row with id = 2217 in the ""Database"" sheet of the freely downloadable Supporting Information (SI) at the DOI above.","Yu H, Li GJ. Construction project investment estimation handbook. Beijing: China Architecture & Building Press; 1999."
N-2218,Liu et al. (2025),https://doi.org/10.1021/acs.est.5c05684,Not stated by publisher,"Row with id = 2218 in the ""Database"" sheet of the freely downloadable Supporting Information (SI) at the DOI above.","Yu H, Li GJ. Construction project investment estimation handbook. Beijing: China Architecture & Building Press; 1999."
N-2219,Liu et al. (2025),https://doi.org/10.1021/acs.est.5c05684,Not stated by publisher,"Row with id = 2219 in the ""Database"" sheet of the freely downloadable Supporting Information (SI) at the DOI above.","Yu H, Li GJ. Construction project investment estimation handbook. Beijing: China Architecture & Building Press; 1999."
N-2220,Liu et al. (2025),https://doi.org/10.1021/acs.est.5c05684,Not stated by publisher,"Row with id = 2220 in the ""Database"" sheet of the freely downloadable Supporting Information (SI) at the DOI above.","Yu H, Li GJ. Construction project investment estimation handbook. Beijing: China Architecture & Building Press; 1999."
N-2221,Liu et al. (2025),https://doi.org/10.1021/acs.est.5c05684,Not stated by publisher,"Row with id = 2221 in the ""Database"" sheet of the freely downloadable Supporting Information (SI) at the DOI above.","Yu H, Li GJ. Construction project investment estimation handbook. Beijing: China Architecture & Building Press; 1999."
N-2222,Liu et al. (2025),https://doi.org/10.1021/acs.est.5c05684,Not stated by publisher,"Row with id = 2222 in the ""Database"" sheet of the freely downloadable Supporting Information (SI) at the DOI above.","Yu H, Li GJ. Construction project investment estimation handbook. Beijing: China Architecture & Building Press; 1999."
N-2223,Liu et al. (2025),https://doi.org/10.1021/acs.est.5c05684,Not stated by publisher,"Row with id = 2223 in the ""Database"" sheet of the freely downloadable Supporting Information (SI) at the DOI above.","Yu H, Li GJ. Construction project investment estimation handbook. Beijing: China Architecture & Building Press; 1999."
N-2224,Liu et al. (2025),https://doi.org/10.1021/acs.est.5c05684,Not stated by publisher,"Row with id = 2224 in the ""Database"" sheet of the freely downloadable Supporting Information (SI) at the DOI above.","Yu H, Li GJ. Construction project investment estimation handbook. Beijing: China Architecture & Building Press; 1999."
N-2225,Liu et al. (2025),https://doi.org/10.1021/acs.est.5c05684,Not stated by publisher,"Row with id = 2225 in the ""Database"" sheet of the freely downloadable Supporting Information (SI) at the DOI above.","Yu H, Li GJ. Construction project investment estimation handbook. Beijing: China Architecture & Building Press; 1999."
N-2226,Liu et al. (2025),https://doi.org/10.1021/acs.est.5c05684,Not stated by publisher,"Row with id = 2226 in the ""Database"" sheet of the freely downloadable Supporting Information (SI) at the DOI above.","Yu H, Li GJ. Construction project investment estimation handbook. Beijing: China Architecture & Building Press; 1999."
N-2227,Liu et al. (2025),https://doi.org/10.1021/acs.est.5c05684,Not stated by publisher,"Row with id = 2227 in the ""Database"" sheet of the freely downloadable Supporting Information (SI) at the DOI above.","Yu H, Li GJ. Construction project investment estimation handbook. Beijing: China Architecture & Building Press; 1999."
N-2228,Liu et al. (2025),https://doi.org/10.1021/acs.est.5c05684,Not stated by publisher,"Row with id = 2228 in the ""Database"" sheet of the freely downloadable Supporting Information (SI) at the DOI above.","Yu H, Li GJ. Construction project investment estimation handbook. Beijing: China Architecture & Building Press; 1999."
N-2229,Liu et al. (2025),https://doi.org/10.1021/acs.est.5c05684,Not stated by publisher,"Row with id = 2229 in the ""Database"" sheet of the freely downloadable Supporting Information (SI) at the DOI above.","Yu H, Li GJ. Construction project investment estimation handbook. Beijing: China Architecture & Building Press; 1999."
N-2230,Liu et al. (2025),https://doi.org/10.1021/acs.est.5c05684,Not stated by publisher,"Row with id = 2230 in the ""Database"" sheet of the freely downloadable Supporting Information (SI) at the DOI above.","Yu H, Li GJ. Construction project investment estimation handbook. Beijing: China Architecture & Building Press; 1999."
N-2231,Liu et al. (2025),https://doi.org/10.1021/acs.est.5c05684,Not stated by publisher,"Row with id = 2231 in the ""Database"" sheet of the freely downloadable Supporting Information (SI) at the DOI above.","Yu H, Li GJ. Construction project investment estimation handbook. Beijing: China Architecture & Building Press; 1999."
N-2232,Liu et al. (2025),https://doi.org/10.1021/acs.est.5c05684,Not stated by publisher,"Row with id = 2232 in the ""Database"" sheet of the freely downloadable Supporting Information (SI) at the DOI above.","Yu H, Li GJ. Construction project investment estimation handbook. Beijing: China Architecture & Building Press; 1999."
N-2233,Liu et al. (2025),https://doi.org/10.1021/acs.est.5c05684,Not stated by publisher,"Row with id = 2233 in the ""Database"" sheet of the freely downloadable Supporting Information (SI) at the DOI above.","Yu H, Li GJ. Construction project investment estimation handbook. Beijing: China Architecture & Building Press; 1999."
N-2234,Liu et al. (2025),https://doi.org/10.1021/acs.est.5c05684,Not stated by publisher,"Row with id = 2234 in the ""Database"" sheet of the freely downloadable Supporting Information (SI) at the DOI above.","Yu H, Li GJ. Construction project investment estimation handbook. Beijing: China Architecture & Building Press; 1999."
N-2235,Liu et al. (2025),https://doi.org/10.1021/acs.est.5c05684,Not stated by publisher,"Row with id = 2235 in the ""Database"" sheet of the freely downloadable Supporting Information (SI) at the DOI above.","Yu H, Li GJ. Construction project investment estimation handbook. Beijing: China Architecture & Building Press; 1999."
N-2236,Liu et al. (2025),https://doi.org/10.1021/acs.est.5c05684,Not stated by publisher,"Row with id = 2236 in the ""Database"" sheet of the freely downloadable Supporting Information (SI) at the DOI above.","Yu H, Li GJ. Construction project investment estimation handbook. Beijing: China Architecture & Building Press; 1999."
N-2237,Liu et al. (2025),https://doi.org/10.1021/acs.est.5c05684,Not stated by publisher,"Row with id = 2237 in the ""Database"" sheet of the freely downloadable Supporting Information (SI) at the DOI above.","Yu H, Li GJ. Construction project investment estimation handbook. Beijing: China Architecture & Building Press; 1999."
N-2238,Liu et al. (2025),https://doi.org/10.1021/acs.est.5c05684,Not stated by publisher,"Row with id = 2238 in the ""Database"" sheet of the freely downloadable Supporting Information (SI) at the DOI above.","Yu H, Li GJ. Construction project investment estimation handbook. Beijing: China Architecture & Building Press; 1999."
N-2239,Liu et al. (2025),https://doi.org/10.1021/acs.est.5c05684,Not stated by publisher,"Row with id = 2239 in the ""Database"" sheet of the freely downloadable Supporting Information (SI) at the DOI above.","Yu H, Li GJ. Construction project investment estimation handbook. Beijing: China Architecture & Building Press; 1999."
N-2240,Liu et al. (2025),https://doi.org/10.1021/acs.est.5c05684,Not stated by publisher,"Row with id = 2240 in the ""Database"" sheet of the freely downloadable Supporting Information (SI) at the DOI above.","Yu H, Li GJ. Construction project investment estimation handbook. Beijing: China Architecture & Building Press; 1999."
N-2241,Liu et al. (2025),https://doi.org/10.1021/acs.est.5c05684,Not stated by publisher,"Row with id = 2241 in the ""Database"" sheet of the freely downloadable Supporting Information (SI) at the DOI above.","Yu H, Li GJ. Construction project investment estimation handbook. Beijing: China Architecture & Building Press; 1999."
N-2242,Liu et al. (2025),https://doi.org/10.1021/acs.est.5c05684,Not stated by publisher,"Row with id = 2242 in the ""Database"" sheet of the freely downloadable Supporting Information (SI) at the DOI above.","Yu H, Li GJ. Construction project investment estimation handbook. Beijing: China Architecture & Building Press; 1999."
N-2243,Liu et al. (2025),https://doi.org/10.1021/acs.est.5c05684,Not stated by publisher,"Row with id = 2243 in the ""Database"" sheet of the freely downloadable Supporting Information (SI) at the DOI above.","Yu H, Li GJ. Construction project investment estimation handbook. Beijing: China Architecture & Building Press; 1999."
N-2244,Liu et al. (2025),https://doi.org/10.1021/acs.est.5c05684,Not stated by publisher,"Row with id = 2244 in the ""Database"" sheet of the freely downloadable Supporting Information (SI) at the DOI above.","Yu H, Li GJ. Construction project investment estimation handbook. Beijing: China Architecture & Building Press; 1999."
N-2245,Liu et al. (2025),https://doi.org/10.1021/acs.est.5c05684,Not stated by publisher,"Row with id = 2245 in the ""Database"" sheet of the freely downloadable Supporting Information (SI) at the DOI above.","Yu H, Li GJ. Construction project investment estimation handbook. Beijing: China Architecture & Building Press; 1999."
N-2246,Liu et al. (2025),https://doi.org/10.1021/acs.est.5c05684,Not stated by publisher,"Row with id = 2246 in the ""Database"" sheet of the freely downloadable Supporting Information (SI) at the DOI above.","Yu H, Li GJ. Construction project investment estimation handbook. Beijing: China Architecture & Building Press; 1999."
N-2247,Liu et al. (2025),https://doi.org/10.1021/acs.est.5c05684,Not stated by publisher,"Row with id = 2247 in the ""Database"" sheet of the freely downloadable Supporting Information (SI) at the DOI above.","Yu H, Li GJ. Construction project investment estimation handbook. Beijing: China Architecture & Building Press; 1999."
N-2248,Liu et al. (2025),https://doi.org/10.1021/acs.est.5c05684,Not stated by publisher,"Row with id = 2248 in the ""Database"" sheet of the freely downloadable Supporting Information (SI) at the DOI above.","Yu H, Li GJ. Construction project investment estimation handbook. Beijing: China Architecture & Building Press; 1999."
N-2249,Liu et al. (2025),https://doi.org/10.1021/acs.est.5c05684,Not stated by publisher,"Row with id = 2249 in the ""Database"" sheet of the freely downloadable Supporting Information (SI) at the DOI above.","Yu H, Li GJ. Construction project investment estimation handbook. Beijing: China Architecture & Building Press; 1999."
N-2251,Liu et al. (2025),https://doi.org/10.1021/acs.est.5c05684,Not stated by publisher,"Row with id = 2251 in the ""Database"" sheet of the freely downloadable Supporting Information (SI) at the DOI above.",Li Ling.Latest housing construction valuation handbook. Beijing: China Statistics Press; 2002.
N-2252,Liu et al. (2025),https://doi.org/10.1021/acs.est.5c05684,Not stated by publisher,"Row with id = 2252 in the ""Database"" sheet of the freely downloadable Supporting Information (SI) at the DOI above.",Li Ling.Latest housing construction valuation handbook. Beijing: China Statistics Press; 2002.
N-2253,Liu et al. (2025),https://doi.org/10.1021/acs.est.5c05684,Not stated by publisher,"Row with id = 2253 in the ""Database"" sheet of the freely downloadable Supporting Information (SI) at the DOI above.",Li Ling.Latest housing construction valuation handbook. Beijing: China Statistics Press; 2002.
N-2254,Liu et al. (2025),https://doi.org/10.1021/acs.est.5c05684,Not stated by publisher,"Row with id = 2254 in the ""Database"" sheet of the freely downloadable Supporting Information (SI) at the DOI above.",Li Ling.Latest housing construction valuation handbook. Beijing: China Statistics Press; 2002.
N-2255,Liu et al. (2025),https://doi.org/10.1021/acs.est.5c05684,Not stated by publisher,"Row with id = 2255 in the ""Database"" sheet of the freely downloadable Supporting Information (SI) at the DOI above.",Li Ling.Latest housing construction valuation handbook. Beijing: China Statistics Press; 2002.
N-2256,Liu et al. (2025),https://doi.org/10.1021/acs.est.5c05684,Not stated by publisher,"Row with id = 2256 in the ""Database"" sheet of the freely downloadable Supporting Information (SI) at the DOI above.",Li Ling.Latest housing construction valuation handbook. Beijing: China Statistics Press; 2002.
N-2257,Liu et al. (2025),https://doi.org/10.1021/acs.est.5c05684,Not stated by publisher,"Row with id = 2257 in the ""Database"" sheet of the freely downloadable Supporting Information (SI) at the DOI above.",Li Ling.Latest housing construction valuation handbook. Beijing: China Statistics Press; 2002.
N-2258,Liu et al. (2025),https://doi.org/10.1021/acs.est.5c05684,Not stated by publisher,"Row with id = 2258 in the ""Database"" sheet of the freely downloadable Supporting Information (SI) at the DOI above.",Li Ling.Latest housing construction valuation handbook. Beijing: China Statistics Press; 2002.
N-2259,Liu et al. (2025),https://doi.org/10.1021/acs.est.5c05684,Not stated by publisher,"Row with id = 2259 in the ""Database"" sheet of the freely downloadable Supporting Information (SI) at the DOI above.",Li Ling.Latest housing construction valuation handbook. Beijing: China Statistics Press; 2002.
N-2260,Liu et al. (2025),https://doi.org/10.1021/acs.est.5c05684,Not stated by publisher,"Row with id = 2260 in the ""Database"" sheet of the freely downloadable Supporting Information (SI) at the DOI above.",Li Ling.Latest housing construction valuation handbook. Beijing: China Statistics Press; 2002.
N-2261,Liu et al. (2025),https://doi.org/10.1021/acs.est.5c05684,Not stated by publisher,"Row with id = 2261 in the ""Database"" sheet of the freely downloadable Supporting Information (SI) at the DOI above.",Li Ling.Latest housing construction valuation handbook. Beijing: China Statistics Press; 2002.
N-2262,Liu et al. (2025),https://doi.org/10.1021/acs.est.5c05684,Not stated by publisher,"Row with id = 2262 in the ""Database"" sheet of the freely downloadable Supporting Information (SI) at the DOI above.",Li Ling.Latest housing construction valuation handbook. Beijing: China Statistics Press; 2002.
N-2263,Liu et al. (2025),https://doi.org/10.1021/acs.est.5c05684,Not stated by publisher,"Row with id = 2263 in the ""Database"" sheet of the freely downloadable Supporting Information (SI) at the DOI above.",Li Ling.Latest housing construction valuation handbook. Beijing: China Statistics Press; 2002.
N-2264,Liu et al. (2025),https://doi.org/10.1021/acs.est.5c05684,Not stated by publisher,"Row with id = 2264 in the ""Database"" sheet of the freely downloadable Supporting Information (SI) at the DOI above.",Li Ling.Latest housing construction valuation handbook. Beijing: China Statistics Press; 2002.
N-2265,Liu et al. (2025),https://doi.org/10.1021/acs.est.5c05684,Not stated by publisher,"Row with id = 2265 in the ""Database"" sheet of the freely downloadable Supporting Information (SI) at the DOI above.",Li Ling.Latest housing construction valuation handbook. Beijing: China Statistics Press; 2002.
N-2266,Liu et al. (2025),https://doi.org/10.1021/acs.est.5c05684,Not stated by publisher,"Row with id = 2266 in the ""Database"" sheet of the freely downloadable Supporting Information (SI) at the DOI above.",Li Ling.Latest housing construction valuation handbook. Beijing: China Statistics Press; 2002.
N-2267,Liu et al. (2025),https://doi.org/10.1021/acs.est.5c05684,Not stated by publisher,"Row with id = 2267 in the ""Database"" sheet of the freely downloadable Supporting Information (SI) at the DOI above.",Li Ling.Latest housing construction valuation handbook. Beijing: China Statistics Press; 2002.
N-2268,Liu et al. (2025),https://doi.org/10.1021/acs.est.5c05684,Not stated by publisher,"Row with id = 2268 in the ""Database"" sheet of the freely downloadable Supporting Information (SI) at the DOI above.",Li Ling.Latest housing construction valuation handbook. Beijing: China Statistics Press; 2002.
N-2269,Liu et al. (2025),https://doi.org/10.1021/acs.est.5c05684,Not stated by publisher,"Row with id = 2269 in the ""Database"" sheet of the freely downloadable Supporting Information (SI) at the DOI above.",Li Ling.Latest housing construction valuation handbook. Beijing: China Statistics Press; 2002.
N-2270,Liu et al. (2025),https://doi.org/10.1021/acs.est.5c05684,Not stated by publisher,"Row with id = 2270 in the ""Database"" sheet of the freely downloadable Supporting Information (SI) at the DOI above.",Li Ling.Latest housing construction valuation handbook. Beijing: China Statistics Press; 2002.
N-2272,Liu et al. (2025),https://doi.org/10.1021/acs.est.5c05684,Not stated by publisher,"Row with id = 2272 in the ""Database"" sheet of the freely downloadable Supporting Information (SI) at the DOI above.",Li Ling.Latest housing construction valuation handbook. Beijing: China Statistics Press; 2002.
N-2273,Liu et al. (2025),https://doi.org/10.1021/acs.est.5c05684,Not stated by publisher,"Row with id = 2273 in the ""Database"" sheet of the freely downloadable Supporting Information (SI) at the DOI above.",Li Ling.Latest housing construction valuation handbook. Beijing: China Statistics Press; 2002.
N-2274,Liu et al. (2025),https://doi.org/10.1021/acs.est.5c05684,Not stated by publisher,"Row with id = 2274 in the ""Database"" sheet of the freely downloadable Supporting Information (SI) at the DOI above.",Li Ling.Latest housing construction valuation handbook. Beijing: China Statistics Press; 2002.
N-2275,Liu et al. (2025),https://doi.org/10.1021/acs.est.5c05684,Not stated by publisher,"Row with id = 2275 in the ""Database"" sheet of the freely downloadable Supporting Information (SI) at the DOI above.",Li Ling.Latest housing construction valuation handbook. Beijing: China Statistics Press; 2002.
N-2277,Liu et al. (2025),https://doi.org/10.1021/acs.est.5c05684,Not stated by publisher,"Row with id = 2277 in the ""Database"" sheet of the freely downloadable Supporting Information (SI) at the DOI above.",Li Ling.Latest housing construction valuation handbook. Beijing: China Statistics Press; 2002.
N-2278,Liu et al. (2025),https://doi.org/10.1021/acs.est.5c05684,Not stated by publisher,"Row with id = 2278 in the ""Database"" sheet of the freely downloadable Supporting Information (SI) at the DOI above.",Li Ling.Latest housing construction valuation handbook. Beijing: China Statistics Press; 2002.
N-2279,Liu et al. (2025),https://doi.org/10.1021/acs.est.5c05684,Not stated by publisher,"Row with id = 2279 in the ""Database"" sheet of the freely downloadable Supporting Information (SI) at the DOI above.",Li Ling.Latest housing construction valuation handbook. Beijing: China Statistics Press; 2002.
N-2280,Liu et al. (2025),https://doi.org/10.1021/acs.est.5c05684,Not stated by publisher,"Row with id = 2280 in the ""Database"" sheet of the freely downloadable Supporting Information (SI) at the DOI above.",Li Ling.Latest housing construction valuation handbook. Beijing: China Statistics Press; 2002.
N-2281,Liu et al. (2025),https://doi.org/10.1021/acs.est.5c05684,Not stated by publisher,"Row with id = 2281 in the ""Database"" sheet of the freely downloadable Supporting Information (SI) at the DOI above.",Li Ling.Latest housing construction valuation handbook. Beijing: China Statistics Press; 2002.
N-2282,Liu et al. (2025),https://doi.org/10.1021/acs.est.5c05684,Not stated by publisher,"Row with id = 2282 in the ""Database"" sheet of the freely downloadable Supporting Information (SI) at the DOI above.",Li Ling.Latest housing construction valuation handbook. Beijing: China Statistics Press; 2002.
N-2283,Liu et al. (2025),https://doi.org/10.1021/acs.est.5c05684,Not stated by publisher,"Row with id = 2283 in the ""Database"" sheet of the freely downloadable Supporting Information (SI) at the DOI above.",Li Ling.Latest housing construction valuation handbook. Beijing: China Statistics Press; 2002.
N-2284,Liu et al. (2025),https://doi.org/10.1021/acs.est.5c05684,Not stated by publisher,"Row with id = 2284 in the ""Database"" sheet of the freely downloadable Supporting Information (SI) at the DOI above.",Li Ling.Latest housing construction valuation handbook. Beijing: China Statistics Press; 2002.
N-2285,Liu et al. (2025),https://doi.org/10.1021/acs.est.5c05684,Not stated by publisher,"Row with id = 2285 in the ""Database"" sheet of the freely downloadable Supporting Information (SI) at the DOI above.",Li Ling.Latest housing construction valuation handbook. Beijing: China Statistics Press; 2002.
N-2286,Liu et al. (2025),https://doi.org/10.1021/acs.est.5c05684,Not stated by publisher,"Row with id = 2286 in the ""Database"" sheet of the freely downloadable Supporting Information (SI) at the DOI above.",Li Ling.Latest housing construction valuation handbook. Beijing: China Statistics Press; 2002.
N-2287,Liu et al. (2025),https://doi.org/10.1021/acs.est.5c05684,Not stated by publisher,"Row with id = 2287 in the ""Database"" sheet of the freely downloadable Supporting Information (SI) at the DOI above.",Li Ling.Latest housing construction valuation handbook. Beijing: China Statistics Press; 2002.
N-2288,Liu et al. (2025),https://doi.org/10.1021/acs.est.5c05684,Not stated by publisher,"Row with id = 2288 in the ""Database"" sheet of the freely downloadable Supporting Information (SI) at the DOI above.",Li Ling.Latest housing construction valuation handbook. Beijing: China Statistics Press; 2002.
N-2289,Liu et al. (2025),https://doi.org/10.1021/acs.est.5c05684,Not stated by publisher,"Row with id = 2289 in the ""Database"" sheet of the freely downloadable Supporting Information (SI) at the DOI above.",Li Ling.Latest housing construction valuation handbook. Beijing: China Statistics Press; 2002.
N-2290,Liu et al. (2025),https://doi.org/10.1021/acs.est.5c05684,Not stated by publisher,"Row with id = 2290 in the ""Database"" sheet of the freely downloadable Supporting Information (SI) at the DOI above.",Li Ling.Latest housing construction valuation handbook. Beijing: China Statistics Press; 2002.
N-2291,Liu et al. (2025),https://doi.org/10.1021/acs.est.5c05684,Not stated by publisher,"Row with id = 2291 in the ""Database"" sheet of the freely downloadable Supporting Information (SI) at the DOI above.",Li Ling.Latest housing construction valuation handbook. Beijing: China Statistics Press; 2002.
N-2292,Liu et al. (2025),https://doi.org/10.1021/acs.est.5c05684,Not stated by publisher,"Row with id = 2292 in the ""Database"" sheet of the freely downloadable Supporting Information (SI) at the DOI above.",Li Ling.Latest housing construction valuation handbook. Beijing: China Statistics Press; 2002.
N-2293,Liu et al. (2025),https://doi.org/10.1021/acs.est.5c05684,Not stated by publisher,"Row with id = 2293 in the ""Database"" sheet of the freely downloadable Supporting Information (SI) at the DOI above.",Li Ling.Latest housing construction valuation handbook. Beijing: China Statistics Press; 2002.
N-2294,Liu et al. (2025),https://doi.org/10.1021/acs.est.5c05684,Not stated by publisher,"Row with id = 2294 in the ""Database"" sheet of the freely downloadable Supporting Information (SI) at the DOI above.",Li Ling.Latest housing construction valuation handbook. Beijing: China Statistics Press; 2002.
N-2295,Liu et al. (2025),https://doi.org/10.1021/acs.est.5c05684,Not stated by publisher,"Row with id = 2295 in the ""Database"" sheet of the freely downloadable Supporting Information (SI) at the DOI above.",Li Ling.Latest housing construction valuation handbook. Beijing: China Statistics Press; 2002.
N-2296,Liu et al. (2025),https://doi.org/10.1021/acs.est.5c05684,Not stated by publisher,"Row with id = 2296 in the ""Database"" sheet of the freely downloadable Supporting Information (SI) at the DOI above.",Li Ling.Latest housing construction valuation handbook. Beijing: China Statistics Press; 2002.
N-2297,Liu et al. (2025),https://doi.org/10.1021/acs.est.5c05684,Not stated by publisher,"Row with id = 2297 in the ""Database"" sheet of the freely downloadable Supporting Information (SI) at the DOI above.",Li Ling.Latest housing construction valuation handbook. Beijing: China Statistics Press; 2002.
N-2298,Liu et al. (2025),https://doi.org/10.1021/acs.est.5c05684,Not stated by publisher,"Row with id = 2298 in the ""Database"" sheet of the freely downloadable Supporting Information (SI) at the DOI above.",Li Ling.Latest housing construction valuation handbook. Beijing: China Statistics Press; 2002.
N-2299,Liu et al. (2025),https://doi.org/10.1021/acs.est.5c05684,Not stated by publisher,"Row with id = 2299 in the ""Database"" sheet of the freely downloadable Supporting Information (SI) at the DOI above.",Li Ling.Latest housing construction valuation handbook. Beijing: China Statistics Press; 2002.
N-2300,Liu et al. (2025),https://doi.org/10.1021/acs.est.5c05684,Not stated by publisher,"Row with id = 2300 in the ""Database"" sheet of the freely downloadable Supporting Information (SI) at the DOI above.",Li Ling.Latest housing construction valuation handbook. Beijing: China Statistics Press; 2002.
N-2301,Liu et al. (2025),https://doi.org/10.1021/acs.est.5c05684,Not stated by publisher,"Row with id = 2301 in the ""Database"" sheet of the freely downloadable Supporting Information (SI) at the DOI above.",Li Ling.Latest housing construction valuation handbook. Beijing: China Statistics Press; 2002.
N-2302,Liu et al. (2025),https://doi.org/10.1021/acs.est.5c05684,Not stated by publisher,"Row with id = 2302 in the ""Database"" sheet of the freely downloadable Supporting Information (SI) at the DOI above.",Li Ling.Latest housing construction valuation handbook. Beijing: China Statistics Press; 2002.
N-2303,Liu et al. (2025),https://doi.org/10.1021/acs.est.5c05684,Not stated by publisher,"Row with id = 2303 in the ""Database"" sheet of the freely downloadable Supporting Information (SI) at the DOI above.",Li Ling.Latest housing construction valuation handbook. Beijing: China Statistics Press; 2002.
N-2304,Liu et al. (2025),https://doi.org/10.1021/acs.est.5c05684,Not stated by publisher,"Row with id = 2304 in the ""Database"" sheet of the freely downloadable Supporting Information (SI) at the DOI above.",Li Ling.Latest housing construction valuation handbook. Beijing: China Statistics Press; 2002.
N-2305,Liu et al. (2025),https://doi.org/10.1021/acs.est.5c05684,Not stated by publisher,"Row with id = 2305 in the ""Database"" sheet of the freely downloadable Supporting Information (SI) at the DOI above.",Li Ling.Latest housing construction valuation handbook. Beijing: China Statistics Press; 2002.
N-2306,Liu et al. (2025),https://doi.org/10.1021/acs.est.5c05684,Not stated by publisher,"Row with id = 2306 in the ""Database"" sheet of the freely downloadable Supporting Information (SI) at the DOI above.",Li Ling.Latest housing construction valuation handbook. Beijing: China Statistics Press; 2002.
N-2307,Liu et al. (2025),https://doi.org/10.1021/acs.est.5c05684,Not stated by publisher,"Row with id = 2307 in the ""Database"" sheet of the freely downloadable Supporting Information (SI) at the DOI above.",Li Ling.Latest housing construction valuation handbook. Beijing: China Statistics Press; 2002.
N-2308,Liu et al. (2025),https://doi.org/10.1021/acs.est.5c05684,Not stated by publisher,"Row with id = 2308 in the ""Database"" sheet of the freely downloadable Supporting Information (SI) at the DOI above.",Li Ling.Latest housing construction valuation handbook. Beijing: China Statistics Press; 2002.
N-2309,Liu et al. (2025),https://doi.org/10.1021/acs.est.5c05684,Not stated by publisher,"Row with id = 2309 in the ""Database"" sheet of the freely downloadable Supporting Information (SI) at the DOI above.",Li Ling.Latest housing construction valuation handbook. Beijing: China Statistics Press; 2002.
N-2310,Liu et al. (2025),https://doi.org/10.1021/acs.est.5c05684,Not stated by publisher,"Row with id = 2310 in the ""Database"" sheet of the freely downloadable Supporting Information (SI) at the DOI above.",Li Ling.Latest housing construction valuation handbook. Beijing: China Statistics Press; 2002.
N-2311,Liu et al. (2025),https://doi.org/10.1021/acs.est.5c05684,Not stated by publisher,"Row with id = 2311 in the ""Database"" sheet of the freely downloadable Supporting Information (SI) at the DOI above.",Li Ling.Latest housing construction valuation handbook. Beijing: China Statistics Press; 2002.
N-2312,Liu et al. (2025),https://doi.org/10.1021/acs.est.5c05684,Not stated by publisher,"Row with id = 2312 in the ""Database"" sheet of the freely downloadable Supporting Information (SI) at the DOI above.",Li Ling.Latest housing construction valuation handbook. Beijing: China Statistics Press; 2002.
N-2313,Liu et al. (2025),https://doi.org/10.1021/acs.est.5c05684,Not stated by publisher,"Row with id = 2313 in the ""Database"" sheet of the freely downloadable Supporting Information (SI) at the DOI above.",Li Ling.Latest housing construction valuation handbook. Beijing: China Statistics Press; 2002.
N-2314,Liu et al. (2025),https://doi.org/10.1021/acs.est.5c05684,Not stated by publisher,"Row with id = 2314 in the ""Database"" sheet of the freely downloadable Supporting Information (SI) at the DOI above.",Li Ling.Latest housing construction valuation handbook. Beijing: China Statistics Press; 2002.
N-2316,Liu et al. (2025),https://doi.org/10.1021/acs.est.5c05684,Not stated by publisher,"Row with id = 2316 in the ""Database"" sheet of the freely downloadable Supporting Information (SI) at the DOI above.",Li Ling.Latest housing construction valuation handbook. Beijing: China Statistics Press; 2002.
N-2317,Liu et al. (2025),https://doi.org/10.1021/acs.est.5c05684,Not stated by publisher,"Row with id = 2317 in the ""Database"" sheet of the freely downloadable Supporting Information (SI) at the DOI above.",Li Ling.Latest housing construction valuation handbook. Beijing: China Statistics Press; 2002.
N-2318,Liu et al. (2025),https://doi.org/10.1021/acs.est.5c05684,Not stated by publisher,"Row with id = 2318 in the ""Database"" sheet of the freely downloadable Supporting Information (SI) at the DOI above.",Li Ling.Latest housing construction valuation handbook. Beijing: China Statistics Press; 2002.
N-2319,Liu et al. (2025),https://doi.org/10.1021/acs.est.5c05684,Not stated by publisher,"Row with id = 2319 in the ""Database"" sheet of the freely downloadable Supporting Information (SI) at the DOI above.",Li Ling.Latest housing construction valuation handbook. Beijing: China Statistics Press; 2002.
N-2320,Liu et al. (2025),https://doi.org/10.1021/acs.est.5c05684,Not stated by publisher,"Row with id = 2320 in the ""Database"" sheet of the freely downloadable Supporting Information (SI) at the DOI above.",Li Ling.Latest housing construction valuation handbook. Beijing: China Statistics Press; 2002.
N-2321,Liu et al. (2025),https://doi.org/10.1021/acs.est.5c05684,Not stated by publisher,"Row with id = 2321 in the ""Database"" sheet of the freely downloadable Supporting Information (SI) at the DOI above.",Li Ling.Latest housing construction valuation handbook. Beijing: China Statistics Press; 2002.
N-2322,Liu et al. (2025),https://doi.org/10.1021/acs.est.5c05684,Not stated by publisher,"Row with id = 2322 in the ""Database"" sheet of the freely downloadable Supporting Information (SI) at the DOI above.",Li Ling.Latest housing construction valuation handbook. Beijing: China Statistics Press; 2002.
N-2323,Liu et al. (2025),https://doi.org/10.1021/acs.est.5c05684,Not stated by publisher,"Row with id = 2323 in the ""Database"" sheet of the freely downloadable Supporting Information (SI) at the DOI above.",Li Ling.Latest housing construction valuation handbook. Beijing: China Statistics Press; 2002.
N-2324,Liu et al. (2025),https://doi.org/10.1021/acs.est.5c05684,Not stated by publisher,"Row with id = 2324 in the ""Database"" sheet of the freely downloadable Supporting Information (SI) at the DOI above.",Li Ling.Latest housing construction valuation handbook. Beijing: China Statistics Press; 2002.
N-2325,Liu et al. (2025),https://doi.org/10.1021/acs.est.5c05684,Not stated by publisher,"Row with id = 2325 in the ""Database"" sheet of the freely downloadable Supporting Information (SI) at the DOI above.",Li Ling.Latest housing construction valuation handbook. Beijing: China Statistics Press; 2002.
N-2326,Liu et al. (2025),https://doi.org/10.1021/acs.est.5c05684,Not stated by publisher,"Row with id = 2326 in the ""Database"" sheet of the freely downloadable Supporting Information (SI) at the DOI above.",Li Ling.Latest housing construction valuation handbook. Beijing: China Statistics Press; 2002.
N-2327,Liu et al. (2025),https://doi.org/10.1021/acs.est.5c05684,Not stated by publisher,"Row with id = 2327 in the ""Database"" sheet of the freely downloadable Supporting Information (SI) at the DOI above.",Li Ling.Latest housing construction valuation handbook. Beijing: China Statistics Press; 2002.
N-2328,Liu et al. (2025),https://doi.org/10.1021/acs.est.5c05684,Not stated by publisher,"Row with id = 2328 in the ""Database"" sheet of the freely downloadable Supporting Information (SI) at the DOI above.",Li Ling.Latest housing construction valuation handbook. Beijing: China Statistics Press; 2002.
N-2329,Liu et al. (2025),https://doi.org/10.1021/acs.est.5c05684,Not stated by publisher,"Row with id = 2329 in the ""Database"" sheet of the freely downloadable Supporting Information (SI) at the DOI above.",Li Ling.Latest housing construction valuation handbook. Beijing: China Statistics Press; 2002.
N-2330,Liu et al. (2025),https://doi.org/10.1021/acs.est.5c05684,Not stated by publisher,"Row with id = 2330 in the ""Database"" sheet of the freely downloadable Supporting Information (SI) at the DOI above.",Li Ling.Latest housing construction valuation handbook. Beijing: China Statistics Press; 2002.
N-2331,Liu et al. (2025),https://doi.org/10.1021/acs.est.5c05684,Not stated by publisher,"Row with id = 2331 in the ""Database"" sheet of the freely downloadable Supporting Information (SI) at the DOI above.",Li Ling.Latest housing construction valuation handbook. Beijing: China Statistics Press; 2002.
N-2332,Liu et al. (2025),https://doi.org/10.1021/acs.est.5c05684,Not stated by publisher,"Row with id = 2332 in the ""Database"" sheet of the freely downloadable Supporting Information (SI) at the DOI above.",Li Ling.Latest housing construction valuation handbook. Beijing: China Statistics Press; 2002.
N-2333,Liu et al. (2025),https://doi.org/10.1021/acs.est.5c05684,Not stated by publisher,"Row with id = 2333 in the ""Database"" sheet of the freely downloadable Supporting Information (SI) at the DOI above.",Li Ling.Latest housing construction valuation handbook. Beijing: China Statistics Press; 2002.
N-2334,Liu et al. (2025),https://doi.org/10.1021/acs.est.5c05684,Not stated by publisher,"Row with id = 2334 in the ""Database"" sheet of the freely downloadable Supporting Information (SI) at the DOI above.",Li Ling.Latest housing construction valuation handbook. Beijing: China Statistics Press; 2002.
N-2335,Liu et al. (2025),https://doi.org/10.1021/acs.est.5c05684,Not stated by publisher,"Row with id = 2335 in the ""Database"" sheet of the freely downloadable Supporting Information (SI) at the DOI above.",Li Ling.Latest housing construction valuation handbook. Beijing: China Statistics Press; 2002.
N-2336,Liu et al. (2025),https://doi.org/10.1021/acs.est.5c05684,Not stated by publisher,"Row with id = 2336 in the ""Database"" sheet of the freely downloadable Supporting Information (SI) at the DOI above.",Li Ling.Latest housing construction valuation handbook. Beijing: China Statistics Press; 2002.
N-2337,Liu et al. (2025),https://doi.org/10.1021/acs.est.5c05684,Not stated by publisher,"Row with id = 2337 in the ""Database"" sheet of the freely downloadable Supporting Information (SI) at the DOI above.",Li Ling.Latest housing construction valuation handbook. Beijing: China Statistics Press; 2002.
N-2338,Liu et al. (2025),https://doi.org/10.1021/acs.est.5c05684,Not stated by publisher,"Row with id = 2338 in the ""Database"" sheet of the freely downloadable Supporting Information (SI) at the DOI above.",Li Ling.Latest housing construction valuation handbook. Beijing: China Statistics Press; 2002.
N-2339,Liu et al. (2025),https://doi.org/10.1021/acs.est.5c05684,Not stated by publisher,"Row with id = 2339 in the ""Database"" sheet of the freely downloadable Supporting Information (SI) at the DOI above.",Li Ling.Latest housing construction valuation handbook. Beijing: China Statistics Press; 2002.
N-2340,Liu et al. (2025),https://doi.org/10.1021/acs.est.5c05684,Not stated by publisher,"Row with id = 2340 in the ""Database"" sheet of the freely downloadable Supporting Information (SI) at the DOI above.",Li Ling.Latest housing construction valuation handbook. Beijing: China Statistics Press; 2002.
N-2341,Liu et al. (2025),https://doi.org/10.1021/acs.est.5c05684,Not stated by publisher,"Row with id = 2341 in the ""Database"" sheet of the freely downloadable Supporting Information (SI) at the DOI above.",Li Ling.Latest housing construction valuation handbook. Beijing: China Statistics Press; 2002.
N-2342,Liu et al. (2025),https://doi.org/10.1021/acs.est.5c05684,Not stated by publisher,"Row with id = 2342 in the ""Database"" sheet of the freely downloadable Supporting Information (SI) at the DOI above.",Li Ling.Latest housing construction valuation handbook. Beijing: China Statistics Press; 2002.
N-2343,Liu et al. (2025),https://doi.org/10.1021/acs.est.5c05684,Not stated by publisher,"Row with id = 2343 in the ""Database"" sheet of the freely downloadable Supporting Information (SI) at the DOI above.",Li Ling.Latest housing construction valuation handbook. Beijing: China Statistics Press; 2002.
N-2344,Liu et al. (2025),https://doi.org/10.1021/acs.est.5c05684,Not stated by publisher,"Row with id = 2344 in the ""Database"" sheet of the freely downloadable Supporting Information (SI) at the DOI above.",Li Ling.Latest housing construction valuation handbook. Beijing: China Statistics Press; 2002.
N-2345,Liu et al. (2025),https://doi.org/10.1021/acs.est.5c05684,Not stated by publisher,"Row with id = 2345 in the ""Database"" sheet of the freely downloadable Supporting Information (SI) at the DOI above.",Li Ling.Latest housing construction valuation handbook. Beijing: China Statistics Press; 2002.
N-2346,Liu et al. (2025),https://doi.org/10.1021/acs.est.5c05684,Not stated by publisher,"Row with id = 2346 in the ""Database"" sheet of the freely downloadable Supporting Information (SI) at the DOI above.",Li Ling.Latest housing construction valuation handbook. Beijing: China Statistics Press; 2002.
N-2348,Liu et al. (2025),https://doi.org/10.1021/acs.est.5c05684,Not stated by publisher,"Row with id = 2348 in the ""Database"" sheet of the freely downloadable Supporting Information (SI) at the DOI above.",Li Ling.Latest housing construction valuation handbook. Beijing: China Statistics Press; 2002.
N-2349,Liu et al. (2025),https://doi.org/10.1021/acs.est.5c05684,Not stated by publisher,"Row with id = 2349 in the ""Database"" sheet of the freely downloadable Supporting Information (SI) at the DOI above.",Li Ling.Latest housing construction valuation handbook. Beijing: China Statistics Press; 2002.
N-2350,Liu et al. (2025),https://doi.org/10.1021/acs.est.5c05684,Not stated by publisher,"Row with id = 2350 in the ""Database"" sheet of the freely downloadable Supporting Information (SI) at the DOI above.",Li Ling.Latest housing construction valuation handbook. Beijing: China Statistics Press; 2002.
N-2351,Liu et al. (2025),https://doi.org/10.1021/acs.est.5c05684,Not stated by publisher,"Row with id = 2351 in the ""Database"" sheet of the freely downloadable Supporting Information (SI) at the DOI above.",Li Ling.Latest housing construction valuation handbook. Beijing: China Statistics Press; 2002.
N-2352,Liu et al. (2025),https://doi.org/10.1021/acs.est.5c05684,Not stated by publisher,"Row with id = 2352 in the ""Database"" sheet of the freely downloadable Supporting Information (SI) at the DOI above.",Li Ling.Latest housing construction valuation handbook. Beijing: China Statistics Press; 2002.
N-2353,Liu et al. (2025),https://doi.org/10.1021/acs.est.5c05684,Not stated by publisher,"Row with id = 2353 in the ""Database"" sheet of the freely downloadable Supporting Information (SI) at the DOI above.",Li Ling.Latest housing construction valuation handbook. Beijing: China Statistics Press; 2002.
N-2354,Liu et al. (2025),https://doi.org/10.1021/acs.est.5c05684,Not stated by publisher,"Row with id = 2354 in the ""Database"" sheet of the freely downloadable Supporting Information (SI) at the DOI above.",Li Ling.Latest housing construction valuation handbook. Beijing: China Statistics Press; 2002.
N-2355,Liu et al. (2025),https://doi.org/10.1021/acs.est.5c05684,Not stated by publisher,"Row with id = 2355 in the ""Database"" sheet of the freely downloadable Supporting Information (SI) at the DOI above.",Li Ling.Latest housing construction valuation handbook. Beijing: China Statistics Press; 2002.
N-2356,Liu et al. (2025),https://doi.org/10.1021/acs.est.5c05684,Not stated by publisher,"Row with id = 2356 in the ""Database"" sheet of the freely downloadable Supporting Information (SI) at the DOI above.",Li Ling.Latest housing construction valuation handbook. Beijing: China Statistics Press; 2002.
N-2357,Liu et al. (2025),https://doi.org/10.1021/acs.est.5c05684,Not stated by publisher,"Row with id = 2357 in the ""Database"" sheet of the freely downloadable Supporting Information (SI) at the DOI above.",Li Ling.Latest housing construction valuation handbook. Beijing: China Statistics Press; 2002.
N-2358,Liu et al. (2025),https://doi.org/10.1021/acs.est.5c05684,Not stated by publisher,"Row with id = 2358 in the ""Database"" sheet of the freely downloadable Supporting Information (SI) at the DOI above.",Li Ling.Latest housing construction valuation handbook. Beijing: China Statistics Press; 2002.
N-2359,Liu et al. (2025),https://doi.org/10.1021/acs.est.5c05684,Not stated by publisher,"Row with id = 2359 in the ""Database"" sheet of the freely downloadable Supporting Information (SI) at the DOI above.",Li Ling.Latest housing construction valuation handbook. Beijing: China Statistics Press; 2002.
N-2360,Liu et al. (2025),https://doi.org/10.1021/acs.est.5c05684,Not stated by publisher,"Row with id = 2360 in the ""Database"" sheet of the freely downloadable Supporting Information (SI) at the DOI above.",Li Ling.Latest housing construction valuation handbook. Beijing: China Statistics Press; 2002.
N-2361,Liu et al. (2025),https://doi.org/10.1021/acs.est.5c05684,Not stated by publisher,"Row with id = 2361 in the ""Database"" sheet of the freely downloadable Supporting Information (SI) at the DOI above.",Li Ling.Latest housing construction valuation handbook. Beijing: China Statistics Press; 2002.
N-2362,Liu et al. (2025),https://doi.org/10.1021/acs.est.5c05684,Not stated by publisher,"Row with id = 2362 in the ""Database"" sheet of the freely downloadable Supporting Information (SI) at the DOI above.",Li Ling.Latest housing construction valuation handbook. Beijing: China Statistics Press; 2002.
N-2363,Liu et al. (2025),https://doi.org/10.1021/acs.est.5c05684,Not stated by publisher,"Row with id = 2363 in the ""Database"" sheet of the freely downloadable Supporting Information (SI) at the DOI above.",Li Ling.Latest housing construction valuation handbook. Beijing: China Statistics Press; 2002.
N-2364,Liu et al. (2025),https://doi.org/10.1021/acs.est.5c05684,Not stated by publisher,"Row with id = 2364 in the ""Database"" sheet of the freely downloadable Supporting Information (SI) at the DOI above.",Li Ling.Latest housing construction valuation handbook. Beijing: China Statistics Press; 2002.
N-2365,Liu et al. (2025),https://doi.org/10.1021/acs.est.5c05684,Not stated by publisher,"Row with id = 2365 in the ""Database"" sheet of the freely downloadable Supporting Information (SI) at the DOI above.",Li Ling.Latest housing construction valuation handbook. Beijing: China Statistics Press; 2002.
N-2366,Liu et al. (2025),https://doi.org/10.1021/acs.est.5c05684,Not stated by publisher,"Row with id = 2366 in the ""Database"" sheet of the freely downloadable Supporting Information (SI) at the DOI above.",Li Ling.Latest housing construction valuation handbook. Beijing: China Statistics Press; 2002.
N-2367,Liu et al. (2025),https://doi.org/10.1021/acs.est.5c05684,Not stated by publisher,"Row with id = 2367 in the ""Database"" sheet of the freely downloadable Supporting Information (SI) at the DOI above.",Li Ling.Latest housing construction valuation handbook. Beijing: China Statistics Press; 2002.
N-2368,Liu et al. (2025),https://doi.org/10.1021/acs.est.5c05684,Not stated by publisher,"Row with id = 2368 in the ""Database"" sheet of the freely downloadable Supporting Information (SI) at the DOI above.",Li Ling.Latest housing construction valuation handbook. Beijing: China Statistics Press; 2002.
N-2369,Liu et al. (2025),https://doi.org/10.1021/acs.est.5c05684,Not stated by publisher,"Row with id = 2369 in the ""Database"" sheet of the freely downloadable Supporting Information (SI) at the DOI above.",Li Ling.Latest housing construction valuation handbook. Beijing: China Statistics Press; 2002.
N-2370,Liu et al. (2025),https://doi.org/10.1021/acs.est.5c05684,Not stated by publisher,"Row with id = 2370 in the ""Database"" sheet of the freely downloadable Supporting Information (SI) at the DOI above.",Li Ling.Latest housing construction valuation handbook. Beijing: China Statistics Press; 2002.
N-2371,Liu et al. (2025),https://doi.org/10.1021/acs.est.5c05684,Not stated by publisher,"Row with id = 2371 in the ""Database"" sheet of the freely downloadable Supporting Information (SI) at the DOI above.",Li Ling.Latest housing construction valuation handbook. Beijing: China Statistics Press; 2002.
N-2372,Liu et al. (2025),https://doi.org/10.1021/acs.est.5c05684,Not stated by publisher,"Row with id = 2372 in the ""Database"" sheet of the freely downloadable Supporting Information (SI) at the DOI above.",Li Ling.Latest housing construction valuation handbook. Beijing: China Statistics Press; 2002.
N-2373,Liu et al. (2025),https://doi.org/10.1021/acs.est.5c05684,Not stated by publisher,"Row with id = 2373 in the ""Database"" sheet of the freely downloadable Supporting Information (SI) at the DOI above.",Li Ling.Latest housing construction valuation handbook. Beijing: China Statistics Press; 2002.
N-2374,Liu et al. (2025),https://doi.org/10.1021/acs.est.5c05684,Not stated by publisher,"Row with id = 2374 in the ""Database"" sheet of the freely downloadable Supporting Information (SI) at the DOI above.",Li Ling.Latest housing construction valuation handbook. Beijing: China Statistics Press; 2002.
N-2375,Liu et al. (2025),https://doi.org/10.1021/acs.est.5c05684,Not stated by publisher,"Row with id = 2375 in the ""Database"" sheet of the freely downloadable Supporting Information (SI) at the DOI above.",Li Ling.Latest housing construction valuation handbook. Beijing: China Statistics Press; 2002.
N-2376,Liu et al. (2025),https://doi.org/10.1021/acs.est.5c05684,Not stated by publisher,"Row with id = 2376 in the ""Database"" sheet of the freely downloadable Supporting Information (SI) at the DOI above.",Li Ling.Latest housing construction valuation handbook. Beijing: China Statistics Press; 2002.
N-2377,Liu et al. (2025),https://doi.org/10.1021/acs.est.5c05684,Not stated by publisher,"Row with id = 2377 in the ""Database"" sheet of the freely downloadable Supporting Information (SI) at the DOI above.",Li Ling.Latest housing construction valuation handbook. Beijing: China Statistics Press; 2002.
N-2378,Liu et al. (2025),https://doi.org/10.1021/acs.est.5c05684,Not stated by publisher,"Row with id = 2378 in the ""Database"" sheet of the freely downloadable Supporting Information (SI) at the DOI above.",Li Ling.Latest housing construction valuation handbook. Beijing: China Statistics Press; 2002.
N-2379,Liu et al. (2025),https://doi.org/10.1021/acs.est.5c05684,Not stated by publisher,"Row with id = 2379 in the ""Database"" sheet of the freely downloadable Supporting Information (SI) at the DOI above.",Li Ling.Latest housing construction valuation handbook. Beijing: China Statistics Press; 2002.
N-2380,Liu et al. (2025),https://doi.org/10.1021/acs.est.5c05684,Not stated by publisher,"Row with id = 2380 in the ""Database"" sheet of the freely downloadable Supporting Information (SI) at the DOI above.",Li Ling.Latest housing construction valuation handbook. Beijing: China Statistics Press; 2002.
N-2381,Liu et al. (2025),https://doi.org/10.1021/acs.est.5c05684,Not stated by publisher,"Row with id = 2381 in the ""Database"" sheet of the freely downloadable Supporting Information (SI) at the DOI above.",Li Ling.Latest housing construction valuation handbook. Beijing: China Statistics Press; 2002.
N-2382,Liu et al. (2025),https://doi.org/10.1021/acs.est.5c05684,Not stated by publisher,"Row with id = 2382 in the ""Database"" sheet of the freely downloadable Supporting Information (SI) at the DOI above.",Li Ling.Latest housing construction valuation handbook. Beijing: China Statistics Press; 2002.
N-2383,Liu et al. (2025),https://doi.org/10.1021/acs.est.5c05684,Not stated by publisher,"Row with id = 2383 in the ""Database"" sheet of the freely downloadable Supporting Information (SI) at the DOI above.",Li Ling.Latest housing construction valuation handbook. Beijing: China Statistics Press; 2002.
N-2384,Liu et al. (2025),https://doi.org/10.1021/acs.est.5c05684,Not stated by publisher,"Row with id = 2384 in the ""Database"" sheet of the freely downloadable Supporting Information (SI) at the DOI above.",Li Ling.Latest housing construction valuation handbook. Beijing: China Statistics Press; 2002.
N-2385,Liu et al. (2025),https://doi.org/10.1021/acs.est.5c05684,Not stated by publisher,"Row with id = 2385 in the ""Database"" sheet of the freely downloadable Supporting Information (SI) at the DOI above.",Li Ling.Latest housing construction valuation handbook. Beijing: China Statistics Press; 2002.
N-2386,Liu et al. (2025),https://doi.org/10.1021/acs.est.5c05684,Not stated by publisher,"Row with id = 2386 in the ""Database"" sheet of the freely downloadable Supporting Information (SI) at the DOI above.",Li Ling.Latest housing construction valuation handbook. Beijing: China Statistics Press; 2002.
N-2387,Liu et al. (2025),https://doi.org/10.1021/acs.est.5c05684,Not stated by publisher,"Row with id = 2387 in the ""Database"" sheet of the freely downloadable Supporting Information (SI) at the DOI above.",Li Ling.Latest housing construction valuation handbook. Beijing: China Statistics Press; 2002.
N-2388,Liu et al. (2025),https://doi.org/10.1021/acs.est.5c05684,Not stated by publisher,"Row with id = 2388 in the ""Database"" sheet of the freely downloadable Supporting Information (SI) at the DOI above.",Li Ling.Latest housing construction valuation handbook. Beijing: China Statistics Press; 2002.
N-2389,Liu et al. (2025),https://doi.org/10.1021/acs.est.5c05684,Not stated by publisher,"Row with id = 2389 in the ""Database"" sheet of the freely downloadable Supporting Information (SI) at the DOI above.",Li Ling.Latest housing construction valuation handbook. Beijing: China Statistics Press; 2002.
N-2390,Liu et al. (2025),https://doi.org/10.1021/acs.est.5c05684,Not stated by publisher,"Row with id = 2390 in the ""Database"" sheet of the freely downloadable Supporting Information (SI) at the DOI above.",Li Ling.Latest housing construction valuation handbook. Beijing: China Statistics Press; 2002.
N-2391,Liu et al. (2025),https://doi.org/10.1021/acs.est.5c05684,Not stated by publisher,"Row with id = 2391 in the ""Database"" sheet of the freely downloadable Supporting Information (SI) at the DOI above.",Li Ling.Latest housing construction valuation handbook. Beijing: China Statistics Press; 2002.
N-2392,Liu et al. (2025),https://doi.org/10.1021/acs.est.5c05684,Not stated by publisher,"Row with id = 2392 in the ""Database"" sheet of the freely downloadable Supporting Information (SI) at the DOI above.",Li Ling.Latest housing construction valuation handbook. Beijing: China Statistics Press; 2002.
N-2393,Liu et al. (2025),https://doi.org/10.1021/acs.est.5c05684,Not stated by publisher,"Row with id = 2393 in the ""Database"" sheet of the freely downloadable Supporting Information (SI) at the DOI above.",Li Ling.Latest housing construction valuation handbook. Beijing: China Statistics Press; 2002.
N-2394,Liu et al. (2025),https://doi.org/10.1021/acs.est.5c05684,Not stated by publisher,"Row with id = 2394 in the ""Database"" sheet of the freely downloadable Supporting Information (SI) at the DOI above.",Li Ling.Latest housing construction valuation handbook. Beijing: China Statistics Press; 2002.
N-2395,Liu et al. (2025),https://doi.org/10.1021/acs.est.5c05684,Not stated by publisher,"Row with id = 2395 in the ""Database"" sheet of the freely downloadable Supporting Information (SI) at the DOI above.",Li Ling.Latest housing construction valuation handbook. Beijing: China Statistics Press; 2002.
N-2397,Liu et al. (2025),https://doi.org/10.1021/acs.est.5c05684,Not stated by publisher,"Row with id = 2397 in the ""Database"" sheet of the freely downloadable Supporting Information (SI) at the DOI above.",Li Ling.Latest housing construction valuation handbook. Beijing: China Statistics Press; 2002.
N-2398,Liu et al. (2025),https://doi.org/10.1021/acs.est.5c05684,Not stated by publisher,"Row with id = 2398 in the ""Database"" sheet of the freely downloadable Supporting Information (SI) at the DOI above.",Li Ling.Latest housing construction valuation handbook. Beijing: China Statistics Press; 2002.
N-2399,Liu et al. (2025),https://doi.org/10.1021/acs.est.5c05684,Not stated by publisher,"Row with id = 2399 in the ""Database"" sheet of the freely downloadable Supporting Information (SI) at the DOI above.",Li Ling.Latest housing construction valuation handbook. Beijing: China Statistics Press; 2002.
N-2400,Liu et al. (2025),https://doi.org/10.1021/acs.est.5c05684,Not stated by publisher,"Row with id = 2400 in the ""Database"" sheet of the freely downloadable Supporting Information (SI) at the DOI above.",Li Ling.Latest housing construction valuation handbook. Beijing: China Statistics Press; 2002.
N-2401,Liu et al. (2025),https://doi.org/10.1021/acs.est.5c05684,Not stated by publisher,"Row with id = 2401 in the ""Database"" sheet of the freely downloadable Supporting Information (SI) at the DOI above.",Li Ling.Latest housing construction valuation handbook. Beijing: China Statistics Press; 2002.
N-2402,Liu et al. (2025),https://doi.org/10.1021/acs.est.5c05684,Not stated by publisher,"Row with id = 2402 in the ""Database"" sheet of the freely downloadable Supporting Information (SI) at the DOI above.",Li Ling.Latest housing construction valuation handbook. Beijing: China Statistics Press; 2002.
N-2403,Liu et al. (2025),https://doi.org/10.1021/acs.est.5c05684,Not stated by publisher,"Row with id = 2403 in the ""Database"" sheet of the freely downloadable Supporting Information (SI) at the DOI above.",Li Ling.Latest housing construction valuation handbook. Beijing: China Statistics Press; 2002.
N-2404,Liu et al. (2025),https://doi.org/10.1021/acs.est.5c05684,Not stated by publisher,"Row with id = 2404 in the ""Database"" sheet of the freely downloadable Supporting Information (SI) at the DOI above.",Li Ling.Latest housing construction valuation handbook. Beijing: China Statistics Press; 2002.
N-2405,Liu et al. (2025),https://doi.org/10.1021/acs.est.5c05684,Not stated by publisher,"Row with id = 2405 in the ""Database"" sheet of the freely downloadable Supporting Information (SI) at the DOI above.",Li Ling.Latest housing construction valuation handbook. Beijing: China Statistics Press; 2002.
N-2406,Liu et al. (2025),https://doi.org/10.1021/acs.est.5c05684,Not stated by publisher,"Row with id = 2406 in the ""Database"" sheet of the freely downloadable Supporting Information (SI) at the DOI above.",Li Ling.Latest housing construction valuation handbook. Beijing: China Statistics Press; 2002.
N-2407,Liu et al. (2025),https://doi.org/10.1021/acs.est.5c05684,Not stated by publisher,"Row with id = 2407 in the ""Database"" sheet of the freely downloadable Supporting Information (SI) at the DOI above.",Li Ling.Latest housing construction valuation handbook. Beijing: China Statistics Press; 2002.
N-2408,Liu et al. (2025),https://doi.org/10.1021/acs.est.5c05684,Not stated by publisher,"Row with id = 2408 in the ""Database"" sheet of the freely downloadable Supporting Information (SI) at the DOI above.",Li Ling.Latest housing construction valuation handbook. Beijing: China Statistics Press; 2002.
N-2409,Liu et al. (2025),https://doi.org/10.1021/acs.est.5c05684,Not stated by publisher,"Row with id = 2409 in the ""Database"" sheet of the freely downloadable Supporting Information (SI) at the DOI above.",Li Ling.Latest housing construction valuation handbook. Beijing: China Statistics Press; 2002.
N-2410,Liu et al. (2025),https://doi.org/10.1021/acs.est.5c05684,Not stated by publisher,"Row with id = 2410 in the ""Database"" sheet of the freely downloadable Supporting Information (SI) at the DOI above.",Li Ling.Latest housing construction valuation handbook. Beijing: China Statistics Press; 2002.
N-2411,Liu et al. (2025),https://doi.org/10.1021/acs.est.5c05684,Not stated by publisher,"Row with id = 2411 in the ""Database"" sheet of the freely downloadable Supporting Information (SI) at the DOI above.",Li Ling.Latest housing construction valuation handbook. Beijing: China Statistics Press; 2002.
N-2412,Liu et al. (2025),https://doi.org/10.1021/acs.est.5c05684,Not stated by publisher,"Row with id = 2412 in the ""Database"" sheet of the freely downloadable Supporting Information (SI) at the DOI above.",Li Ling.Latest housing construction valuation handbook. Beijing: China Statistics Press; 2002.
N-2413,Liu et al. (2025),https://doi.org/10.1021/acs.est.5c05684,Not stated by publisher,"Row with id = 2413 in the ""Database"" sheet of the freely downloadable Supporting Information (SI) at the DOI above.",Li Ling.Latest housing construction valuation handbook. Beijing: China Statistics Press; 2002.
N-2414,Liu et al. (2025),https://doi.org/10.1021/acs.est.5c05684,Not stated by publisher,"Row with id = 2414 in the ""Database"" sheet of the freely downloadable Supporting Information (SI) at the DOI above.",Li Ling.Latest housing construction valuation handbook. Beijing: China Statistics Press; 2002.
N-2415,Liu et al. (2025),https://doi.org/10.1021/acs.est.5c05684,Not stated by publisher,"Row with id = 2415 in the ""Database"" sheet of the freely downloadable Supporting Information (SI) at the DOI above.",Li Ling.Latest housing construction valuation handbook. Beijing: China Statistics Press; 2002.
N-2416,Liu et al. (2025),https://doi.org/10.1021/acs.est.5c05684,Not stated by publisher,"Row with id = 2416 in the ""Database"" sheet of the freely downloadable Supporting Information (SI) at the DOI above.",Li Ling.Latest housing construction valuation handbook. Beijing: China Statistics Press; 2002.
N-2417,Liu et al. (2025),https://doi.org/10.1021/acs.est.5c05684,Not stated by publisher,"Row with id = 2417 in the ""Database"" sheet of the freely downloadable Supporting Information (SI) at the DOI above.",Li Ling.Latest housing construction valuation handbook. Beijing: China Statistics Press; 2002.
N-2418,Liu et al. (2025),https://doi.org/10.1021/acs.est.5c05684,Not stated by publisher,"Row with id = 2418 in the ""Database"" sheet of the freely downloadable Supporting Information (SI) at the DOI above.",Li Ling.Latest housing construction valuation handbook. Beijing: China Statistics Press; 2002.
N-2419,Liu et al. (2025),https://doi.org/10.1021/acs.est.5c05684,Not stated by publisher,"Row with id = 2419 in the ""Database"" sheet of the freely downloadable Supporting Information (SI) at the DOI above.",Li Ling.Latest housing construction valuation handbook. Beijing: China Statistics Press; 2002.
N-2420,Liu et al. (2025),https://doi.org/10.1021/acs.est.5c05684,Not stated by publisher,"Row with id = 2420 in the ""Database"" sheet of the freely downloadable Supporting Information (SI) at the DOI above.",Li Ling.Latest housing construction valuation handbook. Beijing: China Statistics Press; 2002.
N-2421,Liu et al. (2025),https://doi.org/10.1021/acs.est.5c05684,Not stated by publisher,"Row with id = 2421 in the ""Database"" sheet of the freely downloadable Supporting Information (SI) at the DOI above.",Li Ling.Latest housing construction valuation handbook. Beijing: China Statistics Press; 2002.
N-2422,Liu et al. (2025),https://doi.org/10.1021/acs.est.5c05684,Not stated by publisher,"Row with id = 2422 in the ""Database"" sheet of the freely downloadable Supporting Information (SI) at the DOI above.",Li Ling.Latest housing construction valuation handbook. Beijing: China Statistics Press; 2002.
N-2423,Liu et al. (2025),https://doi.org/10.1021/acs.est.5c05684,Not stated by publisher,"Row with id = 2423 in the ""Database"" sheet of the freely downloadable Supporting Information (SI) at the DOI above.",Li Ling.Latest housing construction valuation handbook. Beijing: China Statistics Press; 2002.
N-2424,Liu et al. (2025),https://doi.org/10.1021/acs.est.5c05684,Not stated by publisher,"Row with id = 2424 in the ""Database"" sheet of the freely downloadable Supporting Information (SI) at the DOI above.",Li Ling.Latest housing construction valuation handbook. Beijing: China Statistics Press; 2002.
N-2426,Liu et al. (2025),https://doi.org/10.1021/acs.est.5c05684,Not stated by publisher,"Row with id = 2426 in the ""Database"" sheet of the freely downloadable Supporting Information (SI) at the DOI above.",Li Ling.Latest housing construction valuation handbook. Beijing: China Statistics Press; 2002.
N-2427,Liu et al. (2025),https://doi.org/10.1021/acs.est.5c05684,Not stated by publisher,"Row with id = 2427 in the ""Database"" sheet of the freely downloadable Supporting Information (SI) at the DOI above.",Li Ling.Latest housing construction valuation handbook. Beijing: China Statistics Press; 2002.
N-2428,Liu et al. (2025),https://doi.org/10.1021/acs.est.5c05684,Not stated by publisher,"Row with id = 2428 in the ""Database"" sheet of the freely downloadable Supporting Information (SI) at the DOI above.",Li Ling.Latest housing construction valuation handbook. Beijing: China Statistics Press; 2002.
N-2429,Liu et al. (2025),https://doi.org/10.1021/acs.est.5c05684,Not stated by publisher,"Row with id = 2429 in the ""Database"" sheet of the freely downloadable Supporting Information (SI) at the DOI above.",Li Ling.Latest housing construction valuation handbook. Beijing: China Statistics Press; 2002.
N-2430,Liu et al. (2025),https://doi.org/10.1021/acs.est.5c05684,Not stated by publisher,"Row with id = 2430 in the ""Database"" sheet of the freely downloadable Supporting Information (SI) at the DOI above.",Li Ling.Latest housing construction valuation handbook. Beijing: China Statistics Press; 2002.
N-2432,Liu et al. (2025),https://doi.org/10.1021/acs.est.5c05684,Not stated by publisher,"Row with id = 2432 in the ""Database"" sheet of the freely downloadable Supporting Information (SI) at the DOI above.",Li Ling.Latest housing construction valuation handbook. Beijing: China Statistics Press; 2002.
N-2433,Liu et al. (2025),https://doi.org/10.1021/acs.est.5c05684,Not stated by publisher,"Row with id = 2433 in the ""Database"" sheet of the freely downloadable Supporting Information (SI) at the DOI above.",Li Ling.Latest housing construction valuation handbook. Beijing: China Statistics Press; 2002.
N-2434,Liu et al. (2025),https://doi.org/10.1021/acs.est.5c05684,Not stated by publisher,"Row with id = 2434 in the ""Database"" sheet of the freely downloadable Supporting Information (SI) at the DOI above.",Li Ling.Latest housing construction valuation handbook. Beijing: China Statistics Press; 2002.
N-2435,Liu et al. (2025),https://doi.org/10.1021/acs.est.5c05684,Not stated by publisher,"Row with id = 2435 in the ""Database"" sheet of the freely downloadable Supporting Information (SI) at the DOI above.",Li Ling.Latest housing construction valuation handbook. Beijing: China Statistics Press; 2002.
N-2436,Liu et al. (2025),https://doi.org/10.1021/acs.est.5c05684,Not stated by publisher,"Row with id = 2436 in the ""Database"" sheet of the freely downloadable Supporting Information (SI) at the DOI above.",Li Ling.Latest housing construction valuation handbook. Beijing: China Statistics Press; 2002.
N-2437,Liu et al. (2025),https://doi.org/10.1021/acs.est.5c05684,Not stated by publisher,"Row with id = 2437 in the ""Database"" sheet of the freely downloadable Supporting Information (SI) at the DOI above.",Li Ling.Latest housing construction valuation handbook. Beijing: China Statistics Press; 2002.
N-2438,Liu et al. (2025),https://doi.org/10.1021/acs.est.5c05684,Not stated by publisher,"Row with id = 2438 in the ""Database"" sheet of the freely downloadable Supporting Information (SI) at the DOI above.",Li Ling.Latest housing construction valuation handbook. Beijing: China Statistics Press; 2002.
N-2439,Liu et al. (2025),https://doi.org/10.1021/acs.est.5c05684,Not stated by publisher,"Row with id = 2439 in the ""Database"" sheet of the freely downloadable Supporting Information (SI) at the DOI above.",Li Ling.Latest housing construction valuation handbook. Beijing: China Statistics Press; 2002.
N-2440,Liu et al. (2025),https://doi.org/10.1021/acs.est.5c05684,Not stated by publisher,"Row with id = 2440 in the ""Database"" sheet of the freely downloadable Supporting Information (SI) at the DOI above.",Li Ling.Latest housing construction valuation handbook. Beijing: China Statistics Press; 2002.
N-2441,Liu et al. (2025),https://doi.org/10.1021/acs.est.5c05684,Not stated by publisher,"Row with id = 2441 in the ""Database"" sheet of the freely downloadable Supporting Information (SI) at the DOI above.",Li Ling.Latest housing construction valuation handbook. Beijing: China Statistics Press; 2002.
N-2442,Liu et al. (2025),https://doi.org/10.1021/acs.est.5c05684,Not stated by publisher,"Row with id = 2442 in the ""Database"" sheet of the freely downloadable Supporting Information (SI) at the DOI above.",Li Ling.Latest housing construction valuation handbook. Beijing: China Statistics Press; 2002.
N-2443,Liu et al. (2025),https://doi.org/10.1021/acs.est.5c05684,Not stated by publisher,"Row with id = 2443 in the ""Database"" sheet of the freely downloadable Supporting Information (SI) at the DOI above.",Li Ling.Latest housing construction valuation handbook. Beijing: China Statistics Press; 2002.
N-2447,Liu et al. (2025),https://doi.org/10.1021/acs.est.5c05684,Not stated by publisher,"Row with id = 2447 in the ""Database"" sheet of the freely downloadable Supporting Information (SI) at the DOI above.",Li Ling.Latest housing construction valuation handbook. Beijing: China Statistics Press; 2002.
N-2448,Liu et al. (2025),https://doi.org/10.1021/acs.est.5c05684,Not stated by publisher,"Row with id = 2448 in the ""Database"" sheet of the freely downloadable Supporting Information (SI) at the DOI above.",Li Ling.Latest housing construction valuation handbook. Beijing: China Statistics Press; 2002.
N-2449,Liu et al. (2025),https://doi.org/10.1021/acs.est.5c05684,Not stated by publisher,"Row with id = 2449 in the ""Database"" sheet of the freely downloadable Supporting Information (SI) at the DOI above.",Li Ling.Latest housing construction valuation handbook. Beijing: China Statistics Press; 2002.
N-2450,Liu et al. (2025),https://doi.org/10.1021/acs.est.5c05684,Not stated by publisher,"Row with id = 2450 in the ""Database"" sheet of the freely downloadable Supporting Information (SI) at the DOI above.",Li Ling.Latest housing construction valuation handbook. Beijing: China Statistics Press; 2002.
N-2451,Liu et al. (2025),https://doi.org/10.1021/acs.est.5c05684,Not stated by publisher,"Row with id = 2451 in the ""Database"" sheet of the freely downloadable Supporting Information (SI) at the DOI above.",Li Ling.Latest housing construction valuation handbook. Beijing: China Statistics Press; 2002.
N-2452,Liu et al. (2025),https://doi.org/10.1021/acs.est.5c05684,Not stated by publisher,"Row with id = 2452 in the ""Database"" sheet of the freely downloadable Supporting Information (SI) at the DOI above.",Li Ling.Latest housing construction valuation handbook. Beijing: China Statistics Press; 2002.
N-2454,Liu et al. (2025),https://doi.org/10.1021/acs.est.5c05684,Not stated by publisher,"Row with id = 2454 in the ""Database"" sheet of the freely downloadable Supporting Information (SI) at the DOI above.",Li Ling.Latest housing construction valuation handbook. Beijing: China Statistics Press; 2002.
N-2455,Liu et al. (2025),https://doi.org/10.1021/acs.est.5c05684,Not stated by publisher,"Row with id = 2455 in the ""Database"" sheet of the freely downloadable Supporting Information (SI) at the DOI above.",Li Ling.Latest housing construction valuation handbook. Beijing: China Statistics Press; 2002.
N-2456,Liu et al. (2025),https://doi.org/10.1021/acs.est.5c05684,Not stated by publisher,"Row with id = 2456 in the ""Database"" sheet of the freely downloadable Supporting Information (SI) at the DOI above.",Li Ling.Latest housing construction valuation handbook. Beijing: China Statistics Press; 2002.
N-2457,Liu et al. (2025),https://doi.org/10.1021/acs.est.5c05684,Not stated by publisher,"Row with id = 2457 in the ""Database"" sheet of the freely downloadable Supporting Information (SI) at the DOI above.",Li Ling.Latest housing construction valuation handbook. Beijing: China Statistics Press; 2002.
N-2458,Liu et al. (2025),https://doi.org/10.1021/acs.est.5c05684,Not stated by publisher,"Row with id = 2458 in the ""Database"" sheet of the freely downloadable Supporting Information (SI) at the DOI above.",Li Ling.Latest housing construction valuation handbook. Beijing: China Statistics Press; 2002.
N-2459,Liu et al. (2025),https://doi.org/10.1021/acs.est.5c05684,Not stated by publisher,"Row with id = 2459 in the ""Database"" sheet of the freely downloadable Supporting Information (SI) at the DOI above.",Li Ling.Latest housing construction valuation handbook. Beijing: China Statistics Press; 2002.
N-2461,Liu et al. (2025),https://doi.org/10.1021/acs.est.5c05684,Not stated by publisher,"Row with id = 2461 in the ""Database"" sheet of the freely downloadable Supporting Information (SI) at the DOI above.",Li Ling.Latest housing construction valuation handbook. Beijing: China Statistics Press; 2002.
N-2462,Liu et al. (2025),https://doi.org/10.1021/acs.est.5c05684,Not stated by publisher,"Row with id = 2462 in the ""Database"" sheet of the freely downloadable Supporting Information (SI) at the DOI above.",Li Ling.Latest housing construction valuation handbook. Beijing: China Statistics Press; 2002.
N-2463,Liu et al. (2025),https://doi.org/10.1021/acs.est.5c05684,Not stated by publisher,"Row with id = 2463 in the ""Database"" sheet of the freely downloadable Supporting Information (SI) at the DOI above.",Li Ling.Latest housing construction valuation handbook. Beijing: China Statistics Press; 2002.
N-2464,Liu et al. (2025),https://doi.org/10.1021/acs.est.5c05684,Not stated by publisher,"Row with id = 2464 in the ""Database"" sheet of the freely downloadable Supporting Information (SI) at the DOI above.",Li Ling.Latest housing construction valuation handbook. Beijing: China Statistics Press; 2002.
N-2465,Liu et al. (2025),https://doi.org/10.1021/acs.est.5c05684,Not stated by publisher,"Row with id = 2465 in the ""Database"" sheet of the freely downloadable Supporting Information (SI) at the DOI above.",Li Ling.Latest housing construction valuation handbook. Beijing: China Statistics Press; 2002.
N-2466,Liu et al. (2025),https://doi.org/10.1021/acs.est.5c05684,Not stated by publisher,"Row with id = 2466 in the ""Database"" sheet of the freely downloadable Supporting Information (SI) at the DOI above.",Li Ling.Latest housing construction valuation handbook. Beijing: China Statistics Press; 2002.
N-2467,Liu et al. (2025),https://doi.org/10.1021/acs.est.5c05684,Not stated by publisher,"Row with id = 2467 in the ""Database"" sheet of the freely downloadable Supporting Information (SI) at the DOI above.",Li Ling.Latest housing construction valuation handbook. Beijing: China Statistics Press; 2002.
N-2468,Liu et al. (2025),https://doi.org/10.1021/acs.est.5c05684,Not stated by publisher,"Row with id = 2468 in the ""Database"" sheet of the freely downloadable Supporting Information (SI) at the DOI above.",Li Ling.Latest housing construction valuation handbook. Beijing: China Statistics Press; 2002.
N-2469,Liu et al. (2025),https://doi.org/10.1021/acs.est.5c05684,Not stated by publisher,"Row with id = 2469 in the ""Database"" sheet of the freely downloadable Supporting Information (SI) at the DOI above.",Li Ling.Latest housing construction valuation handbook. Beijing: China Statistics Press; 2002.
N-2470,Liu et al. (2025),https://doi.org/10.1021/acs.est.5c05684,Not stated by publisher,"Row with id = 2470 in the ""Database"" sheet of the freely downloadable Supporting Information (SI) at the DOI above.",Li Ling.Latest housing construction valuation handbook. Beijing: China Statistics Press; 2002.
N-2471,Liu et al. (2025),https://doi.org/10.1021/acs.est.5c05684,Not stated by publisher,"Row with id = 2471 in the ""Database"" sheet of the freely downloadable Supporting Information (SI) at the DOI above.",Li Ling.Latest housing construction valuation handbook. Beijing: China Statistics Press; 2002.
N-2472,Liu et al. (2025),https://doi.org/10.1021/acs.est.5c05684,Not stated by publisher,"Row with id = 2472 in the ""Database"" sheet of the freely downloadable Supporting Information (SI) at the DOI above.",Li Ling.Latest housing construction valuation handbook. Beijing: China Statistics Press; 2002.
N-2473,Liu et al. (2025),https://doi.org/10.1021/acs.est.5c05684,Not stated by publisher,"Row with id = 2473 in the ""Database"" sheet of the freely downloadable Supporting Information (SI) at the DOI above.",Li Ling.Latest housing construction valuation handbook. Beijing: China Statistics Press; 2002.
N-2474,Liu et al. (2025),https://doi.org/10.1021/acs.est.5c05684,Not stated by publisher,"Row with id = 2474 in the ""Database"" sheet of the freely downloadable Supporting Information (SI) at the DOI above.",Li Ling.Latest housing construction valuation handbook. Beijing: China Statistics Press; 2002.
N-2475,Liu et al. (2025),https://doi.org/10.1021/acs.est.5c05684,Not stated by publisher,"Row with id = 2475 in the ""Database"" sheet of the freely downloadable Supporting Information (SI) at the DOI above.",Li Ling.Latest housing construction valuation handbook. Beijing: China Statistics Press; 2002.
N-2476,Liu et al. (2025),https://doi.org/10.1021/acs.est.5c05684,Not stated by publisher,"Row with id = 2476 in the ""Database"" sheet of the freely downloadable Supporting Information (SI) at the DOI above.",Li Ling.Latest housing construction valuation handbook. Beijing: China Statistics Press; 2002.
N-2477,Liu et al. (2025),https://doi.org/10.1021/acs.est.5c05684,Not stated by publisher,"Row with id = 2477 in the ""Database"" sheet of the freely downloadable Supporting Information (SI) at the DOI above.",Li Ling.Latest housing construction valuation handbook. Beijing: China Statistics Press; 2002.
N-2478,Liu et al. (2025),https://doi.org/10.1021/acs.est.5c05684,Not stated by publisher,"Row with id = 2478 in the ""Database"" sheet of the freely downloadable Supporting Information (SI) at the DOI above.",Li Ling.Latest housing construction valuation handbook. Beijing: China Statistics Press; 2002.
N-2479,Liu et al. (2025),https://doi.org/10.1021/acs.est.5c05684,Not stated by publisher,"Row with id = 2479 in the ""Database"" sheet of the freely downloadable Supporting Information (SI) at the DOI above.",Li Ling.Latest housing construction valuation handbook. Beijing: China Statistics Press; 2002.
N-2481,Liu et al. (2025),https://doi.org/10.1021/acs.est.5c05684,Not stated by publisher,"Row with id = 2481 in the ""Database"" sheet of the freely downloadable Supporting Information (SI) at the DOI above.",Li Ling.Latest housing construction valuation handbook. Beijing: China Statistics Press; 2002.
N-2482,Liu et al. (2025),https://doi.org/10.1021/acs.est.5c05684,Not stated by publisher,"Row with id = 2482 in the ""Database"" sheet of the freely downloadable Supporting Information (SI) at the DOI above.",Li Ling.Latest housing construction valuation handbook. Beijing: China Statistics Press; 2002.
N-2483,Liu et al. (2025),https://doi.org/10.1021/acs.est.5c05684,Not stated by publisher,"Row with id = 2483 in the ""Database"" sheet of the freely downloadable Supporting Information (SI) at the DOI above.",Li Ling.Latest housing construction valuation handbook. Beijing: China Statistics Press; 2002.
N-2484,Liu et al. (2025),https://doi.org/10.1021/acs.est.5c05684,Not stated by publisher,"Row with id = 2484 in the ""Database"" sheet of the freely downloadable Supporting Information (SI) at the DOI above.",Li Ling.Latest housing construction valuation handbook. Beijing: China Statistics Press; 2002.
N-2485,Liu et al. (2025),https://doi.org/10.1021/acs.est.5c05684,Not stated by publisher,"Row with id = 2485 in the ""Database"" sheet of the freely downloadable Supporting Information (SI) at the DOI above.",Li Ling.Latest housing construction valuation handbook. Beijing: China Statistics Press; 2002.
N-2486,Liu et al. (2025),https://doi.org/10.1021/acs.est.5c05684,Not stated by publisher,"Row with id = 2486 in the ""Database"" sheet of the freely downloadable Supporting Information (SI) at the DOI above.",Li Ling.Latest housing construction valuation handbook. Beijing: China Statistics Press; 2002.
N-2487,Liu et al. (2025),https://doi.org/10.1021/acs.est.5c05684,Not stated by publisher,"Row with id = 2487 in the ""Database"" sheet of the freely downloadable Supporting Information (SI) at the DOI above.",Li Ling.Latest housing construction valuation handbook. Beijing: China Statistics Press; 2002.
N-2488,Liu et al. (2025),https://doi.org/10.1021/acs.est.5c05684,Not stated by publisher,"Row with id = 2488 in the ""Database"" sheet of the freely downloadable Supporting Information (SI) at the DOI above.",Li Ling.Latest housing construction valuation handbook. Beijing: China Statistics Press; 2002.
N-2489,Liu et al. (2025),https://doi.org/10.1021/acs.est.5c05684,Not stated by publisher,"Row with id = 2489 in the ""Database"" sheet of the freely downloadable Supporting Information (SI) at the DOI above.",Li Ling.Latest housing construction valuation handbook. Beijing: China Statistics Press; 2002.
N-2490,Liu et al. (2025),https://doi.org/10.1021/acs.est.5c05684,Not stated by publisher,"Row with id = 2490 in the ""Database"" sheet of the freely downloadable Supporting Information (SI) at the DOI above.",Li Ling.Latest housing construction valuation handbook. Beijing: China Statistics Press; 2002.
N-2491,Liu et al. (2025),https://doi.org/10.1021/acs.est.5c05684,Not stated by publisher,"Row with id = 2491 in the ""Database"" sheet of the freely downloadable Supporting Information (SI) at the DOI above.",Li Ling.Latest housing construction valuation handbook. Beijing: China Statistics Press; 2002.
N-2492,Liu et al. (2025),https://doi.org/10.1021/acs.est.5c05684,Not stated by publisher,"Row with id = 2492 in the ""Database"" sheet of the freely downloadable Supporting Information (SI) at the DOI above.",Li Ling.Latest housing construction valuation handbook. Beijing: China Statistics Press; 2002.
N-2493,Liu et al. (2025),https://doi.org/10.1021/acs.est.5c05684,Not stated by publisher,"Row with id = 2493 in the ""Database"" sheet of the freely downloadable Supporting Information (SI) at the DOI above.",Li Ling.Latest housing construction valuation handbook. Beijing: China Statistics Press; 2002.
N-2494,Liu et al. (2025),https://doi.org/10.1021/acs.est.5c05684,Not stated by publisher,"Row with id = 2494 in the ""Database"" sheet of the freely downloadable Supporting Information (SI) at the DOI above.",Li Ling.Latest housing construction valuation handbook. Beijing: China Statistics Press; 2002.
N-2495,Liu et al. (2025),https://doi.org/10.1021/acs.est.5c05684,Not stated by publisher,"Row with id = 2495 in the ""Database"" sheet of the freely downloadable Supporting Information (SI) at the DOI above.",Li Ling.Latest housing construction valuation handbook. Beijing: China Statistics Press; 2002.
N-2496,Liu et al. (2025),https://doi.org/10.1021/acs.est.5c05684,Not stated by publisher,"Row with id = 2496 in the ""Database"" sheet of the freely downloadable Supporting Information (SI) at the DOI above.",Li Ling.Latest housing construction valuation handbook. Beijing: China Statistics Press; 2002.
N-2497,Liu et al. (2025),https://doi.org/10.1021/acs.est.5c05684,Not stated by publisher,"Row with id = 2497 in the ""Database"" sheet of the freely downloadable Supporting Information (SI) at the DOI above.",Li Ling.Latest housing construction valuation handbook. Beijing: China Statistics Press; 2002.
N-2498,Liu et al. (2025),https://doi.org/10.1021/acs.est.5c05684,Not stated by publisher,"Row with id = 2498 in the ""Database"" sheet of the freely downloadable Supporting Information (SI) at the DOI above.",Li Ling.Latest housing construction valuation handbook. Beijing: China Statistics Press; 2002.
N-2499,Liu et al. (2025),https://doi.org/10.1021/acs.est.5c05684,Not stated by publisher,"Row with id = 2499 in the ""Database"" sheet of the freely downloadable Supporting Information (SI) at the DOI above.",Li Ling.Latest housing construction valuation handbook. Beijing: China Statistics Press; 2002.
N-2500,Liu et al. (2025),https://doi.org/10.1021/acs.est.5c05684,Not stated by publisher,"Row with id = 2500 in the ""Database"" sheet of the freely downloadable Supporting Information (SI) at the DOI above.",Li Ling.Latest housing construction valuation handbook. Beijing: China Statistics Press; 2002.
N-2501,Liu et al. (2025),https://doi.org/10.1021/acs.est.5c05684,Not stated by publisher,"Row with id = 2501 in the ""Database"" sheet of the freely downloadable Supporting Information (SI) at the DOI above.",Li Ling.Latest housing construction valuation handbook. Beijing: China Statistics Press; 2002.
N-2502,Liu et al. (2025),https://doi.org/10.1021/acs.est.5c05684,Not stated by publisher,"Row with id = 2502 in the ""Database"" sheet of the freely downloadable Supporting Information (SI) at the DOI above.",Li Ling.Latest housing construction valuation handbook. Beijing: China Statistics Press; 2002.
N-2503,Liu et al. (2025),https://doi.org/10.1021/acs.est.5c05684,Not stated by publisher,"Row with id = 2503 in the ""Database"" sheet of the freely downloadable Supporting Information (SI) at the DOI above.",Li Ling.Latest housing construction valuation handbook. Beijing: China Statistics Press; 2002.
N-2504,Liu et al. (2025),https://doi.org/10.1021/acs.est.5c05684,Not stated by publisher,"Row with id = 2504 in the ""Database"" sheet of the freely downloadable Supporting Information (SI) at the DOI above.",Li Ling.Latest housing construction valuation handbook. Beijing: China Statistics Press; 2002.
N-2505,Liu et al. (2025),https://doi.org/10.1021/acs.est.5c05684,Not stated by publisher,"Row with id = 2505 in the ""Database"" sheet of the freely downloadable Supporting Information (SI) at the DOI above.",Li Ling.Latest housing construction valuation handbook. Beijing: China Statistics Press; 2002.
N-2506,Liu et al. (2025),https://doi.org/10.1021/acs.est.5c05684,Not stated by publisher,"Row with id = 2506 in the ""Database"" sheet of the freely downloadable Supporting Information (SI) at the DOI above.",Li Ling.Latest housing construction valuation handbook. Beijing: China Statistics Press; 2002.
N-2507,Liu et al. (2025),https://doi.org/10.1021/acs.est.5c05684,Not stated by publisher,"Row with id = 2507 in the ""Database"" sheet of the freely downloadable Supporting Information (SI) at the DOI above.",Li Ling.Latest housing construction valuation handbook. Beijing: China Statistics Press; 2002.
N-2508,Liu et al. (2025),https://doi.org/10.1021/acs.est.5c05684,Not stated by publisher,"Row with id = 2508 in the ""Database"" sheet of the freely downloadable Supporting Information (SI) at the DOI above.",Li Ling.Latest housing construction valuation handbook. Beijing: China Statistics Press; 2002.
N-2509,Liu et al. (2025),https://doi.org/10.1021/acs.est.5c05684,Not stated by publisher,"Row with id = 2509 in the ""Database"" sheet of the freely downloadable Supporting Information (SI) at the DOI above.",Li Ling.Latest housing construction valuation handbook. Beijing: China Statistics Press; 2002.
N-2510,Liu et al. (2025),https://doi.org/10.1021/acs.est.5c05684,Not stated by publisher,"Row with id = 2510 in the ""Database"" sheet of the freely downloadable Supporting Information (SI) at the DOI above.",Li Ling.Latest housing construction valuation handbook. Beijing: China Statistics Press; 2002.
N-2511,Liu et al. (2025),https://doi.org/10.1021/acs.est.5c05684,Not stated by publisher,"Row with id = 2511 in the ""Database"" sheet of the freely downloadable Supporting Information (SI) at the DOI above.",Li Ling.Latest housing construction valuation handbook. Beijing: China Statistics Press; 2002.
N-2512,Liu et al. (2025),https://doi.org/10.1021/acs.est.5c05684,Not stated by publisher,"Row with id = 2512 in the ""Database"" sheet of the freely downloadable Supporting Information (SI) at the DOI above.",Li Ling.Latest housing construction valuation handbook. Beijing: China Statistics Press; 2002.
N-2513,Liu et al. (2025),https://doi.org/10.1021/acs.est.5c05684,Not stated by publisher,"Row with id = 2513 in the ""Database"" sheet of the freely downloadable Supporting Information (SI) at the DOI above.",Li Ling.Latest housing construction valuation handbook. Beijing: China Statistics Press; 2002.
N-2514,Liu et al. (2025),https://doi.org/10.1021/acs.est.5c05684,Not stated by publisher,"Row with id = 2514 in the ""Database"" sheet of the freely downloadable Supporting Information (SI) at the DOI above.",Li Ling.Latest housing construction valuation handbook. Beijing: China Statistics Press; 2002.
N-2515,Liu et al. (2025),https://doi.org/10.1021/acs.est.5c05684,Not stated by publisher,"Row with id = 2515 in the ""Database"" sheet of the freely downloadable Supporting Information (SI) at the DOI above.",Li Ling.Latest housing construction valuation handbook. Beijing: China Statistics Press; 2002.
N-2516,Liu et al. (2025),https://doi.org/10.1021/acs.est.5c05684,Not stated by publisher,"Row with id = 2516 in the ""Database"" sheet of the freely downloadable Supporting Information (SI) at the DOI above.",Li Ling.Latest housing construction valuation handbook. Beijing: China Statistics Press; 2002.
N-2517,Liu et al. (2025),https://doi.org/10.1021/acs.est.5c05684,Not stated by publisher,"Row with id = 2517 in the ""Database"" sheet of the freely downloadable Supporting Information (SI) at the DOI above.",Li Ling.Latest housing construction valuation handbook. Beijing: China Statistics Press; 2002.
N-2518,Liu et al. (2025),https://doi.org/10.1021/acs.est.5c05684,Not stated by publisher,"Row with id = 2518 in the ""Database"" sheet of the freely downloadable Supporting Information (SI) at the DOI above.",Li Ling.Latest housing construction valuation handbook. Beijing: China Statistics Press; 2002.
N-2611,Liu et al. (2025),https://doi.org/10.1021/acs.est.5c05684,Not stated by publisher,"Row with id = 2611 in the ""Database"" sheet of the freely downloadable Supporting Information (SI) at the DOI above.","Blengini, G. A. Life cycle of buildings, demolition and recycling potential: A case study in Turin, Italy. Build. Environ. 44, 319–330 (2009)."
N-2612,Liu et al. (2025),https://doi.org/10.1021/acs.est.5c05684,Not stated by publisher,"Row with id = 2612 in the ""Database"" sheet of the freely downloadable Supporting Information (SI) at the DOI above.","Mastrucci, A., Marvuglia, A., Popovici, E., Leopold, U. & Benetto, E. Geospatial characterization of building material stocks for the life cycle assessment of end-of-life scenarios at the urban scale. Resour. Conserv. Recycl. 123, 54–66 (2017)."
N-2613,Liu et al. (2025),https://doi.org/10.1021/acs.est.5c05684,Not stated by publisher,"Row with id = 2613 in the ""Database"" sheet of the freely downloadable Supporting Information (SI) at the DOI above.","Mastrucci, A., Marvuglia, A., Popovici, E., Leopold, U. & Benetto, E. Geospatial characterization of building material stocks for the life cycle assessment of end-of-life scenarios at the urban scale. Resour. Conserv. Recycl. 123, 54–66 (2017)."
N-2614,Liu et al. (2025),https://doi.org/10.1021/acs.est.5c05684,Not stated by publisher,"Row with id = 2614 in the ""Database"" sheet of the freely downloadable Supporting Information (SI) at the DOI above.","Mastrucci, A., Marvuglia, A., Popovici, E., Leopold, U. & Benetto, E. Geospatial characterization of building material stocks for the life cycle assessment of end-of-life scenarios at the urban scale. Resour. Conserv. Recycl. 123, 54–66 (2017)."
N-2616,Liu et al. (2025),https://doi.org/10.1021/acs.est.5c05684,Not stated by publisher,"Row with id = 2616 in the ""Database"" sheet of the freely downloadable Supporting Information (SI) at the DOI above.","Mastrucci, A., Marvuglia, A., Popovici, E., Leopold, U. & Benetto, E. Geospatial characterization of building material stocks for the life cycle assessment of end-of-life scenarios at the urban scale. Resour. Conserv. Recycl. 123, 54–66 (2017)."
N-2617,Liu et al. (2025),https://doi.org/10.1021/acs.est.5c05684,Not stated by publisher,"Row with id = 2617 in the ""Database"" sheet of the freely downloadable Supporting Information (SI) at the DOI above.","Mastrucci, A., Marvuglia, A., Popovici, E., Leopold, U. & Benetto, E. Geospatial characterization of building material stocks for the life cycle assessment of end-of-life scenarios at the urban scale. Resour. Conserv. Recycl. 123, 54–66 (2017)."
N-2618,Liu et al. (2025),https://doi.org/10.1021/acs.est.5c05684,Not stated by publisher,"Row with id = 2618 in the ""Database"" sheet of the freely downloadable Supporting Information (SI) at the DOI above.","Mastrucci, A., Marvuglia, A., Popovici, E., Leopold, U. & Benetto, E. Geospatial characterization of building material stocks for the life cycle assessment of end-of-life scenarios at the urban scale. Resour. Conserv. Recycl. 123, 54–66 (2017)."
N-2621,Liu et al. (2025),https://doi.org/10.1021/acs.est.5c05684,Not stated by publisher,"Row with id = 2621 in the ""Database"" sheet of the freely downloadable Supporting Information (SI) at the DOI above.","Bergsdal, H., Brattebø, H., Bohne, R. A. & Müller, D. B. Dynamic material flow analysis for Norway’s dwelling stock. Build. Res. Inf. 35, 557–570 (2007)."
N-2622,Liu et al. (2025),https://doi.org/10.1021/acs.est.5c05684,Not stated by publisher,"Row with id = 2622 in the ""Database"" sheet of the freely downloadable Supporting Information (SI) at the DOI above.","Bergsdal, H., Brattebø, H., Bohne, R. A. & Müller, D. B. Dynamic material flow analysis for Norway’s dwelling stock. Build. Res. Inf. 35, 557–570 (2007)."
N-2623,Liu et al. (2025),https://doi.org/10.1021/acs.est.5c05684,Not stated by publisher,"Row with id = 2623 in the ""Database"" sheet of the freely downloadable Supporting Information (SI) at the DOI above.","Bergsdal, H., Brattebø, H., Bohne, R. A. & Müller, D. B. Dynamic material flow analysis for Norway’s dwelling stock. Build. Res. Inf. 35, 557–570 (2007)."
N-2624,Liu et al. (2025),https://doi.org/10.1021/acs.est.5c05684,Not stated by publisher,"Row with id = 2624 in the ""Database"" sheet of the freely downloadable Supporting Information (SI) at the DOI above.","Bergsdal, H., Brattebø, H., Bohne, R. A. & Müller, D. B. Dynamic material flow analysis for Norway’s dwelling stock. Build. Res. Inf. 35, 557–570 (2007)."
N-2625,Liu et al. (2025),https://doi.org/10.1021/acs.est.5c05684,Not stated by publisher,"Row with id = 2625 in the ""Database"" sheet of the freely downloadable Supporting Information (SI) at the DOI above.","Bergsdal, H., Brattebø, H., Bohne, R. A. & Müller, D. B. Dynamic material flow analysis for Norway’s dwelling stock. Build. Res. Inf. 35, 557–570 (2007)."
N-2626,Liu et al. (2025),https://doi.org/10.1021/acs.est.5c05684,Not stated by publisher,"Row with id = 2626 in the ""Database"" sheet of the freely downloadable Supporting Information (SI) at the DOI above.","Bergsdal, H., Brattebø, H., Bohne, R. A. & Müller, D. B. Dynamic material flow analysis for Norway’s dwelling stock. Build. Res. Inf. 35, 557–570 (2007)."
N-2627,Liu et al. (2025),https://doi.org/10.1021/acs.est.5c05684,Not stated by publisher,"Row with id = 2627 in the ""Database"" sheet of the freely downloadable Supporting Information (SI) at the DOI above.","Bergsdal, H., Brattebø, H., Bohne, R. A. & Müller, D. B. Dynamic material flow analysis for Norway’s dwelling stock. Build. Res. Inf. 35, 557–570 (2007)."
N-2628,Liu et al. (2025),https://doi.org/10.1021/acs.est.5c05684,Not stated by publisher,"Row with id = 2628 in the ""Database"" sheet of the freely downloadable Supporting Information (SI) at the DOI above.","Bergsdal, H., Brattebø, H., Bohne, R. A. & Müller, D. B. Dynamic material flow analysis for Norway’s dwelling stock. Build. Res. Inf. 35, 557–570 (2007)."
N-2629,Liu et al. (2025),https://doi.org/10.1021/acs.est.5c05684,Not stated by publisher,"Row with id = 2629 in the ""Database"" sheet of the freely downloadable Supporting Information (SI) at the DOI above.","Bergsdal, H., Brattebø, H., Bohne, R. A. & Müller, D. B. Dynamic material flow analysis for Norway’s dwelling stock. Build. Res. Inf. 35, 557–570 (2007)."
N-2630,Liu et al. (2025),https://doi.org/10.1021/acs.est.5c05684,Not stated by publisher,"Row with id = 2630 in the ""Database"" sheet of the freely downloadable Supporting Information (SI) at the DOI above.","Bergsdal, H., Brattebø, H., Bohne, R. A. & Müller, D. B. Dynamic material flow analysis for Norway’s dwelling stock. Build. Res. Inf. 35, 557–570 (2007)."
N-2631,Liu et al. (2025),https://doi.org/10.1021/acs.est.5c05684,Not stated by publisher,"Row with id = 2631 in the ""Database"" sheet of the freely downloadable Supporting Information (SI) at the DOI above.","Bergsdal, H., Brattebø, H., Bohne, R. A. & Müller, D. B. Dynamic material flow analysis for Norway’s dwelling stock. Build. Res. Inf. 35, 557–570 (2007)."
N-2632,Liu et al. (2025),https://doi.org/10.1021/acs.est.5c05684,Not stated by publisher,"Row with id = 2632 in the ""Database"" sheet of the freely downloadable Supporting Information (SI) at the DOI above.","Bergsdal, H., Brattebø, H., Bohne, R. A. & Müller, D. B. Dynamic material flow analysis for Norway’s dwelling stock. Build. Res. Inf. 35, 557–570 (2007)."
N-2633,Liu et al. (2025),https://doi.org/10.1021/acs.est.5c05684,Not stated by publisher,"Row with id = 2633 in the ""Database"" sheet of the freely downloadable Supporting Information (SI) at the DOI above.","Bergsdal, H., Brattebø, H., Bohne, R. A. & Müller, D. B. Dynamic material flow analysis for Norway’s dwelling stock. Build. Res. Inf. 35, 557–570 (2007)."
N-2634,Liu et al. (2025),https://doi.org/10.1021/acs.est.5c05684,Not stated by publisher,"Row with id = 2634 in the ""Database"" sheet of the freely downloadable Supporting Information (SI) at the DOI above.","Bergsdal, H., Brattebø, H., Bohne, R. A. & Müller, D. B. Dynamic material flow analysis for Norway’s dwelling stock. Build. Res. Inf. 35, 557–570 (2007)."
N-2635,Liu et al. (2025),https://doi.org/10.1021/acs.est.5c05684,Not stated by publisher,"Row with id = 2635 in the ""Database"" sheet of the freely downloadable Supporting Information (SI) at the DOI above.","Bergsdal, H., Brattebø, H., Bohne, R. A. & Müller, D. B. Dynamic material flow analysis for Norway’s dwelling stock. Build. Res. Inf. 35, 557–570 (2007)."
N-2636,Liu et al. (2025),https://doi.org/10.1021/acs.est.5c05684,Not stated by publisher,"Row with id = 2636 in the ""Database"" sheet of the freely downloadable Supporting Information (SI) at the DOI above.","Bergsdal, H., Brattebø, H., Bohne, R. A. & Müller, D. B. Dynamic material flow analysis for Norway’s dwelling stock. Build. Res. Inf. 35, 557–570 (2007)."
N-2637,Liu et al. (2025),https://doi.org/10.1021/acs.est.5c05684,Not stated by publisher,"Row with id = 2637 in the ""Database"" sheet of the freely downloadable Supporting Information (SI) at the DOI above.","Bergsdal, H., Brattebø, H., Bohne, R. A. & Müller, D. B. Dynamic material flow analysis for Norway’s dwelling stock. Build. Res. Inf. 35, 557–570 (2007)."
N-2638,Liu et al. (2025),https://doi.org/10.1021/acs.est.5c05684,Not stated by publisher,"Row with id = 2638 in the ""Database"" sheet of the freely downloadable Supporting Information (SI) at the DOI above.","Bergsdal, H., Brattebø, H., Bohne, R. A. & Müller, D. B. Dynamic material flow analysis for Norway’s dwelling stock. Build. Res. Inf. 35, 557–570 (2007)."
N-2639,Liu et al. (2025),https://doi.org/10.1021/acs.est.5c05684,Not stated by publisher,"Row with id = 2639 in the ""Database"" sheet of the freely downloadable Supporting Information (SI) at the DOI above.","Bergsdal, H., Brattebø, H., Bohne, R. A. & Müller, D. B. Dynamic material flow analysis for Norway’s dwelling stock. Build. Res. Inf. 35, 557–570 (2007)."
N-2640,Liu et al. (2025),https://doi.org/10.1021/acs.est.5c05684,Not stated by publisher,"Row with id = 2640 in the ""Database"" sheet of the freely downloadable Supporting Information (SI) at the DOI above.","Bergsdal, H., Brattebø, H., Bohne, R. A. & Müller, D. B. Dynamic material flow analysis for Norway’s dwelling stock. Build. Res. Inf. 35, 557–570 (2007)."
N-2641,Liu et al. (2025),https://doi.org/10.1021/acs.est.5c05684,Not stated by publisher,"Row with id = 2641 in the ""Database"" sheet of the freely downloadable Supporting Information (SI) at the DOI above.","Bergsdal, H., Brattebø, H., Bohne, R. A. & Müller, D. B. Dynamic material flow analysis for Norway’s dwelling stock. Build. Res. Inf. 35, 557–570 (2007)."
N-2642,Liu et al. (2025),https://doi.org/10.1021/acs.est.5c05684,Not stated by publisher,"Row with id = 2642 in the ""Database"" sheet of the freely downloadable Supporting Information (SI) at the DOI above.","Bergsdal, H., Brattebø, H., Bohne, R. A. & Müller, D. B. Dynamic material flow analysis for Norway’s dwelling stock. Build. Res. Inf. 35, 557–570 (2007)."
N-2643,Liu et al. (2025),https://doi.org/10.1021/acs.est.5c05684,Not stated by publisher,"Row with id = 2643 in the ""Database"" sheet of the freely downloadable Supporting Information (SI) at the DOI above.","Bergsdal, H., Brattebø, H., Bohne, R. A. & Müller, D. B. Dynamic material flow analysis for Norway’s dwelling stock. Build. Res. Inf. 35, 557–570 (2007)."
N-2644,Liu et al. (2025),https://doi.org/10.1021/acs.est.5c05684,Not stated by publisher,"Row with id = 2644 in the ""Database"" sheet of the freely downloadable Supporting Information (SI) at the DOI above.","Bergsdal, H., Brattebø, H., Bohne, R. A. & Müller, D. B. Dynamic material flow analysis for Norway’s dwelling stock. Build. Res. Inf. 35, 557–570 (2007)."
N-2645,Liu et al. (2025),https://doi.org/10.1021/acs.est.5c05684,Not stated by publisher,"Row with id = 2645 in the ""Database"" sheet of the freely downloadable Supporting Information (SI) at the DOI above.","Bergsdal, H., Brattebø, H., Bohne, R. A. & Müller, D. B. Dynamic material flow analysis for Norway’s dwelling stock. Build. Res. Inf. 35, 557–570 (2007)."
N-2649,Liu et al. (2025),https://doi.org/10.1021/acs.est.5c05684,Not stated by publisher,"Row with id = 2649 in the ""Database"" sheet of the freely downloadable Supporting Information (SI) at the DOI above.","Gontia, P., Nägeli, C., Rosado, L., Kalmykova, Y. & Österbring, M. Material-intensity database of residential buildings: A case-study of Sweden in the international context. Resour. Conserv. Recycl. 130, 228–239 (2018)."
N-2650,Liu et al. (2025),https://doi.org/10.1021/acs.est.5c05684,Not stated by publisher,"Row with id = 2650 in the ""Database"" sheet of the freely downloadable Supporting Information (SI) at the DOI above.","Gontia, P., Nägeli, C., Rosado, L., Kalmykova, Y. & Österbring, M. Material-intensity database of residential buildings: A case-study of Sweden in the international context. Resour. Conserv. Recycl. 130, 228–239 (2018)."
N-2661,Liu et al. (2025),https://doi.org/10.1021/acs.est.5c05684,Not stated by publisher,"Row with id = 2661 in the ""Database"" sheet of the freely downloadable Supporting Information (SI) at the DOI above.","Gontia, P., Nägeli, C., Rosado, L., Kalmykova, Y. & Österbring, M. Material-intensity database of residential buildings: A case-study of Sweden in the international context. Resour. Conserv. Recycl. 130, 228–239 (2018)."
N-2662,Liu et al. (2025),https://doi.org/10.1021/acs.est.5c05684,Not stated by publisher,"Row with id = 2662 in the ""Database"" sheet of the freely downloadable Supporting Information (SI) at the DOI above.","Gontia, P., Nägeli, C., Rosado, L., Kalmykova, Y. & Österbring, M. Material-intensity database of residential buildings: A case-study of Sweden in the international context. Resour. Conserv. Recycl. 130, 228–239 (2018)."
N-2666,Liu et al. (2025),https://doi.org/10.1021/acs.est.5c05684,Not stated by publisher,"Row with id = 2666 in the ""Database"" sheet of the freely downloadable Supporting Information (SI) at the DOI above.","Gontia, P., Nägeli, C., Rosado, L., Kalmykova, Y. & Österbring, M. Material-intensity database of residential buildings: A case-study of Sweden in the international context. Resour. Conserv. Recycl. 130, 228–239 (2018)."
N-2673,Liu et al. (2025),https://doi.org/10.1021/acs.est.5c05684,Not stated by publisher,"Row with id = 2673 in the ""Database"" sheet of the freely downloadable Supporting Information (SI) at the DOI above.","Gontia, P., Nägeli, C., Rosado, L., Kalmykova, Y. & Österbring, M. Material-intensity database of residential buildings: A case-study of Sweden in the international context. Resour. Conserv. Recycl. 130, 228–239 (2018)."
N-2674,Liu et al. (2025),https://doi.org/10.1021/acs.est.5c05684,Not stated by publisher,"Row with id = 2674 in the ""Database"" sheet of the freely downloadable Supporting Information (SI) at the DOI above.","Gontia, P., Nägeli, C., Rosado, L., Kalmykova, Y. & Österbring, M. Material-intensity database of residential buildings: A case-study of Sweden in the international context. Resour. Conserv. Recycl. 130, 228–239 (2018)."
N-2676,Liu et al. (2025),https://doi.org/10.1021/acs.est.5c05684,Not stated by publisher,"Row with id = 2676 in the ""Database"" sheet of the freely downloadable Supporting Information (SI) at the DOI above.","Gontia, P., Nägeli, C., Rosado, L., Kalmykova, Y. & Österbring, M. Material-intensity database of residential buildings: A case-study of Sweden in the international context. Resour. Conserv. Recycl. 130, 228–239 (2018)."
N-2677,Liu et al. (2025),https://doi.org/10.1021/acs.est.5c05684,Not stated by publisher,"Row with id = 2677 in the ""Database"" sheet of the freely downloadable Supporting Information (SI) at the DOI above.","Gontia, P., Nägeli, C., Rosado, L., Kalmykova, Y. & Österbring, M. Material-intensity database of residential buildings: A case-study of Sweden in the international context. Resour. Conserv. Recycl. 130, 228–239 (2018)."
N-2679,Liu et al. (2025),https://doi.org/10.1021/acs.est.5c05684,Not stated by publisher,"Row with id = 2679 in the ""Database"" sheet of the freely downloadable Supporting Information (SI) at the DOI above.","Gontia, P., Nägeli, C., Rosado, L., Kalmykova, Y. & Österbring, M. Material-intensity database of residential buildings: A case-study of Sweden in the international context. Resour. Conserv. Recycl. 130, 228–239 (2018)."
N-2683,Liu et al. (2025),https://doi.org/10.1021/acs.est.5c05684,Not stated by publisher,"Row with id = 2683 in the ""Database"" sheet of the freely downloadable Supporting Information (SI) at the DOI above.","Gontia, P., Nägeli, C., Rosado, L., Kalmykova, Y. & Österbring, M. Material-intensity database of residential buildings: A case-study of Sweden in the international context. Resour. Conserv. Recycl. 130, 228–239 (2018)."
N-2684,Liu et al. (2025),https://doi.org/10.1021/acs.est.5c05684,Not stated by publisher,"Row with id = 2684 in the ""Database"" sheet of the freely downloadable Supporting Information (SI) at the DOI above.","Gontia, P., Nägeli, C., Rosado, L., Kalmykova, Y. & Österbring, M. Material-intensity database of residential buildings: A case-study of Sweden in the international context. Resour. Conserv. Recycl. 130, 228–239 (2018)."
N-2926,Liu et al. (2025),https://doi.org/10.1021/acs.est.5c05684,Not stated by publisher,"Row with id = 2926 in the ""Database"" sheet of the freely downloadable Supporting Information (SI) at the DOI above.","Reyna, J. L. & Chester, M. V. The Growth of Urban Building Stock: Unintended Lock-in and Embedded Environmental Effects. J. Ind. Ecol. 19, 524–537 (2015)."
N-2927,Liu et al. (2025),https://doi.org/10.1021/acs.est.5c05684,Not stated by publisher,"Row with id = 2927 in the ""Database"" sheet of the freely downloadable Supporting Information (SI) at the DOI above.","Reyna, J. L. & Chester, M. V. The Growth of Urban Building Stock: Unintended Lock-in and Embedded Environmental Effects. J. Ind. Ecol. 19, 524–537 (2015)."
N-2992,Liu et al. (2025),https://doi.org/10.1021/acs.est.5c05684,Not stated by publisher,"Row with id = 2992 in the ""Database"" sheet of the freely downloadable Supporting Information (SI) at the DOI above.","Johnstone, I. M. Energy and mass flows of housing: a model and example. Build. Environ. 36, 27–41 (2001)."
N-2993,Liu et al. (2025),https://doi.org/10.1021/acs.est.5c05684,Not stated by publisher,"Row with id = 2993 in the ""Database"" sheet of the freely downloadable Supporting Information (SI) at the DOI above.","Johnstone, I. M. Energy and mass flows of housing: a model and example. Build. Environ. 36, 27–41 (2001)."
B-83,Heeren & Fishman (2019),https://doi.org/10.5281/zenodo.2555063,CC BY 4.0,Row with id = 83 (0-indexed) in the downloadable source CSV,
B-84,Heeren & Fishman (2019),https://doi.org/10.5281/zenodo.2555063,CC BY 4.0,Row with id = 84 (0-indexed) in the downloadable source CSV,
B-103,Heeren & Fishman (2019),https://doi.org/10.5281/zenodo.2555063,CC BY 4.0,Row with id = 103 (0-indexed) in the downloadable source CSV,
B-104,Heeren & Fishman (2019),https://doi.org/10.5281/zenodo.2555063,CC BY 4.0,Row with id = 104 (0-indexed) in the downloadable source CSV,
B-105,Heeren & Fishman (2019),https://doi.org/10.5281/zenodo.2555063,CC BY 4.0,Row with id = 105 (0-indexed) in the downloadable source CSV,
B-106,Heeren & Fishman (2019),https://doi.org/10.5281/zenodo.2555063,CC BY 4.0,Row with id = 106 (0-indexed) in the downloadable source CSV,
B-107,Heeren & Fishman (2019),https://doi.org/10.5281/zenodo.2555063,CC BY 4.0,Row with id = 107 (0-indexed) in the downloadable source CSV,
B-108,Heeren & Fishman (2019),https://doi.org/10.5281/zenodo.2555063,CC BY 4.0,Row with id = 108 (0-indexed) in the downloadable source CSV,
B-109,Heeren & Fishman (2019),https://doi.org/10.5281/zenodo.2555063,CC BY 4.0,Row with id = 109 (0-indexed) in the downloadable source CSV,
B-110,Heeren & Fishman (2019),https://doi.org/10.5281/zenodo.2555063,CC BY 4.0,Row with id = 110 (0-indexed) in the downloadable source CSV,
B-111,Heeren & Fishman (2019),https://doi.org/10.5281/zenodo.2555063,CC BY 4.0,Row with id = 111 (0-indexed) in the downloadable source CSV,
B-112,Heeren & Fishman (2019),https://doi.org/10.5281/zenodo.2555063,CC BY 4.0,Row with id = 112 (0-indexed) in the downloadable source CSV,
B-113,Heeren & Fishman (2019),https://doi.org/10.5281/zenodo.2555063,CC BY 4.0,Row with id = 113 (0-indexed) in the downloadable source CSV,
B-114,Heeren & Fishman (2019),https://doi.org/10.5281/zenodo.2555063,CC BY 4.0,Row with id = 114 (0-indexed) in the downloadable source CSV,
B-115,Heeren & Fishman (2019),https://doi.org/10.5281/zenodo.2555063,CC BY 4.0,Row with id = 115 (0-indexed) in the downloadable source CSV,
B-116,Heeren & Fishman (2019),https://doi.org/10.5281/zenodo.2555063,CC BY 4.0,Row with id = 116 (0-indexed) in the downloadable source CSV,
B-117,Heeren & Fishman (2019),https://doi.org/10.5281/zenodo.2555063,CC BY 4.0,Row with id = 117 (0-indexed) in the downloadable source CSV,
B-118,Heeren & Fishman (2019),https://doi.org/10.5281/zenodo.2555063,CC BY 4.0,Row with id = 118 (0-indexed) in the downloadable source CSV,
B-119,Heeren & Fishman (2019),https://doi.org/10.5281/zenodo.2555063,CC BY 4.0,Row with id = 119 (0-indexed) in the downloadable source CSV,
B-120,Heeren & Fishman (2019),https://doi.org/10.5281/zenodo.2555063,CC BY 4.0,Row with id = 120 (0-indexed) in the downloadable source CSV,
B-121,Heeren & Fishman (2019),https://doi.org/10.5281/zenodo.2555063,CC BY 4.0,Row with id = 121 (0-indexed) in the downloadable source CSV,
B-122,Heeren & Fishman (2019),https://doi.org/10.5281/zenodo.2555063,CC BY 4.0,Row with id = 122 (0-indexed) in the downloadable source CSV,
B-123,Heeren & Fishman (2019),https://doi.org/10.5281/zenodo.2555063,CC BY 4.0,Row with id = 123 (0-indexed) in the downloadable source CSV,
B-124,Heeren & Fishman (2019),https://doi.org/10.5281/zenodo.2555063,CC BY 4.0,Row with id = 124 (0-indexed) in the downloadable source CSV,
B-125,Heeren & Fishman (2019),https://doi.org/10.5281/zenodo.2555063,CC BY 4.0,Row with id = 125 (0-indexed) in the downloadable source CSV,
B-126,Heeren & Fishman (2019),https://doi.org/10.5281/zenodo.2555063,CC BY 4.0,Row with id = 126 (0-indexed) in the downloadable source CSV,
B-127,Heeren & Fishman (2019),https://doi.org/10.5281/zenodo.2555063,CC BY 4.0,Row with id = 127 (0-indexed) in the downloadable source CSV,
B-128,Heeren & Fishman (2019),https://doi.org/10.5281/zenodo.2555063,CC BY 4.0,Row with id = 128 (0-indexed) in the downloadable source CSV,
B-129,Heeren & Fishman (2019),https://doi.org/10.5281/zenodo.2555063,CC BY 4.0,Row with id = 129 (0-indexed) in the downloadable source CSV,
B-130,Heeren & Fishman (2019),https://doi.org/10.5281/zenodo.2555063,CC BY 4.0,Row with id = 130 (0-indexed) in the downloadable source CSV,
B-131,Heeren & Fishman (2019),https://doi.org/10.5281/zenodo.2555063,CC BY 4.0,Row with id = 131 (0-indexed) in the downloadable source CSV,
B-132,Heeren & Fishman (2019),https://doi.org/10.5281/zenodo.2555063,CC BY 4.0,Row with id = 132 (0-indexed) in the downloadable source CSV,
B-133,Heeren & Fishman (2019),https://doi.org/10.5281/zenodo.2555063,CC BY 4.0,Row with id = 133 (0-indexed) in the downloadable source CSV,
B-134,Heeren & Fishman (2019),https://doi.org/10.5281/zenodo.2555063,CC BY 4.0,Row with id = 134 (0-indexed) in the downloadable source CSV,
B-135,Heeren & Fishman (2019),https://doi.org/10.5281/zenodo.2555063,CC BY 4.0,Row with id = 135 (0-indexed) in the downloadable source CSV,
B-136,Heeren & Fishman (2019),https://doi.org/10.5281/zenodo.2555063,CC BY 4.0,Row with id = 136 (0-indexed) in the downloadable source CSV,
B-137,Heeren & Fishman (2019),https://doi.org/10.5281/zenodo.2555063,CC BY 4.0,Row with id = 137 (0-indexed) in the downloadable source CSV,
B-138,Heeren & Fishman (2019),https://doi.org/10.5281/zenodo.2555063,CC BY 4.0,Row with id = 138 (0-indexed) in the downloadable source CSV,
B-172,Heeren & Fishman (2019),https://doi.org/10.5281/zenodo.2555063,CC BY 4.0,Row with id = 172 (0-indexed) in the downloadable source CSV,
B-173,Heeren & Fishman (2019),https://doi.org/10.5281/zenodo.2555063,CC BY 4.0,Row with id = 173 (0-indexed) in the downloadable source CSV,
B-174,Heeren & Fishman (2019),https://doi.org/10.5281/zenodo.2555063,CC BY 4.0,Row with id = 174 (0-indexed) in the downloadable source CSV,
B-175,Heeren & Fishman (2019),https://doi.org/10.5281/zenodo.2555063,CC BY 4.0,Row with id = 175 (0-indexed) in the downloadable source CSV,
B-179,Heeren & Fishman (2019),https://doi.org/10.5281/zenodo.2555063,CC BY 4.0,Row with id = 179 (0-indexed) in the downloadable source CSV,
B-183,Heeren & Fishman (2019),https://doi.org/10.5281/zenodo.2555063,CC BY 4.0,Row with id = 183 (0-indexed) in the downloadable source CSV,
B-213,Heeren & Fishman (2019),https://doi.org/10.5281/zenodo.2555063,CC BY 4.0,Row with id = 213 (0-indexed) in the downloadable source CSV,
B-214,Heeren & Fishman (2019),https://doi.org/10.5281/zenodo.2555063,CC BY 4.0,Row with id = 214 (0-indexed) in the downloadable source CSV,
B-215,Heeren & Fishman (2019),https://doi.org/10.5281/zenodo.2555063,CC BY 4.0,Row with id = 215 (0-indexed) in the downloadable source CSV,
B-216,Heeren & Fishman (2019),https://doi.org/10.5281/zenodo.2555063,CC BY 4.0,Row with id = 216 (0-indexed) in the downloadable source CSV,
B-217,Heeren & Fishman (2019),https://doi.org/10.5281/zenodo.2555063,CC BY 4.0,Row with id = 217 (0-indexed) in the downloadable source CSV,
B-218,Heeren & Fishman (2019),https://doi.org/10.5281/zenodo.2555063,CC BY 4.0,Row with id = 218 (0-indexed) in the downloadable source CSV,
B-228,Heeren & Fishman (2019),https://doi.org/10.5281/zenodo.2555063,CC BY 4.0,Row with id = 228 (0-indexed) in the downloadable source CSV,
B-229,Heeren & Fishman (2019),https://doi.org/10.5281/zenodo.2555063,CC BY 4.0,Row with id = 229 (0-indexed) in the downloadable source CSV,
B-230,Heeren & Fishman (2019),https://doi.org/10.5281/zenodo.2555063,CC BY 4.0,Row with id = 230 (0-indexed) in the downloadable source CSV,
B-234,Heeren & Fishman (2019),https://doi.org/10.5281/zenodo.2555063,CC BY 4.0,Row with id = 234 (0-indexed) in the downloadable source CSV,
B-235,Heeren & Fishman (2019),https://doi.org/10.5281/zenodo.2555063,CC BY 4.0,Row with id = 235 (0-indexed) in the downloadable source CSV,
B-237,Heeren & Fishman (2019),https://doi.org/10.5281/zenodo.2555063,CC BY 4.0,Row with id = 237 (0-indexed) in the downloadable source CSV,
B-238,Heeren & Fishman (2019),https://doi.org/10.5281/zenodo.2555063,CC BY 4.0,Row with id = 238 (0-indexed) in the downloadable source CSV,
B-239,Heeren & Fishman (2019),https://doi.org/10.5281/zenodo.2555063,CC BY 4.0,Row with id = 239 (0-indexed) in the downloadable source CSV,
B-240,Heeren & Fishman (2019),https://doi.org/10.5281/zenodo.2555063,CC BY 4.0,Row with id = 240 (0-indexed) in the downloadable source CSV,
B-241,Heeren & Fishman (2019),https://doi.org/10.5281/zenodo.2555063,CC BY 4.0,Row with id = 241 (0-indexed) in the downloadable source CSV,
B-242,Heeren & Fishman (2019),https://doi.org/10.5281/zenodo.2555063,CC BY 4.0,Row with id = 242 (0-indexed) in the downloadable source CSV,
B-263,Heeren & Fishman (2019),https://doi.org/10.5281/zenodo.2555063,CC BY 4.0,Row with id = 263 (0-indexed) in the downloadable source CSV,
B-264,Heeren & Fishman (2019),https://doi.org/10.5281/zenodo.2555063,CC BY 4.0,Row with id = 264 (0-indexed) in the downloadable source CSV,
B-266,Heeren & Fishman (2019),https://doi.org/10.5281/zenodo.2555063,CC BY 4.0,Row with id = 266 (0-indexed) in the downloadable source CSV,
B-273,Heeren & Fishman (2019),https://doi.org/10.5281/zenodo.2555063,CC BY 4.0,Row with id = 273 (0-indexed) in the downloadable source CSV,
B-274,Heeren & Fishman (2019),https://doi.org/10.5281/zenodo.2555063,CC BY 4.0,Row with id = 274 (0-indexed) in the downloadable source CSV,
B-275,Heeren & Fishman (2019),https://doi.org/10.5281/zenodo.2555063,CC BY 4.0,Row with id = 275 (0-indexed) in the downloadable source CSV,
B-276,Heeren & Fishman (2019),https://doi.org/10.5281/zenodo.2555063,CC BY 4.0,Row with id = 276 (0-indexed) in the downloadable source CSV,
B-277,Heeren & Fishman (2019),https://doi.org/10.5281/zenodo.2555063,CC BY 4.0,Row with id = 277 (0-indexed) in the downloadable source CSV,
B-278,Heeren & Fishman (2019),https://doi.org/10.5281/zenodo.2555063,CC BY 4.0,Row with id = 278 (0-indexed) in the downloadable source CSV,
B-279,Heeren & Fishman (2019),https://doi.org/10.5281/zenodo.2555063,CC BY 4.0,Row with id = 279 (0-indexed) in the downloadable source CSV,
B-304,Heeren & Fishman (2019),https://doi.org/10.5281/zenodo.2555063,CC BY 4.0,Row with id = 304 (0-indexed) in the downloadable source CSV,
B-305,Heeren & Fishman (2019),https://doi.org/10.5281/zenodo.2555063,CC BY 4.0,Row with id = 305 (0-indexed) in the downloadable source CSV,
B-306,Heeren & Fishman (2019),https://doi.org/10.5281/zenodo.2555063,CC BY 4.0,Row with id = 306 (0-indexed) in the downloadable source CSV,
B-307,Heeren & Fishman (2019),https://doi.org/10.5281/zenodo.2555063,CC BY 4.0,Row with id = 307 (0-indexed) in the downloadable source CSV,
B-308,Heeren & Fishman (2019),https://doi.org/10.5281/zenodo.2555063,CC BY 4.0,Row with id = 308 (0-indexed) in the downloadable source CSV,
B-309,Heeren & Fishman (2019),https://doi.org/10.5281/zenodo.2555063,CC BY 4.0,Row with id = 309 (0-indexed) in the downloadable source CSV,
B-312,Heeren & Fishman (2019),https://doi.org/10.5281/zenodo.2555063,CC BY 4.0,Row with id = 312 (0-indexed) in the downloadable source CSV,
B-315,Heeren & Fishman (2019),https://doi.org/10.5281/zenodo.2555063,CC BY 4.0,Row with id = 315 (0-indexed) in the downloadable source CSV,
B-316,Heeren & Fishman (2019),https://doi.org/10.5281/zenodo.2555063,CC BY 4.0,Row with id = 316 (0-indexed) in the downloadable source CSV,
B-317,Heeren & Fishman (2019),https://doi.org/10.5281/zenodo.2555063,CC BY 4.0,Row with id = 317 (0-indexed) in the downloadable source CSV,
B-318,Heeren & Fishman (2019),https://doi.org/10.5281/zenodo.2555063,CC BY 4.0,Row with id = 318 (0-indexed) in the downloadable source CSV,
B-319,Heeren & Fishman (2019),https://doi.org/10.5281/zenodo.2555063,CC BY 4.0,Row with id = 319 (0-indexed) in the downloadable source CSV,
B-320,Heeren & Fishman (2019),https://doi.org/10.5281/zenodo.2555063,CC BY 4.0,Row with id = 320 (0-indexed) in the downloadable source CSV,
B-321,Heeren & Fishman (2019),https://doi.org/10.5281/zenodo.2555063,CC BY 4.0,Row with id = 321 (0-indexed) in the downloadable source CSV,
B-322,Heeren & Fishman (2019),https://doi.org/10.5281/zenodo.2555063,CC BY 4.0,Row with id = 322 (0-indexed) in the downloadable source CSV,
B-325,Heeren & Fishman (2019),https://doi.org/10.5281/zenodo.2555063,CC BY 4.0,Row with id = 325 (0-indexed) in the downloadable source CSV,
B-326,Heeren & Fishman (2019),https://doi.org/10.5281/zenodo.2555063,CC BY 4.0,Row with id = 326 (0-indexed) in the downloadable source CSV,
B-327,Heeren & Fishman (2019),https://doi.org/10.5281/zenodo.2555063,CC BY 4.0,Row with id = 327 (0-indexed) in the downloadable source CSV,
B-328,Heeren & Fishman (2019),https://doi.org/10.5281/zenodo.2555063,CC BY 4.0,Row with id = 328 (0-indexed) in the downloadable source CSV,
B-329,Heeren & Fishman (2019),https://doi.org/10.5281/zenodo.2555063,CC BY 4.0,Row with id = 329 (0-indexed) in the downloadable source CSV,
B-330,Heeren & Fishman (2019),https://doi.org/10.5281/zenodo.2555063,CC BY 4.0,Row with id = 330 (0-indexed) in the downloadable source CSV,
B-341,Heeren & Fishman (2019),https://doi.org/10.5281/zenodo.2555063,CC BY 4.0,Row with id = 341 (0-indexed) in the downloadable source CSV,
B-342,Heeren & Fishman (2019),https://doi.org/10.5281/zenodo.2555063,CC BY 4.0,Row with id = 342 (0-indexed) in the downloadable source CSV,
B-343,Heeren & Fishman (2019),https://doi.org/10.5281/zenodo.2555063,CC BY 4.0,Row with id = 343 (0-indexed) in the downloadable source CSV,
B-344,Heeren & Fishman (2019),https://doi.org/10.5281/zenodo.2555063,CC BY 4.0,Row with id = 344 (0-indexed) in the downloadable source CSV,
B-389,Heeren & Fishman (2019),https://doi.org/10.5281/zenodo.2555063,CC BY 4.0,Row with id = 389 (0-indexed) in the downloadable source CSV,
B-462,Heeren & Fishman (2019),https://doi.org/10.5281/zenodo.2555063,CC BY 4.0,Row with id = 462 (0-indexed) in the downloadable source CSV,
B-463,Heeren & Fishman (2019),https://doi.org/10.5281/zenodo.2555063,CC BY 4.0,Row with id = 463 (0-indexed) in the downloadable source CSV,
B-464,Heeren & Fishman (2019),https://doi.org/10.5281/zenodo.2555063,CC BY 4.0,Row with id = 464 (0-indexed) in the downloadable source CSV,
B-465,Heeren & Fishman (2019),https://doi.org/10.5281/zenodo.2555063,CC BY 4.0,Row with id = 465 (0-indexed) in the downloadable source CSV,
B-466,Heeren & Fishman (2019),https://doi.org/10.5281/zenodo.2555063,CC BY 4.0,Row with id = 466 (0-indexed) in the downloadable source CSV,
B-467,Heeren & Fishman (2019),https://doi.org/10.5281/zenodo.2555063,CC BY 4.0,Row with id = 467 (0-indexed) in the downloadable source CSV,
B-468,Heeren & Fishman (2019),https://doi.org/10.5281/zenodo.2555063,CC BY 4.0,Row with id = 468 (0-indexed) in the downloadable source CSV,
B-469,Heeren & Fishman (2019),https://doi.org/10.5281/zenodo.2555063,CC BY 4.0,Row with id = 469 (0-indexed) in the downloadable source CSV,
B-470,Heeren & Fishman (2019),https://doi.org/10.5281/zenodo.2555063,CC BY 4.0,Row with id = 470 (0-indexed) in the downloadable source CSV,
B-471,Heeren & Fishman (2019),https://doi.org/10.5281/zenodo.2555063,CC BY 4.0,Row with id = 471 (0-indexed) in the downloadable source CSV,
B-472,Heeren & Fishman (2019),https://doi.org/10.5281/zenodo.2555063,CC BY 4.0,Row with id = 472 (0-indexed) in the downloadable source CSV,
B-473,Heeren & Fishman (2019),https://doi.org/10.5281/zenodo.2555063,CC BY 4.0,Row with id = 473 (0-indexed) in the downloadable source CSV,
B-474,Heeren & Fishman (2019),https://doi.org/10.5281/zenodo.2555063,CC BY 4.0,Row with id = 474 (0-indexed) in the downloadable source CSV,
B-475,Heeren & Fishman (2019),https://doi.org/10.5281/zenodo.2555063,CC BY 4.0,Row with id = 475 (0-indexed) in the downloadable source CSV,
B-476,Heeren & Fishman (2019),https://doi.org/10.5281/zenodo.2555063,CC BY 4.0,Row with id = 476 (0-indexed) in the downloadable source CSV,
B-477,Heeren & Fishman (2019),https://doi.org/10.5281/zenodo.2555063,CC BY 4.0,Row with id = 477 (0-indexed) in the downloadable source CSV,
B-479,Heeren & Fishman (2019),https://doi.org/10.5281/zenodo.2555063,CC BY 4.0,Row with id = 479 (0-indexed) in the downloadable source CSV,
B-480,Heeren & Fishman (2019),https://doi.org/10.5281/zenodo.2555063,CC BY 4.0,Row with id = 480 (0-indexed) in the downloadable source CSV,
B-481,Heeren & Fishman (2019),https://doi.org/10.5281/zenodo.2555063,CC BY 4.0,Row with id = 481 (0-indexed) in the downloadable source CSV,
B-482,Heeren & Fishman (2019),https://doi.org/10.5281/zenodo.2555063,CC BY 4.0,Row with id = 482 (0-indexed) in the downloadable source CSV,
B-483,Heeren & Fishman (2019),https://doi.org/10.5281/zenodo.2555063,CC BY 4.0,Row with id = 483 (0-indexed) in the downloadable source CSV,
B-484,Heeren & Fishman (2019),https://doi.org/10.5281/zenodo.2555063,CC BY 4.0,Row with id = 484 (0-indexed) in the downloadable source CSV,
B-485,Heeren & Fishman (2019),https://doi.org/10.5281/zenodo.2555063,CC BY 4.0,Row with id = 485 (0-indexed) in the downloadable source CSV,
B-511,Heeren & Fishman (2019),https://doi.org/10.5281/zenodo.2555063,CC BY 4.0,Row with id = 511 (0-indexed) in the downloadable source CSV,
B-512,Heeren & Fishman (2019),https://doi.org/10.5281/zenodo.2555063,CC BY 4.0,Row with id = 512 (0-indexed) in the downloadable source CSV,
B-513,Heeren & Fishman (2019),https://doi.org/10.5281/zenodo.2555063,CC BY 4.0,Row with id = 513 (0-indexed) in the downloadable source CSV,
B-516,Heeren & Fishman (2019),https://doi.org/10.5281/zenodo.2555063,CC BY 4.0,Row with id = 516 (0-indexed) in the downloadable source CSV,
B-517,Heeren & Fishman (2019),https://doi.org/10.5281/zenodo.2555063,CC BY 4.0,Row with id = 517 (0-indexed) in the downloadable source CSV,
B-518,Heeren & Fishman (2019),https://doi.org/10.5281/zenodo.2555063,CC BY 4.0,Row with id = 518 (0-indexed) in the downloadable source CSV,
B-519,Heeren & Fishman (2019),https://doi.org/10.5281/zenodo.2555063,CC BY 4.0,Row with id = 519 (0-indexed) in the downloadable source CSV,
B-520,Heeren & Fishman (2019),https://doi.org/10.5281/zenodo.2555063,CC BY 4.0,Row with id = 520 (0-indexed) in the downloadable source CSV,
B-521,Heeren & Fishman (2019),https://doi.org/10.5281/zenodo.2555063,CC BY 4.0,Row with id = 521 (0-indexed) in the downloadable source CSV,
B-522,Heeren & Fishman (2019),https://doi.org/10.5281/zenodo.2555063,CC BY 4.0,Row with id = 522 (0-indexed) in the downloadable source CSV,
B-523,Heeren & Fishman (2019),https://doi.org/10.5281/zenodo.2555063,CC BY 4.0,Row with id = 523 (0-indexed) in the downloadable source CSV,
B-525,Heeren & Fishman (2019),https://doi.org/10.5281/zenodo.2555063,CC BY 4.0,Row with id = 525 (0-indexed) in the downloadable source CSV,
B-526,Heeren & Fishman (2019),https://doi.org/10.5281/zenodo.2555063,CC BY 4.0,Row with id = 526 (0-indexed) in the downloadable source CSV,
B-527,Heeren & Fishman (2019),https://doi.org/10.5281/zenodo.2555063,CC BY 4.0,Row with id = 527 (0-indexed) in the downloadable source CSV,
B-528,Heeren & Fishman (2019),https://doi.org/10.5281/zenodo.2555063,CC BY 4.0,Row with id = 528 (0-indexed) in the downloadable source CSV,
B-529,Heeren & Fishman (2019),https://doi.org/10.5281/zenodo.2555063,CC BY 4.0,Row with id = 529 (0-indexed) in the downloadable source CSV,
B-531,Heeren & Fishman (2019),https://doi.org/10.5281/zenodo.2555063,CC BY 4.0,Row with id = 531 (0-indexed) in the downloadable source CSV,
B-532,Heeren & Fishman (2019),https://doi.org/10.5281/zenodo.2555063,CC BY 4.0,Row with id = 532 (0-indexed) in the downloadable source CSV,
B-533,Heeren & Fishman (2019),https://doi.org/10.5281/zenodo.2555063,CC BY 4.0,Row with id = 533 (0-indexed) in the downloadable source CSV,
B-534,Heeren & Fishman (2019),https://doi.org/10.5281/zenodo.2555063,CC BY 4.0,Row with id = 534 (0-indexed) in the downloadable source CSV,
B-536,Heeren & Fishman (2019),https://doi.org/10.5281/zenodo.2555063,CC BY 4.0,Row with id = 536 (0-indexed) in the downloadable source CSV,
B-537,Heeren & Fishman (2019),https://doi.org/10.5281/zenodo.2555063,CC BY 4.0,Row with id = 537 (0-indexed) in the downloadable source CSV,
B-538,Heeren & Fishman (2019),https://doi.org/10.5281/zenodo.2555063,CC BY 4.0,Row with id = 538 (0-indexed) in the downloadable source CSV,
B-541,Heeren & Fishman (2019),https://doi.org/10.5281/zenodo.2555063,CC BY 4.0,Row with id = 541 (0-indexed) in the downloadable source CSV,
B-543,Heeren & Fishman (2019),https://doi.org/10.5281/zenodo.2555063,CC BY 4.0,Row with id = 543 (0-indexed) in the downloadable source CSV,
B-544,Heeren & Fishman (2019),https://doi.org/10.5281/zenodo.2555063,CC BY 4.0,Row with id = 544 (0-indexed) in the downloadable source CSV,
B-545,Heeren & Fishman (2019),https://doi.org/10.5281/zenodo.2555063,CC BY 4.0,Row with id = 545 (0-indexed) in the downloadable source CSV,
B-679,Heeren & Fishman (2019),https://doi.org/10.5281/zenodo.2555063,CC BY 4.0,Row with id = 679 (0-indexed) in the downloadable source CSV,
B-680,Heeren & Fishman (2019),https://doi.org/10.5281/zenodo.2555063,CC BY 4.0,Row with id = 680 (0-indexed) in the downloadable source CSV,
B-681,Heeren & Fishman (2019),https://doi.org/10.5281/zenodo.2555063,CC BY 4.0,Row with id = 681 (0-indexed) in the downloadable source CSV,
B-682,Heeren & Fishman (2019),https://doi.org/10.5281/zenodo.2555063,CC BY 4.0,Row with id = 682 (0-indexed) in the downloadable source CSV,
B-683,Heeren & Fishman (2019),https://doi.org/10.5281/zenodo.2555063,CC BY 4.0,Row with id = 683 (0-indexed) in the downloadable source CSV,
B-684,Heeren & Fishman (2019),https://doi.org/10.5281/zenodo.2555063,CC BY 4.0,Row with id = 684 (0-indexed) in the downloadable source CSV,
B-685,Heeren & Fishman (2019),https://doi.org/10.5281/zenodo.2555063,CC BY 4.0,Row with id = 685 (0-indexed) in the downloadable source CSV,
B-693,Heeren & Fishman (2019),https://doi.org/10.5281/zenodo.2555063,CC BY 4.0,Row with id = 693 (0-indexed) in the downloadable source CSV,
B-694,Heeren & Fishman (2019),https://doi.org/10.5281/zenodo.2555063,CC BY 4.0,Row with id = 694 (0-indexed) in the downloadable source CSV,
B-705,Heeren & Fishman (2019),https://doi.org/10.5281/zenodo.2555063,CC BY 4.0,Row with id = 705 (0-indexed) in the downloadable source CSV,
B-706,Heeren & Fishman (2019),https://doi.org/10.5281/zenodo.2555063,CC BY 4.0,Row with id = 706 (0-indexed) in the downloadable source CSV,
B-734,Heeren & Fishman (2019),https://doi.org/10.5281/zenodo.2555063,CC BY 4.0,Row with id = 734 (0-indexed) in the downloadable source CSV,
B-757,Heeren & Fishman (2019),https://doi.org/10.5281/zenodo.2555063,CC BY 4.0,Row with id = 757 (0-indexed) in the downloadable source CSV,
B-758,Heeren & Fishman (2019),https://doi.org/10.5281/zenodo.2555063,CC BY 4.0,Row with id = 758 (0-indexed) in the downloadable source CSV,
B-759,Heeren & Fishman (2019),https://doi.org/10.5281/zenodo.2555063,CC BY 4.0,Row with id = 759 (0-indexed) in the downloadable source CSV,
B-760,Heeren & Fishman (2019),https://doi.org/10.5281/zenodo.2555063,CC BY 4.0,Row with id = 760 (0-indexed) in the downloadable source CSV,
B-761,Heeren & Fishman (2019),https://doi.org/10.5281/zenodo.2555063,CC BY 4.0,Row with id = 761 (0-indexed) in the downloadable source CSV,
B-763,Heeren & Fishman (2019),https://doi.org/10.5281/zenodo.2555063,CC BY 4.0,Row with id = 763 (0-indexed) in the downloadable source CSV,
B-766,Heeren & Fishman (2019),https://doi.org/10.5281/zenodo.2555063,CC BY 4.0,Row with id = 766 (0-indexed) in the downloadable source CSV,
B-767,Heeren & Fishman (2019),https://doi.org/10.5281/zenodo.2555063,CC BY 4.0,Row with id = 767 (0-indexed) in the downloadable source CSV,
B-768,Heeren & Fishman (2019),https://doi.org/10.5281/zenodo.2555063,CC BY 4.0,Row with id = 768 (0-indexed) in the downloadable source CSV,
B-769,Heeren & Fishman (2019),https://doi.org/10.5281/zenodo.2555063,CC BY 4.0,Row with id = 769 (0-indexed) in the downloadable source CSV,
B-770,Heeren & Fishman (2019),https://doi.org/10.5281/zenodo.2555063,CC BY 4.0,Row with id = 770 (0-indexed) in the downloadable source CSV,
B-771,Heeren & Fishman (2019),https://doi.org/10.5281/zenodo.2555063,CC BY 4.0,Row with id = 771 (0-indexed) in the downloadable source CSV,
B-775,Heeren & Fishman (2019),https://doi.org/10.5281/zenodo.2555063,CC BY 4.0,Row with id = 775 (0-indexed) in the downloadable source CSV,
B-776,Heeren & Fishman (2019),https://doi.org/10.5281/zenodo.2555063,CC BY 4.0,Row with id = 776 (0-indexed) in the downloadable source CSV,
B-840,Heeren & Fishman (2019),https://doi.org/10.5281/zenodo.2555063,CC BY 4.0,Row with id = 840 (0-indexed) in the downloadable source CSV,
B-841,Heeren & Fishman (2019),https://doi.org/10.5281/zenodo.2555063,CC BY 4.0,Row with id = 841 (0-indexed) in the downloadable source CSV,
B-842,Heeren & Fishman (2019),https://doi.org/10.5281/zenodo.2555063,CC BY 4.0,Row with id = 842 (0-indexed) in the downloadable source CSV,
B-843,Heeren & Fishman (2019),https://doi.org/10.5281/zenodo.2555063,CC BY 4.0,Row with id = 843 (0-indexed) in the downloadable source CSV,
B-845,Heeren & Fishman (2019),https://doi.org/10.5281/zenodo.2555063,CC BY 4.0,Row with id = 845 (0-indexed) in the downloadable source CSV,
B-846,Heeren & Fishman (2019),https://doi.org/10.5281/zenodo.2555063,CC BY 4.0,Row with id = 846 (0-indexed) in the downloadable source CSV,
B-847,Heeren & Fishman (2019),https://doi.org/10.5281/zenodo.2555063,CC BY 4.0,Row with id = 847 (0-indexed) in the downloadable source CSV,
B-848,Heeren & Fishman (2019),https://doi.org/10.5281/zenodo.2555063,CC BY 4.0,Row with id = 848 (0-indexed) in the downloadable source CSV,
B-849,Heeren & Fishman (2019),https://doi.org/10.5281/zenodo.2555063,CC BY 4.0,Row with id = 849 (0-indexed) in the downloadable source CSV,
B-850,Heeren & Fishman (2019),https://doi.org/10.5281/zenodo.2555063,CC BY 4.0,Row with id = 850 (0-indexed) in the downloadable source CSV,
B-851,Heeren & Fishman (2019),https://doi.org/10.5281/zenodo.2555063,CC BY 4.0,Row with id = 851 (0-indexed) in the downloadable source CSV,
B-852,Heeren & Fishman (2019),https://doi.org/10.5281/zenodo.2555063,CC BY 4.0,Row with id = 852 (0-indexed) in the downloadable source CSV,
B-853,Heeren & Fishman (2019),https://doi.org/10.5281/zenodo.2555063,CC BY 4.0,Row with id = 853 (0-indexed) in the downloadable source CSV,
B-854,Heeren & Fishman (2019),https://doi.org/10.5281/zenodo.2555063,CC BY 4.0,Row with id = 854 (0-indexed) in the downloadable source CSV,
B-855,Heeren & Fishman (2019),https://doi.org/10.5281/zenodo.2555063,CC BY 4.0,Row with id = 855 (0-indexed) in the downloadable source CSV,
B-856,Heeren & Fishman (2019),https://doi.org/10.5281/zenodo.2555063,CC BY 4.0,Row with id = 856 (0-indexed) in the downloadable source CSV,
B-857,Heeren & Fishman (2019),https://doi.org/10.5281/zenodo.2555063,CC BY 4.0,Row with id = 857 (0-indexed) in the downloadable source CSV,
B-858,Heeren & Fishman (2019),https://doi.org/10.5281/zenodo.2555063,CC BY 4.0,Row with id = 858 (0-indexed) in the downloadable source CSV,
B-859,Heeren & Fishman (2019),https://doi.org/10.5281/zenodo.2555063,CC BY 4.0,Row with id = 859 (0-indexed) in the downloadable source CSV,
B-860,Heeren & Fishman (2019),https://doi.org/10.5281/zenodo.2555063,CC BY 4.0,Row with id = 860 (0-indexed) in the downloadable source CSV,
B-861,Heeren & Fishman (2019),https://doi.org/10.5281/zenodo.2555063,CC BY 4.0,Row with id = 861 (0-indexed) in the downloadable source CSV,
B-862,Heeren & Fishman (2019),https://doi.org/10.5281/zenodo.2555063,CC BY 4.0,Row with id = 862 (0-indexed) in the downloadable source CSV,
B-863,Heeren & Fishman (2019),https://doi.org/10.5281/zenodo.2555063,CC BY 4.0,Row with id = 863 (0-indexed) in the downloadable source CSV,
B-864,Heeren & Fishman (2019),https://doi.org/10.5281/zenodo.2555063,CC BY 4.0,Row with id = 864 (0-indexed) in the downloadable source CSV,
B-865,Heeren & Fishman (2019),https://doi.org/10.5281/zenodo.2555063,CC BY 4.0,Row with id = 865 (0-indexed) in the downloadable source CSV,
B-866,Heeren & Fishman (2019),https://doi.org/10.5281/zenodo.2555063,CC BY 4.0,Row with id = 866 (0-indexed) in the downloadable source CSV,
B-867,Heeren & Fishman (2019),https://doi.org/10.5281/zenodo.2555063,CC BY 4.0,Row with id = 867 (0-indexed) in the downloadable source CSV,
B-868,Heeren & Fishman (2019),https://doi.org/10.5281/zenodo.2555063,CC BY 4.0,Row with id = 868 (0-indexed) in the downloadable source CSV,
B-869,Heeren & Fishman (2019),https://doi.org/10.5281/zenodo.2555063,CC BY 4.0,Row with id = 869 (0-indexed) in the downloadable source CSV,
B-870,Heeren & Fishman (2019),https://doi.org/10.5281/zenodo.2555063,CC BY 4.0,Row with id = 870 (0-indexed) in the downloadable source CSV,
B-871,Heeren & Fishman (2019),https://doi.org/10.5281/zenodo.2555063,CC BY 4.0,Row with id = 871 (0-indexed) in the downloadable source CSV,
B-872,Heeren & Fishman (2019),https://doi.org/10.5281/zenodo.2555063,CC BY 4.0,Row with id = 872 (0-indexed) in the downloadable source CSV,
B-873,Heeren & Fishman (2019),https://doi.org/10.5281/zenodo.2555063,CC BY 4.0,Row with id = 873 (0-indexed) in the downloadable source CSV,
B-874,Heeren & Fishman (2019),https://doi.org/10.5281/zenodo.2555063,CC BY 4.0,Row with id = 874 (0-indexed) in the downloadable source CSV,
B-875,Heeren & Fishman (2019),https://doi.org/10.5281/zenodo.2555063,CC BY 4.0,Row with id = 875 (0-indexed) in the downloadable source CSV,
B-876,Heeren & Fishman (2019),https://doi.org/10.5281/zenodo.2555063,CC BY 4.0,Row with id = 876 (0-indexed) in the downloadable source CSV,
B-877,Heeren & Fishman (2019),https://doi.org/10.5281/zenodo.2555063,CC BY 4.0,Row with id = 877 (0-indexed) in the downloadable source CSV,
B-878,Heeren & Fishman (2019),https://doi.org/10.5281/zenodo.2555063,CC BY 4.0,Row with id = 878 (0-indexed) in the downloadable source CSV,
B-879,Heeren & Fishman (2019),https://doi.org/10.5281/zenodo.2555063,CC BY 4.0,Row with id = 879 (0-indexed) in the downloadable source CSV,
B-880,Heeren & Fishman (2019),https://doi.org/10.5281/zenodo.2555063,CC BY 4.0,Row with id = 880 (0-indexed) in the downloadable source CSV,
B-881,Heeren & Fishman (2019),https://doi.org/10.5281/zenodo.2555063,CC BY 4.0,Row with id = 881 (0-indexed) in the downloadable source CSV,
B-882,Heeren & Fishman (2019),https://doi.org/10.5281/zenodo.2555063,CC BY 4.0,Row with id = 882 (0-indexed) in the downloadable source CSV,
B-883,Heeren & Fishman (2019),https://doi.org/10.5281/zenodo.2555063,CC BY 4.0,Row with id = 883 (0-indexed) in the downloadable source CSV,
B-884,Heeren & Fishman (2019),https://doi.org/10.5281/zenodo.2555063,CC BY 4.0,Row with id = 884 (0-indexed) in the downloadable source CSV,
B-885,Heeren & Fishman (2019),https://doi.org/10.5281/zenodo.2555063,CC BY 4.0,Row with id = 885 (0-indexed) in the downloadable source CSV,
B-886,Heeren & Fishman (2019),https://doi.org/10.5281/zenodo.2555063,CC BY 4.0,Row with id = 886 (0-indexed) in the downloadable source CSV,
B-887,Heeren & Fishman (2019),https://doi.org/10.5281/zenodo.2555063,CC BY 4.0,Row with id = 887 (0-indexed) in the downloadable source CSV,
B-888,Heeren & Fishman (2019),https://doi.org/10.5281/zenodo.2555063,CC BY 4.0,Row with id = 888 (0-indexed) in the downloadable source CSV,
B-889,Heeren & Fishman (2019),https://doi.org/10.5281/zenodo.2555063,CC BY 4.0,Row with id = 889 (0-indexed) in the downloadable source CSV,
B-890,Heeren & Fishman (2019),https://doi.org/10.5281/zenodo.2555063,CC BY 4.0,Row with id = 890 (0-indexed) in the downloadable source CSV,
B-891,Heeren & Fishman (2019),https://doi.org/10.5281/zenodo.2555063,CC BY 4.0,Row with id = 891 (0-indexed) in the downloadable source CSV,
B-893,Heeren & Fishman (2019),https://doi.org/10.5281/zenodo.2555063,CC BY 4.0,Row with id = 893 (0-indexed) in the downloadable source CSV,
B-894,Heeren & Fishman (2019),https://doi.org/10.5281/zenodo.2555063,CC BY 4.0,Row with id = 894 (0-indexed) in the downloadable source CSV,
B-895,Heeren & Fishman (2019),https://doi.org/10.5281/zenodo.2555063,CC BY 4.0,Row with id = 895 (0-indexed) in the downloadable source CSV,
B-896,Heeren & Fishman (2019),https://doi.org/10.5281/zenodo.2555063,CC BY 4.0,Row with id = 896 (0-indexed) in the downloadable source CSV,
B-897,Heeren & Fishman (2019),https://doi.org/10.5281/zenodo.2555063,CC BY 4.0,Row with id = 897 (0-indexed) in the downloadable source CSV,
B-898,Heeren & Fishman (2019),https://doi.org/10.5281/zenodo.2555063,CC BY 4.0,Row with id = 898 (0-indexed) in the downloadable source CSV,
B-899,Heeren & Fishman (2019),https://doi.org/10.5281/zenodo.2555063,CC BY 4.0,Row with id = 899 (0-indexed) in the downloadable source CSV,
B-900,Heeren & Fishman (2019),https://doi.org/10.5281/zenodo.2555063,CC BY 4.0,Row with id = 900 (0-indexed) in the downloadable source CSV,
B-902,Heeren & Fishman (2019),https://doi.org/10.5281/zenodo.2555063,CC BY 4.0,Row with id = 902 (0-indexed) in the downloadable source CSV,
B-903,Heeren & Fishman (2019),https://doi.org/10.5281/zenodo.2555063,CC BY 4.0,Row with id = 903 (0-indexed) in the downloadable source CSV,
B-906,Heeren & Fishman (2019),https://doi.org/10.5281/zenodo.2555063,CC BY 4.0,Row with id = 906 (0-indexed) in the downloadable source CSV,
B-907,Heeren & Fishman (2019),https://doi.org/10.5281/zenodo.2555063,CC BY 4.0,Row with id = 907 (0-indexed) in the downloadable source CSV,
B-908,Heeren & Fishman (2019),https://doi.org/10.5281/zenodo.2555063,CC BY 4.0,Row with id = 908 (0-indexed) in the downloadable source CSV,
B-909,Heeren & Fishman (2019),https://doi.org/10.5281/zenodo.2555063,CC BY 4.0,Row with id = 909 (0-indexed) in the downloadable source CSV,
G-8,"Roeck et al., CarbEnMats/GBDB",https://doi.org/10.21203/rs.3.rs-3373442/v1,GPL-3.0-only,Row index = 8 (0-indexed) in the downloadable GBDB core/full data file; also released in full as carbenmats_subset_GPL3.csv (matched subset) under GPL-3.0,
G-9,"Roeck et al., CarbEnMats/GBDB",https://doi.org/10.21203/rs.3.rs-3373442/v1,GPL-3.0-only,Row index = 9 (0-indexed) in the downloadable GBDB core/full data file; also released in full as carbenmats_subset_GPL3.csv (matched subset) under GPL-3.0,
G-17,"Roeck et al., CarbEnMats/GBDB",https://doi.org/10.21203/rs.3.rs-3373442/v1,GPL-3.0-only,Row index = 17 (0-indexed) in the downloadable GBDB core/full data file; also released in full as carbenmats_subset_GPL3.csv (matched subset) under GPL-3.0,
G-28,"Roeck et al., CarbEnMats/GBDB",https://doi.org/10.21203/rs.3.rs-3373442/v1,GPL-3.0-only,Row index = 28 (0-indexed) in the downloadable GBDB core/full data file; also released in full as carbenmats_subset_GPL3.csv (matched subset) under GPL-3.0,
G-198,"Roeck et al., CarbEnMats/GBDB",https://doi.org/10.21203/rs.3.rs-3373442/v1,GPL-3.0-only,Row index = 198 (0-indexed) in the downloadable GBDB core/full data file; also released in full as carbenmats_subset_GPL3.csv (matched subset) under GPL-3.0,
G-199,"Roeck et al., CarbEnMats/GBDB",https://doi.org/10.21203/rs.3.rs-3373442/v1,GPL-3.0-only,Row index = 199 (0-indexed) in the downloadable GBDB core/full data file; also released in full as carbenmats_subset_GPL3.csv (matched subset) under GPL-3.0,
G-259,"Roeck et al., CarbEnMats/GBDB",https://doi.org/10.21203/rs.3.rs-3373442/v1,GPL-3.0-only,Row index = 259 (0-indexed) in the downloadable GBDB core/full data file; also released in full as carbenmats_subset_GPL3.csv (matched subset) under GPL-3.0,
G-298,"Roeck et al., CarbEnMats/GBDB",https://doi.org/10.21203/rs.3.rs-3373442/v1,GPL-3.0-only,Row index = 298 (0-indexed) in the downloadable GBDB core/full data file; also released in full as carbenmats_subset_GPL3.csv (matched subset) under GPL-3.0,
G-303,"Roeck et al., CarbEnMats/GBDB",https://doi.org/10.21203/rs.3.rs-3373442/v1,GPL-3.0-only,Row index = 303 (0-indexed) in the downloadable GBDB core/full data file; also released in full as carbenmats_subset_GPL3.csv (matched subset) under GPL-3.0,
G-310,"Roeck et al., CarbEnMats/GBDB",https://doi.org/10.21203/rs.3.rs-3373442/v1,GPL-3.0-only,Row index = 310 (0-indexed) in the downloadable GBDB core/full data file; also released in full as carbenmats_subset_GPL3.csv (matched subset) under GPL-3.0,
G-336,"Roeck et al., CarbEnMats/GBDB",https://doi.org/10.21203/rs.3.rs-3373442/v1,GPL-3.0-only,Row index = 336 (0-indexed) in the downloadable GBDB core/full data file; also released in full as carbenmats_subset_GPL3.csv (matched subset) under GPL-3.0,
G-351,"Roeck et al., CarbEnMats/GBDB",https://doi.org/10.21203/rs.3.rs-3373442/v1,GPL-3.0-only,Row index = 351 (0-indexed) in the downloadable GBDB core/full data file; also released in full as carbenmats_subset_GPL3.csv (matched subset) under GPL-3.0,
G-356,"Roeck et al., CarbEnMats/GBDB",https://doi.org/10.21203/rs.3.rs-3373442/v1,GPL-3.0-only,Row index = 356 (0-indexed) in the downloadable GBDB core/full data file; also released in full as carbenmats_subset_GPL3.csv (matched subset) under GPL-3.0,
G-357,"Roeck et al., CarbEnMats/GBDB",https://doi.org/10.21203/rs.3.rs-3373442/v1,GPL-3.0-only,Row index = 357 (0-indexed) in the downloadable GBDB core/full data file; also released in full as carbenmats_subset_GPL3.csv (matched subset) under GPL-3.0,
G-358,"Roeck et al., CarbEnMats/GBDB",https://doi.org/10.21203/rs.3.rs-3373442/v1,GPL-3.0-only,Row index = 358 (0-indexed) in the downloadable GBDB core/full data file; also released in full as carbenmats_subset_GPL3.csv (matched subset) under GPL-3.0,
G-359,"Roeck et al., CarbEnMats/GBDB",https://doi.org/10.21203/rs.3.rs-3373442/v1,GPL-3.0-only,Row index = 359 (0-indexed) in the downloadable GBDB core/full data file; also released in full as carbenmats_subset_GPL3.csv (matched subset) under GPL-3.0,
G-360,"Roeck et al., CarbEnMats/GBDB",https://doi.org/10.21203/rs.3.rs-3373442/v1,GPL-3.0-only,Row index = 360 (0-indexed) in the downloadable GBDB core/full data file; also released in full as carbenmats_subset_GPL3.csv (matched subset) under GPL-3.0,
G-361,"Roeck et al., CarbEnMats/GBDB",https://doi.org/10.21203/rs.3.rs-3373442/v1,GPL-3.0-only,Row index = 361 (0-indexed) in the downloadable GBDB core/full data file; also released in full as carbenmats_subset_GPL3.csv (matched subset) under GPL-3.0,
G-362,"Roeck et al., CarbEnMats/GBDB",https://doi.org/10.21203/rs.3.rs-3373442/v1,GPL-3.0-only,Row index = 362 (0-indexed) in the downloadable GBDB core/full data file; also released in full as carbenmats_subset_GPL3.csv (matched subset) under GPL-3.0,
G-363,"Roeck et al., CarbEnMats/GBDB",https://doi.org/10.21203/rs.3.rs-3373442/v1,GPL-3.0-only,Row index = 363 (0-indexed) in the downloadable GBDB core/full data file; also released in full as carbenmats_subset_GPL3.csv (matched subset) under GPL-3.0,
G-395,"Roeck et al., CarbEnMats/GBDB",https://doi.org/10.21203/rs.3.rs-3373442/v1,GPL-3.0-only,Row index = 395 (0-indexed) in the downloadable GBDB core/full data file; also released in full as carbenmats_subset_GPL3.csv (matched subset) under GPL-3.0,
G-443,"Roeck et al., CarbEnMats/GBDB",https://doi.org/10.21203/rs.3.rs-3373442/v1,GPL-3.0-only,Row index = 443 (0-indexed) in the downloadable GBDB core/full data file; also released in full as carbenmats_subset_GPL3.csv (matched subset) under GPL-3.0,
G-444,"Roeck et al., CarbEnMats/GBDB",https://doi.org/10.21203/rs.3.rs-3373442/v1,GPL-3.0-only,Row index = 444 (0-indexed) in the downloadable GBDB core/full data file; also released in full as carbenmats_subset_GPL3.csv (matched subset) under GPL-3.0,
G-445,"Roeck et al., CarbEnMats/GBDB",https://doi.org/10.21203/rs.3.rs-3373442/v1,GPL-3.0-only,Row index = 445 (0-indexed) in the downloadable GBDB core/full data file; also released in full as carbenmats_subset_GPL3.csv (matched subset) under GPL-3.0,
G-446,"Roeck et al., CarbEnMats/GBDB",https://doi.org/10.21203/rs.3.rs-3373442/v1,GPL-3.0-only,Row index = 446 (0-indexed) in the downloadable GBDB core/full data file; also released in full as carbenmats_subset_GPL3.csv (matched subset) under GPL-3.0,
G-451,"Roeck et al., CarbEnMats/GBDB",https://doi.org/10.21203/rs.3.rs-3373442/v1,GPL-3.0-only,Row index = 451 (0-indexed) in the downloadable GBDB core/full data file; also released in full as carbenmats_subset_GPL3.csv (matched subset) under GPL-3.0,
G-453,"Roeck et al., CarbEnMats/GBDB",https://doi.org/10.21203/rs.3.rs-3373442/v1,GPL-3.0-only,Row index = 453 (0-indexed) in the downloadable GBDB core/full data file; also released in full as carbenmats_subset_GPL3.csv (matched subset) under GPL-3.0,
G-454,"Roeck et al., CarbEnMats/GBDB",https://doi.org/10.21203/rs.3.rs-3373442/v1,GPL-3.0-only,Row index = 454 (0-indexed) in the downloadable GBDB core/full data file; also released in full as carbenmats_subset_GPL3.csv (matched subset) under GPL-3.0,
G-455,"Roeck et al., CarbEnMats/GBDB",https://doi.org/10.21203/rs.3.rs-3373442/v1,GPL-3.0-only,Row index = 455 (0-indexed) in the downloadable GBDB core/full data file; also released in full as carbenmats_subset_GPL3.csv (matched subset) under GPL-3.0,
G-456,"Roeck et al., CarbEnMats/GBDB",https://doi.org/10.21203/rs.3.rs-3373442/v1,GPL-3.0-only,Row index = 456 (0-indexed) in the downloadable GBDB core/full data file; also released in full as carbenmats_subset_GPL3.csv (matched subset) under GPL-3.0,
G-457,"Roeck et al., CarbEnMats/GBDB",https://doi.org/10.21203/rs.3.rs-3373442/v1,GPL-3.0-only,Row index = 457 (0-indexed) in the downloadable GBDB core/full data file; also released in full as carbenmats_subset_GPL3.csv (matched subset) under GPL-3.0,
G-458,"Roeck et al., CarbEnMats/GBDB",https://doi.org/10.21203/rs.3.rs-3373442/v1,GPL-3.0-only,Row index = 458 (0-indexed) in the downloadable GBDB core/full data file; also released in full as carbenmats_subset_GPL3.csv (matched subset) under GPL-3.0,
G-459,"Roeck et al., CarbEnMats/GBDB",https://doi.org/10.21203/rs.3.rs-3373442/v1,GPL-3.0-only,Row index = 459 (0-indexed) in the downloadable GBDB core/full data file; also released in full as carbenmats_subset_GPL3.csv (matched subset) under GPL-3.0,
G-462,"Roeck et al., CarbEnMats/GBDB",https://doi.org/10.21203/rs.3.rs-3373442/v1,GPL-3.0-only,Row index = 462 (0-indexed) in the downloadable GBDB core/full data file; also released in full as carbenmats_subset_GPL3.csv (matched subset) under GPL-3.0,
G-463,"Roeck et al., CarbEnMats/GBDB",https://doi.org/10.21203/rs.3.rs-3373442/v1,GPL-3.0-only,Row index = 463 (0-indexed) in the downloadable GBDB core/full data file; also released in full as carbenmats_subset_GPL3.csv (matched subset) under GPL-3.0,
G-464,"Roeck et al., CarbEnMats/GBDB",https://doi.org/10.21203/rs.3.rs-3373442/v1,GPL-3.0-only,Row index = 464 (0-indexed) in the downloadable GBDB core/full data file; also released in full as carbenmats_subset_GPL3.csv (matched subset) under GPL-3.0,
G-467,"Roeck et al., CarbEnMats/GBDB",https://doi.org/10.21203/rs.3.rs-3373442/v1,GPL-3.0-only,Row index = 467 (0-indexed) in the downloadable GBDB core/full data file; also released in full as carbenmats_subset_GPL3.csv (matched subset) under GPL-3.0,
G-471,"Roeck et al., CarbEnMats/GBDB",https://doi.org/10.21203/rs.3.rs-3373442/v1,GPL-3.0-only,Row index = 471 (0-indexed) in the downloadable GBDB core/full data file; also released in full as carbenmats_subset_GPL3.csv (matched subset) under GPL-3.0,
G-472,"Roeck et al., CarbEnMats/GBDB",https://doi.org/10.21203/rs.3.rs-3373442/v1,GPL-3.0-only,Row index = 472 (0-indexed) in the downloadable GBDB core/full data file; also released in full as carbenmats_subset_GPL3.csv (matched subset) under GPL-3.0,
G-478,"Roeck et al., CarbEnMats/GBDB",https://doi.org/10.21203/rs.3.rs-3373442/v1,GPL-3.0-only,Row index = 478 (0-indexed) in the downloadable GBDB core/full data file; also released in full as carbenmats_subset_GPL3.csv (matched subset) under GPL-3.0,
G-1047,"Roeck et al., CarbEnMats/GBDB",https://doi.org/10.21203/rs.3.rs-3373442/v1,GPL-3.0-only,Row index = 1047 (0-indexed) in the downloadable GBDB core/full data file; also released in full as carbenmats_subset_GPL3.csv (matched subset) under GPL-3.0,
G-1099,"Roeck et al., CarbEnMats/GBDB",https://doi.org/10.21203/rs.3.rs-3373442/v1,GPL-3.0-only,Row index = 1099 (0-indexed) in the downloadable GBDB core/full data file; also released in full as carbenmats_subset_GPL3.csv (matched subset) under GPL-3.0,
G-1101,"Roeck et al., CarbEnMats/GBDB",https://doi.org/10.21203/rs.3.rs-3373442/v1,GPL-3.0-only,Row index = 1101 (0-indexed) in the downloadable GBDB core/full data file; also released in full as carbenmats_subset_GPL3.csv (matched subset) under GPL-3.0,
G-1108,"Roeck et al., CarbEnMats/GBDB",https://doi.org/10.21203/rs.3.rs-3373442/v1,GPL-3.0-only,Row index = 1108 (0-indexed) in the downloadable GBDB core/full data file; also released in full as carbenmats_subset_GPL3.csv (matched subset) under GPL-3.0,
G-1113,"Roeck et al., CarbEnMats/GBDB",https://doi.org/10.21203/rs.3.rs-3373442/v1,GPL-3.0-only,Row index = 1113 (0-indexed) in the downloadable GBDB core/full data file; also released in full as carbenmats_subset_GPL3.csv (matched subset) under GPL-3.0,
G-1165,"Roeck et al., CarbEnMats/GBDB",https://doi.org/10.21203/rs.3.rs-3373442/v1,GPL-3.0-only,Row index = 1165 (0-indexed) in the downloadable GBDB core/full data file; also released in full as carbenmats_subset_GPL3.csv (matched subset) under GPL-3.0,
G-1262,"Roeck et al., CarbEnMats/GBDB",https://doi.org/10.21203/rs.3.rs-3373442/v1,GPL-3.0-only,Row index = 1262 (0-indexed) in the downloadable GBDB core/full data file; also released in full as carbenmats_subset_GPL3.csv (matched subset) under GPL-3.0,
G-1275,"Roeck et al., CarbEnMats/GBDB",https://doi.org/10.21203/rs.3.rs-3373442/v1,GPL-3.0-only,Row index = 1275 (0-indexed) in the downloadable GBDB core/full data file; also released in full as carbenmats_subset_GPL3.csv (matched subset) under GPL-3.0,
G-1284,"Roeck et al., CarbEnMats/GBDB",https://doi.org/10.21203/rs.3.rs-3373442/v1,GPL-3.0-only,Row index = 1284 (0-indexed) in the downloadable GBDB core/full data file; also released in full as carbenmats_subset_GPL3.csv (matched subset) under GPL-3.0,
G-1286,"Roeck et al., CarbEnMats/GBDB",https://doi.org/10.21203/rs.3.rs-3373442/v1,GPL-3.0-only,Row index = 1286 (0-indexed) in the downloadable GBDB core/full data file; also released in full as carbenmats_subset_GPL3.csv (matched subset) under GPL-3.0,
G-1287,"Roeck et al., CarbEnMats/GBDB",https://doi.org/10.21203/rs.3.rs-3373442/v1,GPL-3.0-only,Row index = 1287 (0-indexed) in the downloadable GBDB core/full data file; also released in full as carbenmats_subset_GPL3.csv (matched subset) under GPL-3.0,
C-1,"Yang et al., CBMICD1.0 (2019)",https://doi.org/10.5281/zenodo.2704917,CC BY 4.0,Row with ID_marked = C-1 in the downloadable source workbook (Sheet1),
C-5,"Yang et al., CBMICD1.0 (2019)",https://doi.org/10.5281/zenodo.2704917,CC BY 4.0,Row with ID_marked = C-5 in the downloadable source workbook (Sheet1),
C-8,"Yang et al., CBMICD1.0 (2019)",https://doi.org/10.5281/zenodo.2704917,CC BY 4.0,Row with ID_marked = C-8 in the downloadable source workbook (Sheet1),
C-10,"Yang et al., CBMICD1.0 (2019)",https://doi.org/10.5281/zenodo.2704917,CC BY 4.0,Row with ID_marked = C-10 in the downloadable source workbook (Sheet1),
C-11,"Yang et al., CBMICD1.0 (2019)",https://doi.org/10.5281/zenodo.2704917,CC BY 4.0,Row with ID_marked = C-11 in the downloadable source workbook (Sheet1),
C-15,"Yang et al., CBMICD1.0 (2019)",https://doi.org/10.5281/zenodo.2704917,CC BY 4.0,Row with ID_marked = C-15 in the downloadable source workbook (Sheet1),
C-31,"Yang et al., CBMICD1.0 (2019)",https://doi.org/10.5281/zenodo.2704917,CC BY 4.0,Row with ID_marked = C-31 in the downloadable source workbook (Sheet1),
C-32,"Yang et al., CBMICD1.0 (2019)",https://doi.org/10.5281/zenodo.2704917,CC BY 4.0,Row with ID_marked = C-32 in the downloadable source workbook (Sheet1),
C-573,"Yang et al., CBMICD1.0 (2019)",https://doi.org/10.5281/zenodo.2704917,CC BY 4.0,Row with ID_marked = C-573 in the downloadable source workbook (Sheet1),
C-574,"Yang et al., CBMICD1.0 (2019)",https://doi.org/10.5281/zenodo.2704917,CC BY 4.0,Row with ID_marked = C-574 in the downloadable source workbook (Sheet1),
C-575,"Yang et al., CBMICD1.0 (2019)",https://doi.org/10.5281/zenodo.2704917,CC BY 4.0,Row with ID_marked = C-575 in the downloadable source workbook (Sheet1),
C-576,"Yang et al., CBMICD1.0 (2019)",https://doi.org/10.5281/zenodo.2704917,CC BY 4.0,Row with ID_marked = C-576 in the downloadable source workbook (Sheet1),
C-577,"Yang et al., CBMICD1.0 (2019)",https://doi.org/10.5281/zenodo.2704917,CC BY 4.0,Row with ID_marked = C-577 in the downloadable source workbook (Sheet1),
C-578,"Yang et al., CBMICD1.0 (2019)",https://doi.org/10.5281/zenodo.2704917,CC BY 4.0,Row with ID_marked = C-578 in the downloadable source workbook (Sheet1),
C-579,"Yang et al., CBMICD1.0 (2019)",https://doi.org/10.5281/zenodo.2704917,CC BY 4.0,Row with ID_marked = C-579 in the downloadable source workbook (Sheet1),
C-580,"Yang et al., CBMICD1.0 (2019)",https://doi.org/10.5281/zenodo.2704917,CC BY 4.0,Row with ID_marked = C-580 in the downloadable source workbook (Sheet1),
C-581,"Yang et al., CBMICD1.0 (2019)",https://doi.org/10.5281/zenodo.2704917,CC BY 4.0,Row with ID_marked = C-581 in the downloadable source workbook (Sheet1),
C-582,"Yang et al., CBMICD1.0 (2019)",https://doi.org/10.5281/zenodo.2704917,CC BY 4.0,Row with ID_marked = C-582 in the downloadable source workbook (Sheet1),
C-583,"Yang et al., CBMICD1.0 (2019)",https://doi.org/10.5281/zenodo.2704917,CC BY 4.0,Row with ID_marked = C-583 in the downloadable source workbook (Sheet1),
C-584,"Yang et al., CBMICD1.0 (2019)",https://doi.org/10.5281/zenodo.2704917,CC BY 4.0,Row with ID_marked = C-584 in the downloadable source workbook (Sheet1),
C-585,"Yang et al., CBMICD1.0 (2019)",https://doi.org/10.5281/zenodo.2704917,CC BY 4.0,Row with ID_marked = C-585 in the downloadable source workbook (Sheet1),
C-586,"Yang et al., CBMICD1.0 (2019)",https://doi.org/10.5281/zenodo.2704917,CC BY 4.0,Row with ID_marked = C-586 in the downloadable source workbook (Sheet1),
C-587,"Yang et al., CBMICD1.0 (2019)",https://doi.org/10.5281/zenodo.2704917,CC BY 4.0,Row with ID_marked = C-587 in the downloadable source workbook (Sheet1),
C-588,"Yang et al., CBMICD1.0 (2019)",https://doi.org/10.5281/zenodo.2704917,CC BY 4.0,Row with ID_marked = C-588 in the downloadable source workbook (Sheet1),
C-589,"Yang et al., CBMICD1.0 (2019)",https://doi.org/10.5281/zenodo.2704917,CC BY 4.0,Row with ID_marked = C-589 in the downloadable source workbook (Sheet1),
C-590,"Yang et al., CBMICD1.0 (2019)",https://doi.org/10.5281/zenodo.2704917,CC BY 4.0,Row with ID_marked = C-590 in the downloadable source workbook (Sheet1),
C-591,"Yang et al., CBMICD1.0 (2019)",https://doi.org/10.5281/zenodo.2704917,CC BY 4.0,Row with ID_marked = C-591 in the downloadable source workbook (Sheet1),
C-592,"Yang et al., CBMICD1.0 (2019)",https://doi.org/10.5281/zenodo.2704917,CC BY 4.0,Row with ID_marked = C-592 in the downloadable source workbook (Sheet1),
C-593,"Yang et al., CBMICD1.0 (2019)",https://doi.org/10.5281/zenodo.2704917,CC BY 4.0,Row with ID_marked = C-593 in the downloadable source workbook (Sheet1),
C-594,"Yang et al., CBMICD1.0 (2019)",https://doi.org/10.5281/zenodo.2704917,CC BY 4.0,Row with ID_marked = C-594 in the downloadable source workbook (Sheet1),
C-595,"Yang et al., CBMICD1.0 (2019)",https://doi.org/10.5281/zenodo.2704917,CC BY 4.0,Row with ID_marked = C-595 in the downloadable source workbook (Sheet1),
C-596,"Yang et al., CBMICD1.0 (2019)",https://doi.org/10.5281/zenodo.2704917,CC BY 4.0,Row with ID_marked = C-596 in the downloadable source workbook (Sheet1),
C-597,"Yang et al., CBMICD1.0 (2019)",https://doi.org/10.5281/zenodo.2704917,CC BY 4.0,Row with ID_marked = C-597 in the downloadable source workbook (Sheet1),
C-598,"Yang et al., CBMICD1.0 (2019)",https://doi.org/10.5281/zenodo.2704917,CC BY 4.0,Row with ID_marked = C-598 in the downloadable source workbook (Sheet1),
C-599,"Yang et al., CBMICD1.0 (2019)",https://doi.org/10.5281/zenodo.2704917,CC BY 4.0,Row with ID_marked = C-599 in the downloadable source workbook (Sheet1),
C-600,"Yang et al., CBMICD1.0 (2019)",https://doi.org/10.5281/zenodo.2704917,CC BY 4.0,Row with ID_marked = C-600 in the downloadable source workbook (Sheet1),
C-601,"Yang et al., CBMICD1.0 (2019)",https://doi.org/10.5281/zenodo.2704917,CC BY 4.0,Row with ID_marked = C-601 in the downloadable source workbook (Sheet1),
C-602,"Yang et al., CBMICD1.0 (2019)",https://doi.org/10.5281/zenodo.2704917,CC BY 4.0,Row with ID_marked = C-602 in the downloadable source workbook (Sheet1),
C-603,"Yang et al., CBMICD1.0 (2019)",https://doi.org/10.5281/zenodo.2704917,CC BY 4.0,Row with ID_marked = C-603 in the downloadable source workbook (Sheet1),
C-604,"Yang et al., CBMICD1.0 (2019)",https://doi.org/10.5281/zenodo.2704917,CC BY 4.0,Row with ID_marked = C-604 in the downloadable source workbook (Sheet1),
C-605,"Yang et al., CBMICD1.0 (2019)",https://doi.org/10.5281/zenodo.2704917,CC BY 4.0,Row with ID_marked = C-605 in the downloadable source workbook (Sheet1),
C-606,"Yang et al., CBMICD1.0 (2019)",https://doi.org/10.5281/zenodo.2704917,CC BY 4.0,Row with ID_marked = C-606 in the downloadable source workbook (Sheet1),
C-607,"Yang et al., CBMICD1.0 (2019)",https://doi.org/10.5281/zenodo.2704917,CC BY 4.0,Row with ID_marked = C-607 in the downloadable source workbook (Sheet1),
C-608,"Yang et al., CBMICD1.0 (2019)",https://doi.org/10.5281/zenodo.2704917,CC BY 4.0,Row with ID_marked = C-608 in the downloadable source workbook (Sheet1),
C-609,"Yang et al., CBMICD1.0 (2019)",https://doi.org/10.5281/zenodo.2704917,CC BY 4.0,Row with ID_marked = C-609 in the downloadable source workbook (Sheet1),
C-610,"Yang et al., CBMICD1.0 (2019)",https://doi.org/10.5281/zenodo.2704917,CC BY 4.0,Row with ID_marked = C-610 in the downloadable source workbook (Sheet1),
C-611,"Yang et al., CBMICD1.0 (2019)",https://doi.org/10.5281/zenodo.2704917,CC BY 4.0,Row with ID_marked = C-611 in the downloadable source workbook (Sheet1),
C-612,"Yang et al., CBMICD1.0 (2019)",https://doi.org/10.5281/zenodo.2704917,CC BY 4.0,Row with ID_marked = C-612 in the downloadable source workbook (Sheet1),
C-613,"Yang et al., CBMICD1.0 (2019)",https://doi.org/10.5281/zenodo.2704917,CC BY 4.0,Row with ID_marked = C-613 in the downloadable source workbook (Sheet1),
C-614,"Yang et al., CBMICD1.0 (2019)",https://doi.org/10.5281/zenodo.2704917,CC BY 4.0,Row with ID_marked = C-614 in the downloadable source workbook (Sheet1),
C-615,"Yang et al., CBMICD1.0 (2019)",https://doi.org/10.5281/zenodo.2704917,CC BY 4.0,Row with ID_marked = C-615 in the downloadable source workbook (Sheet1),
C-616,"Yang et al., CBMICD1.0 (2019)",https://doi.org/10.5281/zenodo.2704917,CC BY 4.0,Row with ID_marked = C-616 in the downloadable source workbook (Sheet1),
C-617,"Yang et al., CBMICD1.0 (2019)",https://doi.org/10.5281/zenodo.2704917,CC BY 4.0,Row with ID_marked = C-617 in the downloadable source workbook (Sheet1),
C-618,"Yang et al., CBMICD1.0 (2019)",https://doi.org/10.5281/zenodo.2704917,CC BY 4.0,Row with ID_marked = C-618 in the downloadable source workbook (Sheet1),
C-619,"Yang et al., CBMICD1.0 (2019)",https://doi.org/10.5281/zenodo.2704917,CC BY 4.0,Row with ID_marked = C-619 in the downloadable source workbook (Sheet1),
C-620,"Yang et al., CBMICD1.0 (2019)",https://doi.org/10.5281/zenodo.2704917,CC BY 4.0,Row with ID_marked = C-620 in the downloadable source workbook (Sheet1),
C-621,"Yang et al., CBMICD1.0 (2019)",https://doi.org/10.5281/zenodo.2704917,CC BY 4.0,Row with ID_marked = C-621 in the downloadable source workbook (Sheet1),
C-622,"Yang et al., CBMICD1.0 (2019)",https://doi.org/10.5281/zenodo.2704917,CC BY 4.0,Row with ID_marked = C-622 in the downloadable source workbook (Sheet1),
C-623,"Yang et al., CBMICD1.0 (2019)",https://doi.org/10.5281/zenodo.2704917,CC BY 4.0,Row with ID_marked = C-623 in the downloadable source workbook (Sheet1),
C-624,"Yang et al., CBMICD1.0 (2019)",https://doi.org/10.5281/zenodo.2704917,CC BY 4.0,Row with ID_marked = C-624 in the downloadable source workbook (Sheet1),
C-625,"Yang et al., CBMICD1.0 (2019)",https://doi.org/10.5281/zenodo.2704917,CC BY 4.0,Row with ID_marked = C-625 in the downloadable source workbook (Sheet1),
C-626,"Yang et al., CBMICD1.0 (2019)",https://doi.org/10.5281/zenodo.2704917,CC BY 4.0,Row with ID_marked = C-626 in the downloadable source workbook (Sheet1),
C-627,"Yang et al., CBMICD1.0 (2019)",https://doi.org/10.5281/zenodo.2704917,CC BY 4.0,Row with ID_marked = C-627 in the downloadable source workbook (Sheet1),
C-628,"Yang et al., CBMICD1.0 (2019)",https://doi.org/10.5281/zenodo.2704917,CC BY 4.0,Row with ID_marked = C-628 in the downloadable source workbook (Sheet1),
C-629,"Yang et al., CBMICD1.0 (2019)",https://doi.org/10.5281/zenodo.2704917,CC BY 4.0,Row with ID_marked = C-629 in the downloadable source workbook (Sheet1),
C-630,"Yang et al., CBMICD1.0 (2019)",https://doi.org/10.5281/zenodo.2704917,CC BY 4.0,Row with ID_marked = C-630 in the downloadable source workbook (Sheet1),
C-631,"Yang et al., CBMICD1.0 (2019)",https://doi.org/10.5281/zenodo.2704917,CC BY 4.0,Row with ID_marked = C-631 in the downloadable source workbook (Sheet1),
C-632,"Yang et al., CBMICD1.0 (2019)",https://doi.org/10.5281/zenodo.2704917,CC BY 4.0,Row with ID_marked = C-632 in the downloadable source workbook (Sheet1),
C-633,"Yang et al., CBMICD1.0 (2019)",https://doi.org/10.5281/zenodo.2704917,CC BY 4.0,Row with ID_marked = C-633 in the downloadable source workbook (Sheet1),
C-634,"Yang et al., CBMICD1.0 (2019)",https://doi.org/10.5281/zenodo.2704917,CC BY 4.0,Row with ID_marked = C-634 in the downloadable source workbook (Sheet1),
C-635,"Yang et al., CBMICD1.0 (2019)",https://doi.org/10.5281/zenodo.2704917,CC BY 4.0,Row with ID_marked = C-635 in the downloadable source workbook (Sheet1),
C-636,"Yang et al., CBMICD1.0 (2019)",https://doi.org/10.5281/zenodo.2704917,CC BY 4.0,Row with ID_marked = C-636 in the downloadable source workbook (Sheet1),
C-637,"Yang et al., CBMICD1.0 (2019)",https://doi.org/10.5281/zenodo.2704917,CC BY 4.0,Row with ID_marked = C-637 in the downloadable source workbook (Sheet1),
C-638,"Yang et al., CBMICD1.0 (2019)",https://doi.org/10.5281/zenodo.2704917,CC BY 4.0,Row with ID_marked = C-638 in the downloadable source workbook (Sheet1),
C-639,"Yang et al., CBMICD1.0 (2019)",https://doi.org/10.5281/zenodo.2704917,CC BY 4.0,Row with ID_marked = C-639 in the downloadable source workbook (Sheet1),
C-640,"Yang et al., CBMICD1.0 (2019)",https://doi.org/10.5281/zenodo.2704917,CC BY 4.0,Row with ID_marked = C-640 in the downloadable source workbook (Sheet1),
C-641,"Yang et al., CBMICD1.0 (2019)",https://doi.org/10.5281/zenodo.2704917,CC BY 4.0,Row with ID_marked = C-641 in the downloadable source workbook (Sheet1),
C-642,"Yang et al., CBMICD1.0 (2019)",https://doi.org/10.5281/zenodo.2704917,CC BY 4.0,Row with ID_marked = C-642 in the downloadable source workbook (Sheet1),
C-643,"Yang et al., CBMICD1.0 (2019)",https://doi.org/10.5281/zenodo.2704917,CC BY 4.0,Row with ID_marked = C-643 in the downloadable source workbook (Sheet1),
C-644,"Yang et al., CBMICD1.0 (2019)",https://doi.org/10.5281/zenodo.2704917,CC BY 4.0,Row with ID_marked = C-644 in the downloadable source workbook (Sheet1),
C-645,"Yang et al., CBMICD1.0 (2019)",https://doi.org/10.5281/zenodo.2704917,CC BY 4.0,Row with ID_marked = C-645 in the downloadable source workbook (Sheet1),
C-646,"Yang et al., CBMICD1.0 (2019)",https://doi.org/10.5281/zenodo.2704917,CC BY 4.0,Row with ID_marked = C-646 in the downloadable source workbook (Sheet1),
C-647,"Yang et al., CBMICD1.0 (2019)",https://doi.org/10.5281/zenodo.2704917,CC BY 4.0,Row with ID_marked = C-647 in the downloadable source workbook (Sheet1),
C-648,"Yang et al., CBMICD1.0 (2019)",https://doi.org/10.5281/zenodo.2704917,CC BY 4.0,Row with ID_marked = C-648 in the downloadable source workbook (Sheet1),
C-649,"Yang et al., CBMICD1.0 (2019)",https://doi.org/10.5281/zenodo.2704917,CC BY 4.0,Row with ID_marked = C-649 in the downloadable source workbook (Sheet1),
C-650,"Yang et al., CBMICD1.0 (2019)",https://doi.org/10.5281/zenodo.2704917,CC BY 4.0,Row with ID_marked = C-650 in the downloadable source workbook (Sheet1),
C-651,"Yang et al., CBMICD1.0 (2019)",https://doi.org/10.5281/zenodo.2704917,CC BY 4.0,Row with ID_marked = C-651 in the downloadable source workbook (Sheet1),
C-652,"Yang et al., CBMICD1.0 (2019)",https://doi.org/10.5281/zenodo.2704917,CC BY 4.0,Row with ID_marked = C-652 in the downloadable source workbook (Sheet1),
C-653,"Yang et al., CBMICD1.0 (2019)",https://doi.org/10.5281/zenodo.2704917,CC BY 4.0,Row with ID_marked = C-653 in the downloadable source workbook (Sheet1),
C-654,"Yang et al., CBMICD1.0 (2019)",https://doi.org/10.5281/zenodo.2704917,CC BY 4.0,Row with ID_marked = C-654 in the downloadable source workbook (Sheet1),
C-655,"Yang et al., CBMICD1.0 (2019)",https://doi.org/10.5281/zenodo.2704917,CC BY 4.0,Row with ID_marked = C-655 in the downloadable source workbook (Sheet1),
C-656,"Yang et al., CBMICD1.0 (2019)",https://doi.org/10.5281/zenodo.2704917,CC BY 4.0,Row with ID_marked = C-656 in the downloadable source workbook (Sheet1),
C-657,"Yang et al., CBMICD1.0 (2019)",https://doi.org/10.5281/zenodo.2704917,CC BY 4.0,Row with ID_marked = C-657 in the downloadable source workbook (Sheet1),
C-658,"Yang et al., CBMICD1.0 (2019)",https://doi.org/10.5281/zenodo.2704917,CC BY 4.0,Row with ID_marked = C-658 in the downloadable source workbook (Sheet1),
C-659,"Yang et al., CBMICD1.0 (2019)",https://doi.org/10.5281/zenodo.2704917,CC BY 4.0,Row with ID_marked = C-659 in the downloadable source workbook (Sheet1),
C-660,"Yang et al., CBMICD1.0 (2019)",https://doi.org/10.5281/zenodo.2704917,CC BY 4.0,Row with ID_marked = C-660 in the downloadable source workbook (Sheet1),
C-661,"Yang et al., CBMICD1.0 (2019)",https://doi.org/10.5281/zenodo.2704917,CC BY 4.0,Row with ID_marked = C-661 in the downloadable source workbook (Sheet1),
C-662,"Yang et al., CBMICD1.0 (2019)",https://doi.org/10.5281/zenodo.2704917,CC BY 4.0,Row with ID_marked = C-662 in the downloadable source workbook (Sheet1),
C-663,"Yang et al., CBMICD1.0 (2019)",https://doi.org/10.5281/zenodo.2704917,CC BY 4.0,Row with ID_marked = C-663 in the downloadable source workbook (Sheet1),
C-664,"Yang et al., CBMICD1.0 (2019)",https://doi.org/10.5281/zenodo.2704917,CC BY 4.0,Row with ID_marked = C-664 in the downloadable source workbook (Sheet1),
C-665,"Yang et al., CBMICD1.0 (2019)",https://doi.org/10.5281/zenodo.2704917,CC BY 4.0,Row with ID_marked = C-665 in the downloadable source workbook (Sheet1),
C-666,"Yang et al., CBMICD1.0 (2019)",https://doi.org/10.5281/zenodo.2704917,CC BY 4.0,Row with ID_marked = C-666 in the downloadable source workbook (Sheet1),
C-667,"Yang et al., CBMICD1.0 (2019)",https://doi.org/10.5281/zenodo.2704917,CC BY 4.0,Row with ID_marked = C-667 in the downloadable source workbook (Sheet1),
C-668,"Yang et al., CBMICD1.0 (2019)",https://doi.org/10.5281/zenodo.2704917,CC BY 4.0,Row with ID_marked = C-668 in the downloadable source workbook (Sheet1),
C-669,"Yang et al., CBMICD1.0 (2019)",https://doi.org/10.5281/zenodo.2704917,CC BY 4.0,Row with ID_marked = C-669 in the downloadable source workbook (Sheet1),
C-670,"Yang et al., CBMICD1.0 (2019)",https://doi.org/10.5281/zenodo.2704917,CC BY 4.0,Row with ID_marked = C-670 in the downloadable source workbook (Sheet1),
C-671,"Yang et al., CBMICD1.0 (2019)",https://doi.org/10.5281/zenodo.2704917,CC BY 4.0,Row with ID_marked = C-671 in the downloadable source workbook (Sheet1),
C-672,"Yang et al., CBMICD1.0 (2019)",https://doi.org/10.5281/zenodo.2704917,CC BY 4.0,Row with ID_marked = C-672 in the downloadable source workbook (Sheet1),
C-673,"Yang et al., CBMICD1.0 (2019)",https://doi.org/10.5281/zenodo.2704917,CC BY 4.0,Row with ID_marked = C-673 in the downloadable source workbook (Sheet1),
C-674,"Yang et al., CBMICD1.0 (2019)",https://doi.org/10.5281/zenodo.2704917,CC BY 4.0,Row with ID_marked = C-674 in the downloadable source workbook (Sheet1),
C-675,"Yang et al., CBMICD1.0 (2019)",https://doi.org/10.5281/zenodo.2704917,CC BY 4.0,Row with ID_marked = C-675 in the downloadable source workbook (Sheet1),
C-677,"Yang et al., CBMICD1.0 (2019)",https://doi.org/10.5281/zenodo.2704917,CC BY 4.0,Row with ID_marked = C-677 in the downloadable source workbook (Sheet1),
C-678,"Yang et al., CBMICD1.0 (2019)",https://doi.org/10.5281/zenodo.2704917,CC BY 4.0,Row with ID_marked = C-678 in the downloadable source workbook (Sheet1),
C-679,"Yang et al., CBMICD1.0 (2019)",https://doi.org/10.5281/zenodo.2704917,CC BY 4.0,Row with ID_marked = C-679 in the downloadable source workbook (Sheet1),
C-680,"Yang et al., CBMICD1.0 (2019)",https://doi.org/10.5281/zenodo.2704917,CC BY 4.0,Row with ID_marked = C-680 in the downloadable source workbook (Sheet1),
C-681,"Yang et al., CBMICD1.0 (2019)",https://doi.org/10.5281/zenodo.2704917,CC BY 4.0,Row with ID_marked = C-681 in the downloadable source workbook (Sheet1),
C-682,"Yang et al., CBMICD1.0 (2019)",https://doi.org/10.5281/zenodo.2704917,CC BY 4.0,Row with ID_marked = C-682 in the downloadable source workbook (Sheet1),
C-683,"Yang et al., CBMICD1.0 (2019)",https://doi.org/10.5281/zenodo.2704917,CC BY 4.0,Row with ID_marked = C-683 in the downloadable source workbook (Sheet1),
C-684,"Yang et al., CBMICD1.0 (2019)",https://doi.org/10.5281/zenodo.2704917,CC BY 4.0,Row with ID_marked = C-684 in the downloadable source workbook (Sheet1),
C-685,"Yang et al., CBMICD1.0 (2019)",https://doi.org/10.5281/zenodo.2704917,CC BY 4.0,Row with ID_marked = C-685 in the downloadable source workbook (Sheet1),
C-686,"Yang et al., CBMICD1.0 (2019)",https://doi.org/10.5281/zenodo.2704917,CC BY 4.0,Row with ID_marked = C-686 in the downloadable source workbook (Sheet1),
C-687,"Yang et al., CBMICD1.0 (2019)",https://doi.org/10.5281/zenodo.2704917,CC BY 4.0,Row with ID_marked = C-687 in the downloadable source workbook (Sheet1),
C-688,"Yang et al., CBMICD1.0 (2019)",https://doi.org/10.5281/zenodo.2704917,CC BY 4.0,Row with ID_marked = C-688 in the downloadable source workbook (Sheet1),
C-690,"Yang et al., CBMICD1.0 (2019)",https://doi.org/10.5281/zenodo.2704917,CC BY 4.0,Row with ID_marked = C-690 in the downloadable source workbook (Sheet1),
C-691,"Yang et al., CBMICD1.0 (2019)",https://doi.org/10.5281/zenodo.2704917,CC BY 4.0,Row with ID_marked = C-691 in the downloadable source workbook (Sheet1),
C-692,"Yang et al., CBMICD1.0 (2019)",https://doi.org/10.5281/zenodo.2704917,CC BY 4.0,Row with ID_marked = C-692 in the downloadable source workbook (Sheet1),
C-693,"Yang et al., CBMICD1.0 (2019)",https://doi.org/10.5281/zenodo.2704917,CC BY 4.0,Row with ID_marked = C-693 in the downloadable source workbook (Sheet1),
C-694,"Yang et al., CBMICD1.0 (2019)",https://doi.org/10.5281/zenodo.2704917,CC BY 4.0,Row with ID_marked = C-694 in the downloadable source workbook (Sheet1),
C-695,"Yang et al., CBMICD1.0 (2019)",https://doi.org/10.5281/zenodo.2704917,CC BY 4.0,Row with ID_marked = C-695 in the downloadable source workbook (Sheet1),
C-696,"Yang et al., CBMICD1.0 (2019)",https://doi.org/10.5281/zenodo.2704917,CC BY 4.0,Row with ID_marked = C-696 in the downloadable source workbook (Sheet1),
C-697,"Yang et al., CBMICD1.0 (2019)",https://doi.org/10.5281/zenodo.2704917,CC BY 4.0,Row with ID_marked = C-697 in the downloadable source workbook (Sheet1),
C-698,"Yang et al., CBMICD1.0 (2019)",https://doi.org/10.5281/zenodo.2704917,CC BY 4.0,Row with ID_marked = C-698 in the downloadable source workbook (Sheet1),
C-699,"Yang et al., CBMICD1.0 (2019)",https://doi.org/10.5281/zenodo.2704917,CC BY 4.0,Row with ID_marked = C-699 in the downloadable source workbook (Sheet1),
C-701,"Yang et al., CBMICD1.0 (2019)",https://doi.org/10.5281/zenodo.2704917,CC BY 4.0,Row with ID_marked = C-701 in the downloadable source workbook (Sheet1),
C-703,"Yang et al., CBMICD1.0 (2019)",https://doi.org/10.5281/zenodo.2704917,CC BY 4.0,Row with ID_marked = C-703 in the downloadable source workbook (Sheet1),
C-704,"Yang et al., CBMICD1.0 (2019)",https://doi.org/10.5281/zenodo.2704917,CC BY 4.0,Row with ID_marked = C-704 in the downloadable source workbook (Sheet1),
C-705,"Yang et al., CBMICD1.0 (2019)",https://doi.org/10.5281/zenodo.2704917,CC BY 4.0,Row with ID_marked = C-705 in the downloadable source workbook (Sheet1),
C-706,"Yang et al., CBMICD1.0 (2019)",https://doi.org/10.5281/zenodo.2704917,CC BY 4.0,Row with ID_marked = C-706 in the downloadable source workbook (Sheet1),
C-707,"Yang et al., CBMICD1.0 (2019)",https://doi.org/10.5281/zenodo.2704917,CC BY 4.0,Row with ID_marked = C-707 in the downloadable source workbook (Sheet1),
C-708,"Yang et al., CBMICD1.0 (2019)",https://doi.org/10.5281/zenodo.2704917,CC BY 4.0,Row with ID_marked = C-708 in the downloadable source workbook (Sheet1),
C-709,"Yang et al., CBMICD1.0 (2019)",https://doi.org/10.5281/zenodo.2704917,CC BY 4.0,Row with ID_marked = C-709 in the downloadable source workbook (Sheet1),
C-710,"Yang et al., CBMICD1.0 (2019)",https://doi.org/10.5281/zenodo.2704917,CC BY 4.0,Row with ID_marked = C-710 in the downloadable source workbook (Sheet1),
C-711,"Yang et al., CBMICD1.0 (2019)",https://doi.org/10.5281/zenodo.2704917,CC BY 4.0,Row with ID_marked = C-711 in the downloadable source workbook (Sheet1),
C-712,"Yang et al., CBMICD1.0 (2019)",https://doi.org/10.5281/zenodo.2704917,CC BY 4.0,Row with ID_marked = C-712 in the downloadable source workbook (Sheet1),
C-716,"Yang et al., CBMICD1.0 (2019)",https://doi.org/10.5281/zenodo.2704917,CC BY 4.0,Row with ID_marked = C-716 in the downloadable source workbook (Sheet1),
C-718,"Yang et al., CBMICD1.0 (2019)",https://doi.org/10.5281/zenodo.2704917,CC BY 4.0,Row with ID_marked = C-718 in the downloadable source workbook (Sheet1),
C-719,"Yang et al., CBMICD1.0 (2019)",https://doi.org/10.5281/zenodo.2704917,CC BY 4.0,Row with ID_marked = C-719 in the downloadable source workbook (Sheet1),
C-720,"Yang et al., CBMICD1.0 (2019)",https://doi.org/10.5281/zenodo.2704917,CC BY 4.0,Row with ID_marked = C-720 in the downloadable source workbook (Sheet1),
C-722,"Yang et al., CBMICD1.0 (2019)",https://doi.org/10.5281/zenodo.2704917,CC BY 4.0,Row with ID_marked = C-722 in the downloadable source workbook (Sheet1),
C-723,"Yang et al., CBMICD1.0 (2019)",https://doi.org/10.5281/zenodo.2704917,CC BY 4.0,Row with ID_marked = C-723 in the downloadable source workbook (Sheet1),
C-724,"Yang et al., CBMICD1.0 (2019)",https://doi.org/10.5281/zenodo.2704917,CC BY 4.0,Row with ID_marked = C-724 in the downloadable source workbook (Sheet1),
C-726,"Yang et al., CBMICD1.0 (2019)",https://doi.org/10.5281/zenodo.2704917,CC BY 4.0,Row with ID_marked = C-726 in the downloadable source workbook (Sheet1),
C-728,"Yang et al., CBMICD1.0 (2019)",https://doi.org/10.5281/zenodo.2704917,CC BY 4.0,Row with ID_marked = C-728 in the downloadable source workbook (Sheet1),
C-729,"Yang et al., CBMICD1.0 (2019)",https://doi.org/10.5281/zenodo.2704917,CC BY 4.0,Row with ID_marked = C-729 in the downloadable source workbook (Sheet1),
C-730,"Yang et al., CBMICD1.0 (2019)",https://doi.org/10.5281/zenodo.2704917,CC BY 4.0,Row with ID_marked = C-730 in the downloadable source workbook (Sheet1),
C-731,"Yang et al., CBMICD1.0 (2019)",https://doi.org/10.5281/zenodo.2704917,CC BY 4.0,Row with ID_marked = C-731 in the downloadable source workbook (Sheet1),
C-732,"Yang et al., CBMICD1.0 (2019)",https://doi.org/10.5281/zenodo.2704917,CC BY 4.0,Row with ID_marked = C-732 in the downloadable source workbook (Sheet1),
C-733,"Yang et al., CBMICD1.0 (2019)",https://doi.org/10.5281/zenodo.2704917,CC BY 4.0,Row with ID_marked = C-733 in the downloadable source workbook (Sheet1),
C-734,"Yang et al., CBMICD1.0 (2019)",https://doi.org/10.5281/zenodo.2704917,CC BY 4.0,Row with ID_marked = C-734 in the downloadable source workbook (Sheet1),
C-735,"Yang et al., CBMICD1.0 (2019)",https://doi.org/10.5281/zenodo.2704917,CC BY 4.0,Row with ID_marked = C-735 in the downloadable source workbook (Sheet1),
C-739,"Yang et al., CBMICD1.0 (2019)",https://doi.org/10.5281/zenodo.2704917,CC BY 4.0,Row with ID_marked = C-739 in the downloadable source workbook (Sheet1),
C-740,"Yang et al., CBMICD1.0 (2019)",https://doi.org/10.5281/zenodo.2704917,CC BY 4.0,Row with ID_marked = C-740 in the downloadable source workbook (Sheet1),
C-741,"Yang et al., CBMICD1.0 (2019)",https://doi.org/10.5281/zenodo.2704917,CC BY 4.0,Row with ID_marked = C-741 in the downloadable source workbook (Sheet1),
C-743,"Yang et al., CBMICD1.0 (2019)",https://doi.org/10.5281/zenodo.2704917,CC BY 4.0,Row with ID_marked = C-743 in the downloadable source workbook (Sheet1),
C-745,"Yang et al., CBMICD1.0 (2019)",https://doi.org/10.5281/zenodo.2704917,CC BY 4.0,Row with ID_marked = C-745 in the downloadable source workbook (Sheet1),
C-746,"Yang et al., CBMICD1.0 (2019)",https://doi.org/10.5281/zenodo.2704917,CC BY 4.0,Row with ID_marked = C-746 in the downloadable source workbook (Sheet1),
C-747,"Yang et al., CBMICD1.0 (2019)",https://doi.org/10.5281/zenodo.2704917,CC BY 4.0,Row with ID_marked = C-747 in the downloadable source workbook (Sheet1),
C-748,"Yang et al., CBMICD1.0 (2019)",https://doi.org/10.5281/zenodo.2704917,CC BY 4.0,Row with ID_marked = C-748 in the downloadable source workbook (Sheet1),
C-749,"Yang et al., CBMICD1.0 (2019)",https://doi.org/10.5281/zenodo.2704917,CC BY 4.0,Row with ID_marked = C-749 in the downloadable source workbook (Sheet1),
C-750,"Yang et al., CBMICD1.0 (2019)",https://doi.org/10.5281/zenodo.2704917,CC BY 4.0,Row with ID_marked = C-750 in the downloadable source workbook (Sheet1),
C-751,"Yang et al., CBMICD1.0 (2019)",https://doi.org/10.5281/zenodo.2704917,CC BY 4.0,Row with ID_marked = C-751 in the downloadable source workbook (Sheet1),
C-752,"Yang et al., CBMICD1.0 (2019)",https://doi.org/10.5281/zenodo.2704917,CC BY 4.0,Row with ID_marked = C-752 in the downloadable source workbook (Sheet1),
C-753,"Yang et al., CBMICD1.0 (2019)",https://doi.org/10.5281/zenodo.2704917,CC BY 4.0,Row with ID_marked = C-753 in the downloadable source workbook (Sheet1),
C-754,"Yang et al., CBMICD1.0 (2019)",https://doi.org/10.5281/zenodo.2704917,CC BY 4.0,Row with ID_marked = C-754 in the downloadable source workbook (Sheet1),
C-755,"Yang et al., CBMICD1.0 (2019)",https://doi.org/10.5281/zenodo.2704917,CC BY 4.0,Row with ID_marked = C-755 in the downloadable source workbook (Sheet1),
C-756,"Yang et al., CBMICD1.0 (2019)",https://doi.org/10.5281/zenodo.2704917,CC BY 4.0,Row with ID_marked = C-756 in the downloadable source workbook (Sheet1),
C-757,"Yang et al., CBMICD1.0 (2019)",https://doi.org/10.5281/zenodo.2704917,CC BY 4.0,Row with ID_marked = C-757 in the downloadable source workbook (Sheet1),
C-758,"Yang et al., CBMICD1.0 (2019)",https://doi.org/10.5281/zenodo.2704917,CC BY 4.0,Row with ID_marked = C-758 in the downloadable source workbook (Sheet1),
C-759,"Yang et al., CBMICD1.0 (2019)",https://doi.org/10.5281/zenodo.2704917,CC BY 4.0,Row with ID_marked = C-759 in the downloadable source workbook (Sheet1),
C-760,"Yang et al., CBMICD1.0 (2019)",https://doi.org/10.5281/zenodo.2704917,CC BY 4.0,Row with ID_marked = C-760 in the downloadable source workbook (Sheet1),
C-761,"Yang et al., CBMICD1.0 (2019)",https://doi.org/10.5281/zenodo.2704917,CC BY 4.0,Row with ID_marked = C-761 in the downloadable source workbook (Sheet1),
C-763,"Yang et al., CBMICD1.0 (2019)",https://doi.org/10.5281/zenodo.2704917,CC BY 4.0,Row with ID_marked = C-763 in the downloadable source workbook (Sheet1),
C-765,"Yang et al., CBMICD1.0 (2019)",https://doi.org/10.5281/zenodo.2704917,CC BY 4.0,Row with ID_marked = C-765 in the downloadable source workbook (Sheet1),
C-769,"Yang et al., CBMICD1.0 (2019)",https://doi.org/10.5281/zenodo.2704917,CC BY 4.0,Row with ID_marked = C-769 in the downloadable source workbook (Sheet1),
C-770,"Yang et al., CBMICD1.0 (2019)",https://doi.org/10.5281/zenodo.2704917,CC BY 4.0,Row with ID_marked = C-770 in the downloadable source workbook (Sheet1),
C-771,"Yang et al., CBMICD1.0 (2019)",https://doi.org/10.5281/zenodo.2704917,CC BY 4.0,Row with ID_marked = C-771 in the downloadable source workbook (Sheet1),
C-772,"Yang et al., CBMICD1.0 (2019)",https://doi.org/10.5281/zenodo.2704917,CC BY 4.0,Row with ID_marked = C-772 in the downloadable source workbook (Sheet1),
C-773,"Yang et al., CBMICD1.0 (2019)",https://doi.org/10.5281/zenodo.2704917,CC BY 4.0,Row with ID_marked = C-773 in the downloadable source workbook (Sheet1),
C-774,"Yang et al., CBMICD1.0 (2019)",https://doi.org/10.5281/zenodo.2704917,CC BY 4.0,Row with ID_marked = C-774 in the downloadable source workbook (Sheet1),
C-775,"Yang et al., CBMICD1.0 (2019)",https://doi.org/10.5281/zenodo.2704917,CC BY 4.0,Row with ID_marked = C-775 in the downloadable source workbook (Sheet1),
C-776,"Yang et al., CBMICD1.0 (2019)",https://doi.org/10.5281/zenodo.2704917,CC BY 4.0,Row with ID_marked = C-776 in the downloadable source workbook (Sheet1),
C-777,"Yang et al., CBMICD1.0 (2019)",https://doi.org/10.5281/zenodo.2704917,CC BY 4.0,Row with ID_marked = C-777 in the downloadable source workbook (Sheet1),
C-778,"Yang et al., CBMICD1.0 (2019)",https://doi.org/10.5281/zenodo.2704917,CC BY 4.0,Row with ID_marked = C-778 in the downloadable source workbook (Sheet1),
C-779,"Yang et al., CBMICD1.0 (2019)",https://doi.org/10.5281/zenodo.2704917,CC BY 4.0,Row with ID_marked = C-779 in the downloadable source workbook (Sheet1),
C-780,"Yang et al., CBMICD1.0 (2019)",https://doi.org/10.5281/zenodo.2704917,CC BY 4.0,Row with ID_marked = C-780 in the downloadable source workbook (Sheet1),
C-781,"Yang et al., CBMICD1.0 (2019)",https://doi.org/10.5281/zenodo.2704917,CC BY 4.0,Row with ID_marked = C-781 in the downloadable source workbook (Sheet1),
C-782,"Yang et al., CBMICD1.0 (2019)",https://doi.org/10.5281/zenodo.2704917,CC BY 4.0,Row with ID_marked = C-782 in the downloadable source workbook (Sheet1),
C-783,"Yang et al., CBMICD1.0 (2019)",https://doi.org/10.5281/zenodo.2704917,CC BY 4.0,Row with ID_marked = C-783 in the downloadable source workbook (Sheet1),
C-784,"Yang et al., CBMICD1.0 (2019)",https://doi.org/10.5281/zenodo.2704917,CC BY 4.0,Row with ID_marked = C-784 in the downloadable source workbook (Sheet1),
C-785,"Yang et al., CBMICD1.0 (2019)",https://doi.org/10.5281/zenodo.2704917,CC BY 4.0,Row with ID_marked = C-785 in the downloadable source workbook (Sheet1),
C-786,"Yang et al., CBMICD1.0 (2019)",https://doi.org/10.5281/zenodo.2704917,CC BY 4.0,Row with ID_marked = C-786 in the downloadable source workbook (Sheet1),
C-787,"Yang et al., CBMICD1.0 (2019)",https://doi.org/10.5281/zenodo.2704917,CC BY 4.0,Row with ID_marked = C-787 in the downloadable source workbook (Sheet1),
C-788,"Yang et al., CBMICD1.0 (2019)",https://doi.org/10.5281/zenodo.2704917,CC BY 4.0,Row with ID_marked = C-788 in the downloadable source workbook (Sheet1),
C-789,"Yang et al., CBMICD1.0 (2019)",https://doi.org/10.5281/zenodo.2704917,CC BY 4.0,Row with ID_marked = C-789 in the downloadable source workbook (Sheet1),
C-790,"Yang et al., CBMICD1.0 (2019)",https://doi.org/10.5281/zenodo.2704917,CC BY 4.0,Row with ID_marked = C-790 in the downloadable source workbook (Sheet1),
C-791,"Yang et al., CBMICD1.0 (2019)",https://doi.org/10.5281/zenodo.2704917,CC BY 4.0,Row with ID_marked = C-791 in the downloadable source workbook (Sheet1),
C-792,"Yang et al., CBMICD1.0 (2019)",https://doi.org/10.5281/zenodo.2704917,CC BY 4.0,Row with ID_marked = C-792 in the downloadable source workbook (Sheet1),
C-793,"Yang et al., CBMICD1.0 (2019)",https://doi.org/10.5281/zenodo.2704917,CC BY 4.0,Row with ID_marked = C-793 in the downloadable source workbook (Sheet1),
C-794,"Yang et al., CBMICD1.0 (2019)",https://doi.org/10.5281/zenodo.2704917,CC BY 4.0,Row with ID_marked = C-794 in the downloadable source workbook (Sheet1),
C-795,"Yang et al., CBMICD1.0 (2019)",https://doi.org/10.5281/zenodo.2704917,CC BY 4.0,Row with ID_marked = C-795 in the downloadable source workbook (Sheet1),
C-796,"Yang et al., CBMICD1.0 (2019)",https://doi.org/10.5281/zenodo.2704917,CC BY 4.0,Row with ID_marked = C-796 in the downloadable source workbook (Sheet1),
C-797,"Yang et al., CBMICD1.0 (2019)",https://doi.org/10.5281/zenodo.2704917,CC BY 4.0,Row with ID_marked = C-797 in the downloadable source workbook (Sheet1),
C-798,"Yang et al., CBMICD1.0 (2019)",https://doi.org/10.5281/zenodo.2704917,CC BY 4.0,Row with ID_marked = C-798 in the downloadable source workbook (Sheet1),
C-799,"Yang et al., CBMICD1.0 (2019)",https://doi.org/10.5281/zenodo.2704917,CC BY 4.0,Row with ID_marked = C-799 in the downloadable source workbook (Sheet1),
C-800,"Yang et al., CBMICD1.0 (2019)",https://doi.org/10.5281/zenodo.2704917,CC BY 4.0,Row with ID_marked = C-800 in the downloadable source workbook (Sheet1),
C-801,"Yang et al., CBMICD1.0 (2019)",https://doi.org/10.5281/zenodo.2704917,CC BY 4.0,Row with ID_marked = C-801 in the downloadable source workbook (Sheet1),
C-802,"Yang et al., CBMICD1.0 (2019)",https://doi.org/10.5281/zenodo.2704917,CC BY 4.0,Row with ID_marked = C-802 in the downloadable source workbook (Sheet1),
C-803,"Yang et al., CBMICD1.0 (2019)",https://doi.org/10.5281/zenodo.2704917,CC BY 4.0,Row with ID_marked = C-803 in the downloadable source workbook (Sheet1),
C-804,"Yang et al., CBMICD1.0 (2019)",https://doi.org/10.5281/zenodo.2704917,CC BY 4.0,Row with ID_marked = C-804 in the downloadable source workbook (Sheet1),
C-805,"Yang et al., CBMICD1.0 (2019)",https://doi.org/10.5281/zenodo.2704917,CC BY 4.0,Row with ID_marked = C-805 in the downloadable source workbook (Sheet1),
C-808,"Yang et al., CBMICD1.0 (2019)",https://doi.org/10.5281/zenodo.2704917,CC BY 4.0,Row with ID_marked = C-808 in the downloadable source workbook (Sheet1),
C-809,"Yang et al., CBMICD1.0 (2019)",https://doi.org/10.5281/zenodo.2704917,CC BY 4.0,Row with ID_marked = C-809 in the downloadable source workbook (Sheet1),
C-810,"Yang et al., CBMICD1.0 (2019)",https://doi.org/10.5281/zenodo.2704917,CC BY 4.0,Row with ID_marked = C-810 in the downloadable source workbook (Sheet1),
C-811,"Yang et al., CBMICD1.0 (2019)",https://doi.org/10.5281/zenodo.2704917,CC BY 4.0,Row with ID_marked = C-811 in the downloadable source workbook (Sheet1),
C-813,"Yang et al., CBMICD1.0 (2019)",https://doi.org/10.5281/zenodo.2704917,CC BY 4.0,Row with ID_marked = C-813 in the downloadable source workbook (Sheet1),
S-1,Singapore local records (this study),n/a - primary data,CC BY 4.0 (part of main release file),Compiled directly by the authors; see manuscript Sect. 2.1 for collection method,
S-2,Singapore local records (this study),n/a - primary data,CC BY 4.0 (part of main release file),Compiled directly by the authors; see manuscript Sect. 2.1 for collection method,
S-3,Singapore local records (this study),n/a - primary data,CC BY 4.0 (part of main release file),Compiled directly by the authors; see manuscript Sect. 2.1 for collection method,
S-4,Singapore local records (this study),n/a - primary data,CC BY 4.0 (part of main release file),Compiled directly by the authors; see manuscript Sect. 2.1 for collection method,
S-5,Singapore local records (this study),n/a - primary data,CC BY 4.0 (part of main release file),Compiled directly by the authors; see manuscript Sect. 2.1 for collection method,
S-6,Singapore local records (this study),n/a - primary data,CC BY 4.0 (part of main release file),Compiled directly by the authors; see manuscript Sect. 2.1 for collection method,
S-7,Singapore local records (this study),n/a - primary data,CC BY 4.0 (part of main release file),Compiled directly by the authors; see manuscript Sect. 2.1 for collection method,
S-8,Singapore local records (this study),n/a - primary data,CC BY 4.0 (part of main release file),Compiled directly by the authors; see manuscript Sect. 2.1 for collection method,
S-9,Singapore local records (this study),n/a - primary data,CC BY 4.0 (part of main release file),Compiled directly by the authors; see manuscript Sect. 2.1 for collection method,
S-10,Singapore local records (this study),n/a - primary data,CC BY 4.0 (part of main release file),Compiled directly by the authors; see manuscript Sect. 2.1 for collection method,
S-11,Singapore local records (this study),n/a - primary data,CC BY 4.0 (part of main release file),Compiled directly by the authors; see manuscript Sect. 2.1 for collection method,
S-12,Singapore local records (this study),n/a - primary data,CC BY 4.0 (part of main release file),Compiled directly by the authors; see manuscript Sect. 2.1 for collection method,
S-13,Singapore local records (this study),n/a - primary data,CC BY 4.0 (part of main release file),Compiled directly by the authors; see manuscript Sect. 2.1 for collection method,
S-14,Singapore local records (this study),n/a - primary data,CC BY 4.0 (part of main release file),Compiled directly by the authors; see manuscript Sect. 2.1 for collection method,
S-15,Singapore local records (this study),n/a - primary data,CC BY 4.0 (part of main release file),Compiled directly by the authors; see manuscript Sect. 2.1 for collection method,
S-16,Singapore local records (this study),n/a - primary data,CC BY 4.0 (part of main release file),Compiled directly by the authors; see manuscript Sect. 2.1 for collection method,
S-17,Singapore local records (this study),n/a - primary data,CC BY 4.0 (part of main release file),Compiled directly by the authors; see manuscript Sect. 2.1 for collection method,
S-18,Singapore local records (this study),n/a - primary data,CC BY 4.0 (part of main release file),Compiled directly by the authors; see manuscript Sect. 2.1 for collection method,
S-19,Singapore local records (this study),n/a - primary data,CC BY 4.0 (part of main release file),Compiled directly by the authors; see manuscript Sect. 2.1 for collection method,
S-20,Singapore local records (this study),n/a - primary data,CC BY 4.0 (part of main release file),Compiled directly by the authors; see manuscript Sect. 2.1 for collection method,
S-21,Singapore local records (this study),n/a - primary data,CC BY 4.0 (part of main release file),Compiled directly by the authors; see manuscript Sect. 2.1 for collection method,
S-22,Singapore local records (this study),n/a - primary data,CC BY 4.0 (part of main release file),Compiled directly by the authors; see manuscript Sect. 2.1 for collection method,
S-23,Singapore local records (this study),n/a - primary data,CC BY 4.0 (part of main release file),Compiled directly by the authors; see manuscript Sect. 2.1 for collection method,
S-24,Singapore local records (this study),n/a - primary data,CC BY 4.0 (part of main release file),Compiled directly by the authors; see manuscript Sect. 2.1 for collection method,
S-25,Singapore local records (this study),n/a - primary data,CC BY 4.0 (part of main release file),Compiled directly by the authors; see manuscript Sect. 2.1 for collection method,
S-26,Singapore local records (this study),n/a - primary data,CC BY 4.0 (part of main release file),Compiled directly by the authors; see manuscript Sect. 2.1 for collection method,
S-27,Singapore local records (this study),n/a - primary data,CC BY 4.0 (part of main release file),Compiled directly by the authors; see manuscript Sect. 2.1 for collection method,
S-28,Singapore local records (this study),n/a - primary data,CC BY 4.0 (part of main release file),Compiled directly by the authors; see manuscript Sect. 2.1 for collection method,
S-29,Singapore local records (this study),n/a - primary data,CC BY 4.0 (part of main release file),Compiled directly by the authors; see manuscript Sect. 2.1 for collection method,
S-30,Singapore local records (this study),n/a - primary data,CC BY 4.0 (part of main release file),Compiled directly by the authors; see manuscript Sect. 2.1 for collection method,
S-31,Singapore local records (this study),n/a - primary data,CC BY 4.0 (part of main release file),Compiled directly by the authors; see manuscript Sect. 2.1 for collection method,
S-32,Singapore local records (this study),n/a - primary data,CC BY 4.0 (part of main release file),Compiled directly by the authors; see manuscript Sect. 2.1 for collection method,
S-33,Singapore local records (this study),n/a - primary data,CC BY 4.0 (part of main release file),Compiled directly by the authors; see manuscript Sect. 2.1 for collection method,
S-34,Singapore local records (this study),n/a - primary data,CC BY 4.0 (part of main release file),Compiled directly by the authors; see manuscript Sect. 2.1 for collection method,
S-35,Singapore local records (this study),n/a - primary data,CC BY 4.0 (part of main release file),Compiled directly by the authors; see manuscript Sect. 2.1 for collection method,
S-36,Singapore local records (this study),n/a - primary data,CC BY 4.0 (part of main release file),Compiled directly by the authors; see manuscript Sect. 2.1 for collection method,
S-37,Singapore local records (this study),n/a - primary data,CC BY 4.0 (part of main release file),Compiled directly by the authors; see manuscript Sect. 2.1 for collection method,
S-38,Singapore local records (this study),n/a - primary data,CC BY 4.0 (part of main release file),Compiled directly by the authors; see manuscript Sect. 2.1 for collection method,
S-39,Singapore local records (this study),n/a - primary data,CC BY 4.0 (part of main release file),Compiled directly by the authors; see manuscript Sect. 2.1 for collection method,
S-40,Singapore local records (this study),n/a - primary data,CC BY 4.0 (part of main release file),Compiled directly by the authors; see manuscript Sect. 2.1 for collection method,
S-41,Singapore local records (this study),n/a - primary data,CC BY 4.0 (part of main release file),Compiled directly by the authors; see manuscript Sect. 2.1 for collection method,
S-42,Singapore local records (this study),n/a - primary data,CC BY 4.0 (part of main release file),Compiled directly by the authors; see manuscript Sect. 2.1 for collection method,
S-43,Singapore local records (this study),n/a - primary data,CC BY 4.0 (part of main release file),Compiled directly by the authors; see manuscript Sect. 2.1 for collection method,
S-44,Singapore local records (this study),n/a - primary data,CC BY 4.0 (part of main release file),Compiled directly by the authors; see manuscript Sect. 2.1 for collection method,
S-45,Singapore local records (this study),n/a - primary data,CC BY 4.0 (part of main release file),Compiled directly by the authors; see manuscript Sect. 2.1 for collection method,
S-46,Singapore local records (this study),n/a - primary data,CC BY 4.0 (part of main release file),Compiled directly by the authors; see manuscript Sect. 2.1 for collection method,
S-47,Singapore local records (this study),n/a - primary data,CC BY 4.0 (part of main release file),Compiled directly by the authors; see manuscript Sect. 2.1 for collection method,
S-48,Singapore local records (this study),n/a - primary data,CC BY 4.0 (part of main release file),Compiled directly by the authors; see manuscript Sect. 2.1 for collection method,
S-49,Singapore local records (this study),n/a - primary data,CC BY 4.0 (part of main release file),Compiled directly by the authors; see manuscript Sect. 2.1 for collection method,
S-50,Singapore local records (this study),n/a - primary data,CC BY 4.0 (part of main release file),Compiled directly by the authors; see manuscript Sect. 2.1 for collection method,
S-51,Singapore local records (this study),n/a - primary data,CC BY 4.0 (part of main release file),Compiled directly by the authors; see manuscript Sect. 2.1 for collection method,
S-52,Singapore local records (this study),n/a - primary data,CC BY 4.0 (part of main release file),Compiled directly by the authors; see manuscript Sect. 2.1 for collection method,
S-53,Singapore local records (this study),n/a - primary data,CC BY 4.0 (part of main release file),Compiled directly by the authors; see manuscript Sect. 2.1 for collection method,
S-54,Singapore local records (this study),n/a - primary data,CC BY 4.0 (part of main release file),Compiled directly by the authors; see manuscript Sect. 2.1 for collection method,
S-55,Singapore local records (this study),n/a - primary data,CC BY 4.0 (part of main release file),Compiled directly by the authors; see manuscript Sect. 2.1 for collection method,
S-56,Singapore local records (this study),n/a - primary data,CC BY 4.0 (part of main release file),Compiled directly by the authors; see manuscript Sect. 2.1 for collection method,
S-57,Singapore local records (this study),n/a - primary data,CC BY 4.0 (part of main release file),Compiled directly by the authors; see manuscript Sect. 2.1 for collection method,
S-58,Singapore local records (this study),n/a - primary data,CC BY 4.0 (part of main release file),Compiled directly by the authors; see manuscript Sect. 2.1 for collection method,
S-59,Singapore local records (this study),n/a - primary data,CC BY 4.0 (part of main release file),Compiled directly by the authors; see manuscript Sect. 2.1 for collection method,
S-60,Singapore local records (this study),n/a - primary data,CC BY 4.0 (part of main release file),Compiled directly by the authors; see manuscript Sect. 2.1 for collection method,
S-61,Singapore local records (this study),n/a - primary data,CC BY 4.0 (part of main release file),Compiled directly by the authors; see manuscript Sect. 2.1 for collection method,
S-62,Singapore local records (this study),n/a - primary data,CC BY 4.0 (part of main release file),Compiled directly by the authors; see manuscript Sect. 2.1 for collection method,
S-63,Singapore local records (this study),n/a - primary data,CC BY 4.0 (part of main release file),Compiled directly by the authors; see manuscript Sect. 2.1 for collection method,
S-64,Singapore local records (this study),n/a - primary data,CC BY 4.0 (part of main release file),Compiled directly by the authors; see manuscript Sect. 2.1 for collection method,
S-65,Singapore local records (this study),n/a - primary data,CC BY 4.0 (part of main release file),Compiled directly by the authors; see manuscript Sect. 2.1 for collection method,
S-66,Singapore local records (this study),n/a - primary data,CC BY 4.0 (part of main release file),Compiled directly by the authors; see manuscript Sect. 2.1 for collection method,
S-67,Singapore local records (this study),n/a - primary data,CC BY 4.0 (part of main release file),Compiled directly by the authors; see manuscript Sect. 2.1 for collection method,
S-68,Singapore local records (this study),n/a - primary data,CC BY 4.0 (part of main release file),Compiled directly by the authors; see manuscript Sect. 2.1 for collection method,
S-69,Singapore local records (this study),n/a - primary data,CC BY 4.0 (part of main release file),Compiled directly by the authors; see manuscript Sect. 2.1 for collection method,
S-70,Singapore local records (this study),n/a - primary data,CC BY 4.0 (part of main release file),Compiled directly by the authors; see manuscript Sect. 2.1 for collection method,
S-71,Singapore local records (this study),n/a - primary data,CC BY 4.0 (part of main release file),Compiled directly by the authors; see manuscript Sect. 2.1 for collection method,
S-72,Singapore local records (this study),n/a - primary data,CC BY 4.0 (part of main release file),Compiled directly by the authors; see manuscript Sect. 2.1 for collection method,
S-73,Singapore local records (this study),n/a - primary data,CC BY 4.0 (part of main release file),Compiled directly by the authors; see manuscript Sect. 2.1 for collection method,
S-74,Singapore local records (this study),n/a - primary data,CC BY 4.0 (part of main release file),Compiled directly by the authors; see manuscript Sect. 2.1 for collection method,
S-75,Singapore local records (this study),n/a - primary data,CC BY 4.0 (part of main release file),Compiled directly by the authors; see manuscript Sect. 2.1 for collection method,
S-76,Singapore local records (this study),n/a - primary data,CC BY 4.0 (part of main release file),Compiled directly by the authors; see manuscript Sect. 2.1 for collection method,
S-77,Singapore local records (this study),n/a - primary data,CC BY 4.0 (part of main release file),Compiled directly by the authors; see manuscript Sect. 2.1 for collection method,
S-78,Singapore local records (this study),n/a - primary data,CC BY 4.0 (part of main release file),Compiled directly by the authors; see manuscript Sect. 2.1 for collection method,
S-79,Singapore local records (this study),n/a - primary data,CC BY 4.0 (part of main release file),Compiled directly by the authors; see manuscript Sect. 2.1 for collection method,
S-80,Singapore local records (this study),n/a - primary data,CC BY 4.0 (part of main release file),Compiled directly by the authors; see manuscript Sect. 2.1 for collection method,
